product_id,product_name,main_category,subcategory,brand,cost_price,selling_price,profit_margin,weight_kg,dimensions,stock_quantity,supplier,rating,description,is_active
PROD_00000,Universal zero tolerance moderator,Beauty,Skincare,Williams-Rios,134.24,382.38,248.14,0.22,40x20x22,22,Torres Ltd,4.8,Eight paper whose remember hour almost. Game cold claim field wonder professor. When become at two.,True
PROD_00001,Public-key optimizing portal,Electronics,Cameras,"Lee, Anderson and Evans",332.45,563.82,231.37,3.42,10x9x22,94,Pierce PLC,4.9,Mr industry ask should away. Life financial rise. Past nation government.,True
PROD_00002,Exclusive empowering data-warehouse,Books,Children Books,Bennett Ltd,418.37,880.54,462.17,4.74,40x42x47,39,"Spencer, Wells and Hunter",4.7,"Actually plan may green talk coach. Per peace three land government music treatment apply.
Matter head it fear. Usually result fund mission itself black allow. About site phone like safe.",True
PROD_00003,Virtual optimal forecast,Sports,Team Sports,Shelton-Green,298.81,707.48,408.67,5.63,9x19x29,30,Moore-Carlson,4.4,Everyone reason weight cause station not short property. Scene all trade week type rule.,True
PROD_00004,Multi-layered 3rdgeneration success,Home & Kitchen,Home Decor,"Cox, Bowen and Brown",159.63,229.87,70.24,9.24,17x11x7,50,Kirby-Williams,4.2,"Weight past American. Threat claim save program human whom film. Although society possible one clearly she suddenly appear.
None assume here this team day us beyond. Debate president create good.",True
PROD_00005,Proactive bottom-line budgetary management,Fashion,Shoes,Wright Inc,171.26,511.68,340.42,7.69,12x45x12,0,Perez-Berry,4.8,Financial who sound serious. Yourself lead population couple at. Back my point issue find.,True
PROD_00006,Horizontal system-worthy implementation,Fashion,Shoes,"Brown, Mitchell and Wong",98.09,179.57,81.48,8.9,11x16x5,55,Perez-Thornton,3.2,"For animal course month. Whatever let hear wrong organization.
Assume fight surface international girl cell I. Difficult administration moment picture open present society.",True
PROD_00007,Extended client-server flexibility,Electronics,Laptops,,39.21,80.96,41.75,9.73,26x40x39,93,"House, Petersen and Wright",4.5,"Hospital although look miss. Tonight lawyer somebody mention trouble improve. Relate history black trial respond weight reveal.
Parent certainly sign. Watch responsibility major list.",True
PROD_00008,Synergistic upward-trending Internet solution,Fashion,Watches,"wilson, li and duran",337.22,975.21,637.99,3.86,10x7x11,87,"Gomez, Brennan and Griffin",3.1,"His page beyond perhaps billion part. Agency position drive wait.
Threat face voice another above performance mother teacher. Miss director read.",True
PROD_00009,Assimilated 4thgeneration workforce,Books,Fiction,Wiggins LLC,359.23,833.36,474.13,2.66,41x47x16,56,Ross Inc,4.5,Mrs nothing Mr position. Message direction work method difference job. Third scene suddenly hear southern.,True
PROD_00010,Re-engineered 3rdgeneration forecast,Fashion,Accessories,Brown LLC,113.95,309.42,195.47,9.73,49x21x18,0,"Roberts, Garcia and Spencer",4.4,Water discover arm shoulder relate up. Any hospital mention. Quite stop Congress though state the different.,False
PROD_00011,Decentralized impactful structure,Home & Kitchen,Furniture,Beasley PLC,452.33,1154.48,702.15,3.52,45x20x12,40,"Christian, Gordon and Palmer",4.0,"Car huge current win early former.
Idea surface behind site finish truth. Central pretty fly quality one. Watch sort with down surface newspaper many.",True
PROD_00012,Inverse non-volatile help-desk,Sports,Fitness Equipment,Hodge Ltd,475.38,1340.56,865.18,356.0,23x15x18,79,Coleman Group,4.9,Face establish number head yet treatment. Ok power trouble whether stand child serve. Traditional exist including leader heart himself.,True
PROD_00013,Re-contextualized dedicated knowledge user,Fashion,Watches,"dickson, morales and palmer",160.63,435.13,274.5,1.09,12x44x29,56,Rush-Fernandez,3.6,"Quickly sport page visit south. Prepare pretty school college care wife. Move cup true never today dream bad.
Capital economic something pattern total. Writer part teacher wind money.",True
PROD_00014,Visionary user-facing function,Books,Non-Fiction,James-Patterson,224.1,499.94,275.84,5.93,37x44x6,89,Lopez-Moreno,4.9,"Plan few high table. Difference a pass country wife push. Toward figure remember.
Become college fine include Congress might. Grow detail animal they. Loss yard tend fight last laugh.",True
PROD_00015,Right-sized analyzing synergy,Beauty,Fragrances,Jones-Fox,121.85,339.31,217.46,767.0,27x38x20,33,"Noble, Kennedy and Taylor",3.7,"Green doctor any determine lose natural commercial public. Hold senior candidate stage.
Body section contain film. Rich near these deep form. Prepare fact film pick oil he difficult.",True
PROD_00016,Cross-platform eco-centric forecast,Fashion,Accessories,Roberts-Golden,498.43,1090.89,592.46,5.36,16x33x16,37,Michael-Koch,3.4,People after develop suffer how role enter. Order hope oil law performance student as. Art response least issue.,True
PROD_00017,Ameliorated scalable Internet solution,Sports,Outdoor Gear,Washington-Page,106.86,303.63,196.77,8.59,14x9x16,31,Carter PLC,3.8,"Lay sing spring add. Truth seem interview stuff pretty also. Professional buy decide fall up college.
Anyone street easy stuff magazine professional. Threat soldier third father trial.",True
PROD_00018,De-engineered even-keeled capability,Beauty,Makeup,Fisher-Huffman,374.33,719.35,345.02,5.42,34x30x10,24,Walton Group,3.3,Strategy per method operation fund several forget girl. Stay difficult station conference central local money.,True
PROD_00019,Switchable web-enabled function,Books,Educational,Lee-Clark,429.67,1101.83,672.16,4.79,48x8x20,110,"Martinez, Caldwell and Newton",3.7,"Under particular process exactly according. Rest green glass realize type.
Enjoy front argue something. Despite send ahead care source about public kid.",True
PROD_00020,Customer-focused uniform toolset,Home & Kitchen,Furniture,"Lopez, Smith and Boyd",11.86,14.75,2.89,6.85,28x14x25,69,Martin and Sons,4.2,Ever according rise hour individual message. Kind position drop artist.,True
PROD_00021,Automated system-worthy paradigm,Sports,Outdoor Gear,,357.92,911.8,553.88,4.29,20x41x13,35,Lozano-Gardner,3.4,"Run stage meet gun center thank north improve.
Threat year fight of contain eye could.
Draw perform none security. Group one wrong have compare strategy.",True
PROD_00022,Multi-lateral logistical core,Fashion,Watches,Winters-Salinas,137.76,411.52,273.76,2.93,21x22x29,35,Edwards-Hudson,3.0,"Establish scientist his operation. Management receive authority describe bar dinner.
Front area we focus several task. Seek response pattern back ok she admit. Beat quickly discuss there begin.",True
PROD_00023,Future-proofed asynchronous moderator,Sports,Team Sports,Spence-French,118.95,202.29,83.34,4.72,8x47x40,63,Hernandez-Hill,4.3,Stuff here PM serve write another mind. National third piece himself realize thank. Door feel onto their gun.,True
PROD_00024,Exclusive foreground hub,Beauty,Makeup,Odom Inc,254.09,513.38,259.29,3.78,11x20x21,12,Foster Group,4.4,"Network bit here business. That too nothing race.
Tend plan floor whether read. Who offer strategy central forget beautiful interesting. Structure nothing vote sport program.",False
PROD_00025,Managed next generation capacity,Electronics,Cameras,Lee-Mcdaniel,34.5,100.87,66.37,0.49,29x10x43,35,Harris Group,3.1,"Act light allow. Real figure feel citizen.
School body test and. Sense sign them deal tough any which security.",True
PROD_00026,Cloned mission-critical Graphic Interface,Beauty,Hair Care,"Owens, White and Lewis",434.82,1261.04,826.22,1.95,48x26x20,50,"Camacho, Simpson and Nielsen",4.4,Determine lawyer dog tax late sit. Who traditional center save air money. Guess report between west.,True
PROD_00027,Reverse-engineered incremental migration,Fashion,Clothing,anderson-gilmore,483.34,1445.61,962.27,-1.0,43x28x15,122,Goodman-Grant,4.1,"Hold hotel camera fight out sound consider card. Likely teacher significant recognize according local modern.
Often debate smile space. Once information deep check.",True
PROD_00028,Multi-layered local moderator,Electronics,Smartphones,"Wilson, Fitzgerald and Archer",425.29,800.78,375.49,9.37,19x32x22,46,Sawyer and Sons,4.6,Throughout energy election important marriage. Over buy voice factor per. Across manage center report each guess close build.,True
PROD_00029,Re-engineered well-modulated website,SPORTS,Team Sports,Burnett PLC,344.91,730.36,385.45,8.27,42x49x20,17,"Jenkins, Rodriguez and Johnson",3.9,Identify senior claim appear forget voice much must. Better develop whether business. Black if show majority unit several.,True
PROD_00030,Cross-platform fresh-thinking open system,Electronics,Laptops,Crane Group,60.34,140.64,80.3,0.12,48x9x27,73,Kim Group,4.7,"Include provide fire check. Section lose move bill hard six. Son mention certainly political stop animal.
Allow travel show compare. Answer together west occur bit our then.",True
PROD_00031,Diverse user-facing firmware,Sports,Fitness Equipment,Bradley LLC,157.26,394.65,237.39,0.69,36x43x18,116,Ritter LLC,4.7,Pressure religious word I relationship wish gas. Herself from medical should game stand rather. Turn year suggest quite someone.,True
PROD_00032,Down-sized actuating project,Books,Fiction,Torres-Padilla,61.41,182.91,121.5,4.12,21x23x30,32,Brown Group,4.5,Television budget kitchen. Them have fact behind condition seven. Audience Democrat us seek research might. Be make ahead cost song.,True
PROD_00033,Devolved bi-directional model,SPORTS,Fitness Equipment,Dunn-Goodman,69.32,158.75,89.43,8.07,37x6x18,27,"Davila, Morris and Brewer",3.0,"Compare open want. Foot law recently culture peace. Shake fact drop.
Pull news agreement key. Clearly late eat sea hot between.
Style travel paper relate blue. Not product speak allow brother.",True
PROD_00034,Mandatory analyzing policy,Fashion,Accessories,Edwards Inc,173.37,299.09,125.72,9.2,21x33x24,33,"Mahoney, Turner and Bailey",4.0,Behind perform fly must line parent commercial. Her popular kitchen computer follow.,False
PROD_00035,Quality-focused empowering customer loyalty,Fashion,Watches,Cisneros Group,127.41,299.03,171.62,6.51,13x36x44,77,"Bauer, Davis and Jones",3.5,"Determine detail head imagine nothing. Far education strategy protect leader.
Paper pass woman talk citizen. According before total per relate daughter ask. Operation board six.",True
PROD_00036,Upgradable eco-centric algorithm,Beauty,Makeup,"Mack, Estrada and Cuevas",210.98,444.18,233.2,8.76,46x33x24,74,"Moore, Hill and Clark",3.9,"Present campaign he someone fine forget serve goal. Brother standard study fly executive become. Region gun note stay science no effort cover.
Expert attention go media.",True
PROD_00037,Virtual mission-critical knowledgebase,FASHION,Clothing,"Johnson, Myers and Lopez",27.41,49.25,21.84,1.41,16x10x16,45,Jones PLC,4.0,"Place special appear land. Relate course again administration capital exactly interview.
Early Congress author your everything job. High son dream.",False
PROD_00038,Ergonomic next generation attitude,Beauty,Hair Care,Martinez-Waters,110.8,238.52,127.72,4.05,36x23x46,39,"Carrillo, Ramirez and Terrell",3.6,"List among collection wind ahead. Brother start agree young. Near on spend western wall your.
Imagine finish successful along expect certain. Actually mouth safe tell different line.",True
PROD_00039,Fundamental system-worthy utilization,Home & Kitchen,Lighting,Rodriguez-Fernandez,64.7,126.16,61.46,5.62,23x19x35,62,Moses and Sons,4.3,"Black sit strategy. End alone fire arm own money plan.
Always save base effect hotel room fall. Paper wind toward human nation look factor. Throw important campaign anyone shake may several.",True
PROD_00040,Persistent multi-tasking complexity,Home & Kitchen,Home Decor,"Carpenter, Adams and Lowe",389.16,558.97,169.81,3.64,40x31x40,34,"Herman, Moody and Burnett",4.6,Light five dog apply yes model clearly really. From another couple point. Represent buy important chair music treat effect. Say election child collection later skin.,True
PROD_00041,Configurable heuristic initiative,Beauty,Hair Care,"Johnson, Garcia and Newton",241.65,518.15,276.5,0.37,46x48x18,71,"Scott, Weiss and Kennedy",4.3,Meeting go husband attack personal president city air. Build actually six industry standard billion nearly. Sign quality reveal expert food look.,True
PROD_00042,Re-engineered actuating website,Books,Children Books,Lee PLC,41.46,102.46,61.0,2.83,11x36x47,46,"Rivas, Davis and Robinson",4.9,"Card you name newspaper hotel coach chance. Task modern sea teach.
And organization degree against treatment. We evening community lot can bank step.",True
PROD_00043,Proactive clear-thinking leverage,Electronics,Headphones,"Lewis, Jones and Figueroa",470.97,1387.07,916.1,2.68,42x18x6,50,Hamilton-Huffman,4.8,"Believe experience hospital though throw hospital. Whatever wonder hotel increase room. Top director season color.
Determine yet administration mouth organization.",True
PROD_00044,Customizable actuating matrix,Home & Kitchen,Home Decor,White PLC,479.94,783.95,304.01,4.67,29x20x30,109,Wilson-Ayala,4.9,"Worry middle share near parent. Difficult main side consider space. Decision forward pass those firm professor.
Community level mouth. Race she among everybody individual the.",True
PROD_00045,Pre-emptive global productivity,Beauty,Hair Care,Mccoy Inc,175.89,276.52,100.63,9.59,10x15x11,31,"Carpenter, Ortiz and Miller",3.7,Speak against professional open person data order. Sea local bag seem federal north game.,False
PROD_00046,Stand-alone multi-tasking encryption,Fashion,Watches,Rodriguez PLC,294.65,866.97,572.32,0.85,5x9x46,22,Terry Group,3.1,"Different contain score move pretty development. Whose relationship worry any.
Challenge fire break understand especially power actually concern. Mission painting similar amount. On each can.",True
PROD_00047,Front-line system-worthy projection,Beauty,Hair Care,Hartman PLC,402.02,1002.76,600.74,4.77,24x16x40,14,Jones-Dalton,3.4,"Statement drop all. Idea mention hair security seven. Station do itself film.
Each station education. Into skin song technology fast suffer but.",True
PROD_00048,Programmable multi-state archive,Home & Kitchen,Lighting,"Joseph, Fitzgerald and Evans",490.09,805.04,314.95,9.55,22x14x35,83,Brooks Ltd,3.4,Partner cause bag institution. Majority body piece billion although. Past green thus concern ten politics Mr. System oil option old place.,True
PROD_00049,Robust homogeneous installation,Beauty,Skincare,Guerrero Group,299.21,697.61,398.4,-1.0,37x43x5,26,Campos Ltd,4.4,"Doctor sit those see. More six explain sign once forget. Theory newspaper start water allow.
Risk century during star decide could for tax. Bed the buy whom debate.",True
PROD_00050,Enhanced zero tolerance projection,Electronics,Laptops,Delgado and Sons,42.7,117.82,75.12,8.29,46x45x32,45,"Cook, Martinez and Perry",3.3,"Drive begin kitchen record director. Maintain space statement other. Stuff imagine ask recently.
Student network past part feel top. Exist particular large agency view once.",True
PROD_00051,Operative local open architecture,Beauty,Fragrances,Rubio Group,359.44,1002.48,643.04,5.95,9x7x20,36,Franklin Group,4.3,Series sign benefit coach light. My whom anyone while short nice me.,True
PROD_00052,Mandatory optimizing structure,Sports,Fitness Equipment,Wade Inc,100.5,211.42,110.92,8.86,21x45x42,85,Kirk Ltd,3.1,"Five citizen especially need.
One operation budget marriage agree walk.
Us area everybody must throw value. Painting behind tell determine man Congress say.",True
PROD_00053,Assimilated non-volatile function,Beauty,Skincare,,251.46,410.29,158.83,6.39,25x25x10,36,Hicks-Williams,3.6,"General will party. World when collection hot.
Suffer since good police visit. Start manage detail. Research executive turn herself.
Wear dinner stock near significant. Feeling key around situation.",True
PROD_00054,Sharable explicit workforce,Electronics,Tablets,"Ochoa, Hancock and Young",14.13,41.63,27.5,4.62,49x47x11,38,Dixon and Sons,4.5,"Soldier step art lead night discuss. Physical design bag surface available car.
Girl thus partner impact. Plant less notice weight strategy condition.",True
PROD_00055,Down-sized full-range extranet,Beauty,Hair Care,Mayer-Alexander,17.32,46.31,28.99,9.39,30x48x15,86,"Garcia, Reynolds and Best",4.1,"Level color require and provide voice. Training think break only. Second check speech drop impact.
Official able ability detail finally school. Agent keep idea organization.",True
PROD_00056,Programmable 24hour knowledge user,Home & Kitchen,Home Decor,Solis Ltd,392.66,822.62,429.96,2.14,9x5x15,51,"Liu, Garcia and Clements",4.8,"Civil treat enter like he. Trade what control voice.
Move receive situation key along play especially. Test manage whom side later.
Treat beyond card.",False
PROD_00057,De-engineered 5thgeneration analyzer,Electronics,Cameras,Murphy-Daniels,260.78,765.28,504.5,1.38,37x28x10,80,Austin-Mason,4.7,"Player enter control authority coach bit some consider. When none here. Line result about law.
Who technology join run each. Expert item former chair arm.",True
PROD_00058,Seamless heuristic analyzer,Electronics,Laptops,Suarez Group,469.16,950.5,481.34,6.78,28x24x42,0,Moran and Sons,3.6,"Bit movie possible affect ask wide. Baby company read carry their. Book never sing when relationship go chance.
Everybody sister hotel outside way. Like best heavy but seven animal.",True
PROD_00059,Multi-channeled client-driven methodology,Home & Kitchen,Lighting,Sullivan-Miller,341.12,674.26,333.14,7.67,15x36x10,52,Hopkins PLC,4.7,"Realize majority sense knowledge very bag consumer focus. Choice enough soon should six audience. Paper what green listen clearly government produce make.
Medical five trip.",True
PROD_00060,Front-line disintermediate projection,Books,Non-Fiction,Martin-Clark,372.7,613.65,240.95,3.75,46x18x23,42,Garrett Ltd,4.6,"Others interesting a election room unit choose. Study leave new explain state opportunity.
Forward share son successful media throw. Treat traditional guy traditional political American growth.",True
PROD_00061,Assimilated zero tolerance monitoring,Books,Fiction,"Estrada, Lam and Khan",452.46,945.72,493.26,7.42,45x31x39,42,Richardson-Spencer,3.7,Enough television but collection. End huge around realize network economy. Southern nation return risk two.,True
PROD_00062,Multi-channeled secondary emulation,Books,Non-Fiction,Parrish Ltd,252.95,514.64,261.69,3.93,9x33x11,89,Galloway-Graham,4.4,Simple chair some control table seven color. Mrs number home challenge speech hotel. Meeting above focus.,True
PROD_00063,Upgradable encompassing open system,Home & Kitchen,Lighting,"Casey, Scott and Medina",5.75,7.86,2.11,386.0,8x45x28,40,Ross Group,3.2,"Election white student entire. Use far goal opportunity character natural generation seek. Time itself where product.
Discussion idea little billion company. Source bad visit rate keep of affect.",True
PROD_00064,Focused context-sensitive methodology,Fashion,Shoes,Mason and Sons,479.17,1083.22,604.05,6.65,9x23x17,27,Rhodes-Turner,3.2,Choice do my home break friend. Claim another before could organization sport outside. Fish that suffer guess law himself ok.,True
PROD_00065,Compatible background parallelism,Books,Educational,Leonard-Taylor,361.56,804.57,443.01,7.27,37x17x37,46,Thomas-Gray,3.8,"Scene deal in deal act health.
Such short key whole anyone beat analysis. Budget base project majority lead she.",True
PROD_00066,Triple-buffered asymmetric utilization,Home & Kitchen,Kitchen Appliances,English LLC,436.68,678.0,241.32,4.87,6x23x31,109,"Stark, Murphy and Rogers",3.8,"Eat talk relationship spend read kid. Develop family baby then keep product. Or site her explain.
Spring star box discover. Name Democrat argue sign week.",True
PROD_00067,Adaptive mission-critical neural-net,Home & Kitchen,Lighting,"Rivera, Mills and Gill",75.52,171.44,95.92,8.3,42x29x45,53,Murphy Group,4.0,Alone even board add according minute. Commercial own carry cup. Important walk provide ok important send.,True
PROD_00068,Sharable holistic workforce,Home & Kitchen,Lighting,Lee-King,446.41,1248.38,801.97,9.18,23x20x15,58,Monroe-Hamilton,4.9,"Feel and policy stop answer we rock. Least benefit authority eight during.
Accept adult month sense meet task degree. According voice system low someone.",True
PROD_00069,Operative analyzing archive,Sports,Outdoor Gear,Johnson-Mcmillan,182.17,350.12,167.95,8.09,34x45x44,22,Clark PLC,4.0,"Nation someone rock. Century story phone quality when mention. See top simply people.
Travel begin yet.",True
PROD_00070,Polarized fault-tolerant budgetary management,Electronics,Smartphones,Lewis LLC,448.81,1083.6,634.79,1.85,27x49x36,41,"Crawford, Smith and Perez",4.0,"They plan consumer threat.
Party easy book American. Himself today place myself. May day same. Physical I example firm sound need into create.
Just Mrs movie. Receive move economic build.",True
PROD_00071,Expanded directional encryption,HOME & KITCHEN,Lighting,"Hayes, Lane and Parks",186.11,250.01,63.9,1.98,8x48x47,98,"Spence, Chambers and Mason",3.5,"Industry remember forward practice case fast. Magazine wrong summer test star eight.
Subject nor realize determine. Several recently clearly community cold guess stop.",True
PROD_00072,Business-focused systemic Graphic Interface,Fashion,Watches,Wolf Group,165.9,0.0,318.62,8.48,13x10x30,-50,"Garcia, Johnson and Hale",3.7,"Just professor soon spend wife record. Religious above hold.
Reach lot best let. Industry build set any fly decide decade page. Accept hour outside indicate laugh.",True
PROD_00073,Re-engineered client-driven toolset,Electronics,Laptops,Hernandez-Harper,131.99,231.89,99.9,5.67,22x43x12,38,"Byrd, Gonzalez and Woods",3.2,Require cost exactly card population subject serve property. Science reflect card authority baby sit. Service maybe contain dog grow beat.,True
PROD_00074,Organic next generation productivity,Sports,Fitness Equipment,"Stokes, Foster and Mitchell",394.64,1004.65,610.01,3.65,10x31x19,52,"Cox, Vance and Henry",4.5,Both point small community rather would difference. Born early laugh rich discussion. Become back describe finally discussion involve. Whose bring look design one movement draw generation.,True
PROD_00075,Persevering mobile info-mediaries,Beauty,Fragrances,"Young, Taylor and Harris",17.09,30.23,13.14,4.1,43x47x29,45,Harrison Group,3.1,"Better collection indeed. Evening blood woman ever win add inside. Environmental letter social.
Up crime line have. Week research board wind affect.",True
PROD_00076,Cross-group full-range secured line,Sports,Fitness Equipment,,34.08,79.39,45.31,9.82,41x42x34,30,"Yates, Long and Wilson",4.8,"Lay conference cut partner. None station artist yourself.
Cut talk everyone enjoy join. Visit always decide size.
Hit difference individual onto whom official college.",True
PROD_00077,Polarized systemic groupware,Beauty,Fragrances,Scott Group,330.94,418.05,87.11,5.6,46x6x10,30,Wolf Ltd,5.0,Resource argue either charge address just huge. Edge someone once system create assume recent. Worker among the guy worker vote black.,True
PROD_00078,Organized zero-defect database,Sports,Team Sports,Gonzalez-Snyder,94.01,163.29,69.28,0.14,18x33x32,60,Marsh-Thornton,3.1,"Serious source all task for. Fill pattern actually base because prevent.
Everybody easy positive real official street. Which nature choice office music. Again difficult difference.",True
PROD_00079,Customizable executive secured line,Books,Fiction,,462.39,1209.14,746.75,4.48,30x49x12,52,Cooke Ltd,4.4,"Street seem start history town true. Knowledge certain office majority. Face big send agency.
Center quickly professional some whom position care name. Friend ago year relationship however laugh.",True
PROD_00080,Cloned executive service-desk,BOOKS,Non-Fiction,Holt and Sons,358.42,480.05,121.63,0.66,45x6x20,54,Moore PLC,4.5,Because safe phone phone audience large argue finish. Process feeling structure blue plant time.,True
PROD_00081,De-engineered clear-thinking alliance,Electronics,Tablets,Austin Ltd,289.44,466.36,176.92,9.65,18x6x37,62,"Sparks, Ford and Douglas",4.8,"Young executive push final. Stay statement close movement. Health blood evidence thought house.
Suggest section else pattern itself both matter. Relationship poor head international.",True
PROD_00082,Virtual next generation infrastructure,Electronics,Cameras,Pham Ltd,360.45,586.91,226.46,7.05,30x14x23,63,Hodges and Sons,5.0,"People news before PM seem. Method ready air. Technology evening upon truth if lose wall cultural.
Add itself land enough. All scientist trouble population.",True
PROD_00083,Public-key static utilization,Electronics,Laptops,"Yang, Parsons and Carter",346.69,645.29,298.6,-1.0,46x41x31,54,"Anderson, Fernandez and Lambert",4.4,Middle author likely nation manager real. Should themselves arm far name serious throw. Challenge game about. Ready really forget ground some most wall.,True
PROD_00084,Progressive modular database,Sports,Outdoor Gear,Miller LLC,299.8,896.03,596.23,9.87,7x32x15,75,"Cruz, Martin and Thomas",4.6,"Adult wait attack whatever. Describe resource agency produce without smile meeting.
Chance civil property wait. Whole science participant account wish. Worker thus expect assume herself store.",True
PROD_00085,Organized exuding contingency,Fashion,Watches,Harrison and Sons,87.68,253.32,165.64,7.94,37x19x24,7,Brooks-Hodges,3.2,"Remain protect window cover attention. Cost before recent water area note. Hospital clearly option indeed prove seven.
Professional several husband single.",True
PROD_00086,Synergistic mission-critical Graphical User Interface,Sports,Fitness Equipment,"Allen, Quinn and Hall",226.24,348.6,122.36,0.36,39x7x45,97,Clark-James,3.4,"Hear thank able. Where employee her film debate.
News reach during. Whatever near happen citizen page against good.
Free PM four painting.",True
PROD_00087,Focused systematic function,Fashion,Watches,King and Sons,403.66,693.79,290.13,8.74,9x6x34,76,"Burgess, Barajas and Ramirez",4.0,"A kind college small nice. Realize subject style rise world. Major throughout writer upon some.
Car bag phone rich mention necessary play. Down still drug require personal.",True
PROD_00088,Team-oriented mission-critical open architecture,Electronics,Smartphones,"Walton, Hooper and Rice",356.98,579.96,222.98,9.66,37x17x26,54,Novak-Wagner,3.8,Until opportunity human go economy those. Recognize person inside phone memory better pick.,True
PROD_00089,Triple-buffered non-volatile leverage,Home & Kitchen,Furniture,"Trujillo, Hill and Sanchez",243.29,350.27,106.98,9.77,43x46x45,33,"Alvarado, Hall and Jones",3.5,Account knowledge investment figure quality exist member. Factor production box citizen still everybody white. Ago job relationship PM reason.,True
PROD_00090,Customizable human-resource encryption,Electronics,Laptops,"Velez, Fitzpatrick and Ball",288.2,373.6,85.4,8.52,33x24x17,51,"Ruiz, Jones and Fuller",3.0,"Least administration billion range group. These career project window require worker mean. Sit help data guy.
General stuff theory my. Officer skin quality keep decision southern or.",True
PROD_00091,Cloned global array,Books,Educational,,190.89,333.11,142.22,2.95,16x47x43,3,"Williams, Hall and Nash",3.3,Hope people wife Democrat individual. Meet begin table produce my. Single spend movie once.,True
PROD_00092,Fundamental encompassing adapter,Beauty,Makeup,"Butler, Carlson and Roach",499.29,1371.8,872.51,5.09,18x8x12,59,Glover-Gonzales,3.8,"Sometimes tough her loss listen education. Threat notice age. You peace offer.
Figure unit stuff growth head. Short past to born man Mrs.
Wind but prove always mouth. Scene half cause know.",True
PROD_00093,Customer-focused next generation archive,Home & Kitchen,Kitchen Appliances,"Waters, Vargas and Benton",410.24,760.82,350.58,6.04,8x17x18,38,Randolph-Pearson,4.2,Interest force deep skill politics team final. Professor performance very establish perform safe interview. Weight affect perhaps if.,True
PROD_00094,Re-contextualized actuating complexity,Beauty,Skincare,Sherman Inc,70.22,199.91,129.69,8.67,14x34x38,65,Bentley-Yang,4.5,"Real both include face investment.
Most pattern past. System group down improve note trade risk fight.
Clearly still soldier anything. Top statement decide despite.",True
PROD_00095,Enterprise-wide regional toolset,Fashion,Clothing,"Mccoy, Mcintyre and Fuentes",371.78,777.4,405.62,3.2,29x45x32,79,Brown-Goodman,4.0,Product song organization thank care. If parent lose inside set yes federal article. Total save defense animal.,True
PROD_00096,User-friendly dynamic moderator,Fashion,Watches,"Barker, Neal and Davis",215.88,463.83,247.95,7.67,25x37x49,39,Ewing-Snyder,3.2,"Market must require wish. So represent child same tell.
Great according sometimes natural body personal. Couple still value city.",True
PROD_00097,Future-proofed zero administration definition,Home & Kitchen,Lighting,Roth-Trujillo,364.7,575.02,210.32,1.79,11x45x22,8,Vasquez Ltd,3.4,Improve machine responsibility not nature well through. West else success traditional here change level.,True
PROD_00098,Profound systemic definition,Home & Kitchen,Furniture,Carter and Sons,107.08,210.83,103.75,6.01,8x22x39,33,"Price, Reyes and Martin",4.2,"Morning lay public. Fear far garden we green second article.
Model run front scientist right just build though. Boy wish morning everything over picture culture. For five safe memory why have.",True
PROD_00099,Re-engineered dedicated archive,Books,Children Books,"Mills, Lopez and Morris",204.23,364.58,160.35,6.59,46x6x45,103,Adkins LLC,4.2,Debate such more anyone. Property according daughter nothing watch put entire. Second large character theory property half able.,False
PROD_00100,Progressive scalable productivity,Books,Fiction,"Henry, Diaz and Thompson",290.32,0.0,334.84,8.87,42x21x32,33,Saunders LLC,4.6,"Say threat room son by. First him white build cut pay.
Former reveal player enough.
Fund image some exist. Night citizen social soldier social where finally.",True
PROD_00101,Advanced full-range projection,Home & Kitchen,Home Decor,,7.69,14.1,6.41,0.16,11x43x31,100,Newton-Williams,4.9,World everyone suddenly certain world. Find pick area manager process knowledge step. Finally face surface compare will its act.,True
PROD_00102,Cloned 24/7 Graphic Interface,Books,Educational,"Burns, Schmidt and Miller",245.11,630.73,385.62,9.03,45x38x5,18,Reid Group,3.6,"Guess throw support serve attention. Power team sure military card arm.
Modern decision street person trip religious produce.",True
PROD_00103,Front-line cohesive contingency,Sports,Team Sports,Ortiz-Phillips,455.67,674.76,219.09,8.8,10x45x30,52,"Harris, Schmidt and Robinson",4.7,"Eye hotel available offer sing boy. Fund between rule something thing she.
Four speak goal form head international modern. Cold pull big machine. Into could direction out carry.",True
PROD_00104,Phased bandwidth-monitored solution,Electronics,Cameras,Chapman-Stevens,289.21,438.81,149.6,8.53,12x24x13,35,Mendez-Brady,4.2,"Night shake again rise risk only. Low lot point like significant Republican into.
Recently point have candidate eye able. Degree game time fast nice floor. Believe still table likely.",True
PROD_00105,Public-key cohesive attitude,Beauty,Hair Care,,66.14,90.82,24.68,1.23,30x44x27,55,"Harris, King and Liu",4.7,"Large and need a. Culture seek wife say whole. Meeting assume lay as tonight.
Either gun staff maybe. Way international instead west partner make without director.",False
PROD_00106,Re-engineered bottom-line model,Fashion,Shoes,Washington and Sons,440.95,551.71,110.76,3.14,6x23x28,48,Zuniga PLC,3.7,"Positive leg year. Mouth yet probably section including against because. Even air image level.
Effort final deal accept traditional either that professor.",False
PROD_00107,Decentralized coherent functionalities,Beauty,Hair Care,,474.8,628.96,154.16,-1.0,24x30x31,40,Carlson Group,3.3,"Until bag discover chair me apply degree. Few meeting anything identify.
Generation marriage order remember individual language threat.",True
PROD_00108,Persevering tertiary pricing structure,BEAUTY,Makeup,Sharp and Sons,169.79,452.52,282.73,2.25,28x47x10,43,Collins Ltd,4.9,"Social large newspaper source. Growth home key personal local audience expert.
General method event here. Foot record plan listen total.",True
PROD_00109,Reactive web-enabled conglomeration,Electronics,Tablets,"Cochran, Johnson and Lee",35.31,59.05,23.74,2.52,43x16x7,53,"Padilla, Wilkinson and Pearson",4.9,"If that bill catch difficult. Need raise trouble.
If them ask enjoy capital yeah candidate indicate.
Throughout bad ready early current middle reflect worker. Skin machine tell relate choice enjoy.",True
PROD_00110,Right-sized zero-defect initiative,Electronics,Tablets,Lowe-Turner,256.16,347.88,91.72,0.21,39x11x10,54,Whitney and Sons,4.3,Hit civil source set nothing. Hard pretty dinner shake spend school police. Memory improve four stuff computer. Speak fund loss.,True
PROD_00111,Progressive 24/7 knowledgebase,Beauty,Skincare,Lee-Peters,278.3,566.93,288.63,474.0,45x26x30,46,"Perry, Kennedy and Carey",3.6,If along sell mind whole prove man. Question student forward health. Understand order east arrive six trial.,True
PROD_00112,Networked context-sensitive help-desk,Beauty,Skincare,,280.54,804.31,523.77,2.22,37x22x45,62,Carpenter PLC,4.9,Movie nor nation between. General computer center loss or write above experience.,True
PROD_00113,De-engineered background interface,Sports,Fitness Equipment,Peterson-Mills,182.58,449.6,267.02,3.71,46x47x27,58,"Sullivan, Nelson and Powell",3.1,Position situation government TV. Structure expect church again then rule. Color floor fear already service receive.,True
PROD_00114,Optional human-resource open system,Books,Fiction,Torres Group,472.23,902.53,430.3,2.47,17x9x21,32,Morton-Bush,4.6,"Make reach great billion need total reach. Vote less industry concern. Still visit throw surface.
Eye various five leave. Either civil last author blue should believe. Support born address.",True
PROD_00115,Fundamental coherent open architecture,Home & Kitchen,Kitchen Appliances,Smith-Armstrong,11.56,23.66,12.1,9.31,45x20x44,78,"Decker, Montes and Hall",4.5,Center he hand check war official. Four full door prepare magazine mention. President goal security blood nice increase.,True
PROD_00116,Distributed holistic structure,Home & Kitchen,Furniture,Torres Group,37.29,47.21,9.92,2.95,46x29x37,57,Ortiz-Malone,3.9,Fine foreign lead nothing former you head. Issue memory family range able power. Less hour social item.,True
PROD_00117,Organic hybrid algorithm,Electronics,Tablets,Morgan PLC,366.98,555.06,188.08,8.38,9x28x13,66,Richardson-Bell,3.7,All attention less religious you seven. Sea wife company citizen never what behind parent.,True
PROD_00118,Organized needs-based knowledge user,Books,Fiction,peters and sons,192.61,560.18,367.57,6.04,11x48x34,40,"Davis, Roberts and Olson",3.7,"Hour special because question only. Break relationship kind heavy ready with.
Why whom least no. Animal kid successful message. Magazine nature force fire yard.",True
PROD_00119,Diverse asynchronous data-warehouse,Books,Non-Fiction,Williamson-Lutz,45.41,56.36,10.95,7.12,26x36x48,90,Beasley Inc,3.6,Skill spring wonder get instead herself decade. Lose within purpose entire anyone. Day individual law college big.,True
PROD_00120,Profound non-volatile framework,Beauty,Skincare,"Johnson, Alvarez and Morales",158.1,362.27,204.17,886.0,49x20x27,34,Miller Inc,3.4,Receive certain impact actually stuff network reduce full. Watch network blue wait so serve identify maintain.,True
PROD_00121,Down-sized system-worthy initiative,Electronics,Smartphones,"Arnold, Morales and Martinez",19.23,30.72,11.49,6.11,27x43x9,52,"Simon, Collier and Cruz",,"Home skill act. Though glass leader quality particular leave will.
Information purpose yard success north seem. Six scene day itself voice.",True
PROD_00122,Team-oriented attitude-oriented methodology,Electronics,Laptops,Hernandez-Gutierrez,264.88,757.57,492.69,9.44,40x34x43,64,Villegas-Davis,4.1,"Congress third artist pick successful share. Parent maybe vote along star manage.
School arm discussion price debate. Behind certainly space edge.",True
PROD_00123,Customizable static time-frame,Fashion,Shoes,"Jennings, Bauer and Mccall",84.15,166.81,82.66,6.57,17x34x23,64,Velasquez and Sons,4.4,"Environment court experience even star possible mean.
Campaign wait however democratic remain. Leave shake tree much again suffer collection yourself. Past sister impact.",True
PROD_00124,Devolved asymmetric data-warehouse,Books,Educational,Zhang LLC,27.67,42.73,15.06,4.4,23x5x42,67,Delacruz Group,3.9,"Worker business officer design western thousand owner.
Music most agency over appear soldier air. One election attention management unit voice worker inside.",True
PROD_00125,Profit-focused coherent Graphical User Interface,Books,Educational,,61.32,163.84,102.52,2.93,29x27x14,64,Jackson Ltd,4.3,"Finish teach develop likely. Any price culture do group. Positive forget source industry war.
Remain research three early. Health environment free. Executive agreement city.",True
PROD_00126,Ameliorated directional artificial intelligence,Home & Kitchen,Lighting,Johnson-Shaw,81.0,218.07,137.07,5.33,48x37x49,-50,Miller LLC,3.2,"Identify shake education recent. Bad name me west customer. Chair themselves expect sometimes call machine nation.
Executive international thus professor free treatment my.",True
PROD_00127,Function-based fresh-thinking extranet,Beauty,Makeup,mccarthy plc,245.61,667.99,422.38,1.58,6x45x19,34,Clark LLC,4.7,"Result contain kitchen hundred nature during. Final necessary think cut through not practice.
Art bed light but. Large teach way upon like couple. Wear same never local.",True
PROD_00128,Organized radical budgetary management,Fashion,Shoes,Wilson-Ramsey,340.57,596.79,256.22,3.3,11x15x37,61,Johnson Ltd,3.3,"See language physical various total true Republican. Throw about particular part physical but.
Bit individual economy group establish into. Speech cut model term. Other race sister enjoy.",True
PROD_00129,Decentralized directional challenge,Sports,Fitness Equipment,Schneider-Sims,172.78,394.32,221.54,3.01,40x9x9,45,"Hays, Simpson and Paul",3.8,"Tell remember well look learn.
Public focus trial improve he. Sit beautiful again half.",True
PROD_00130,Multi-lateral well-modulated attitude,Sports,Outdoor Gear,Gonzales-Thomas,47.38,116.26,68.88,1.23,43x13x27,63,Thompson Group,3.4,When it include around system over. Art hold hospital couple everybody. Assume account despite standard.,False
PROD_00131,Configurable full-range orchestration,Home & Kitchen,Furniture,Bennett-James,29.82,64.19,34.37,484.0,36x14x16,49,Clayton PLC,3.3,"More good court must start. Conference high enough prevent.
Tree network nothing school enough. Involve friend range media board fill.",True
PROD_00132,Virtual discrete system engine,Sports,Fitness Equipment,,157.82,258.52,100.7,7.44,44x34x26,54,Wang Ltd,3.9,"Must other garden international four moment think enter.
Stay foot begin animal girl range. Movie may media east resource effect right none.",True
PROD_00133,Front-line zero tolerance adapter,Sports,Fitness Equipment,Smith and Sons,109.28,178.29,69.01,4.97,8x46x12,40,"Moran, Cook and Mcbride",4.9,"Face those forward challenge food certainly interview citizen. Response ask less floor TV say young. Issue grow realize yeah interest.
Officer look one standard idea get. Participant attack chair.",True
PROD_00134,Organized directional functionalities,Fashion,Shoes,Nguyen-Fisher,471.48,1224.09,752.61,4.1,24x27x44,17,Levine Ltd,3.9,"Certainly friend box manage. Operation class position. Know white fight five more value.
By whose manage culture politics thousand. Development deal control again move increase store.",True
PROD_00135,Universal 24/7 customer loyalty,Electronics,Headphones,"Guzman, Taylor and Davis",211.75,619.68,407.93,5.43,35x35x13,121,Santiago Inc,3.2,"Would treat yourself buy human north wall. Manager production add without.
Along feeling along. Itself goal we son. Rock later simple third campaign event business affect.",True
PROD_00136,Programmable optimal matrices,Fashion,Watches,Perez-Rodriguez,147.02,293.19,146.17,5.28,17x22x15,76,Bailey-Brown,3.2,Among return board soldier force. Four speak but off color Democrat key common. War add teacher political goal build.,True
PROD_00137,Universal executive hub,Fashion,Watches,Page Group,124.52,230.27,105.75,4.24,42x48x27,84,"Snow, Burnett and Carter",4.1,"Since long despite second lawyer.
Process western others debate attack itself important agent. Next company adult choice thus. Across property my less.",True
PROD_00138,Compatible 24/7 initiative,Sports,Fitness Equipment,"Baxter, Duncan and Martinez",206.09,248.24,42.15,8.58,48x23x14,82,Shelton PLC,3.0,"Station like so. Board company memory.
Lose field right affect run good strategy. Size financial maybe game whole rock build. Letter else player consider truth security for.",True
PROD_00139,Configurable asynchronous strategy,Beauty,Fragrances,,181.83,322.45,140.62,2.8,42x39x37,39,Cooper Group,4.2,"Wall do those really apply.
From tax various necessary person. Government how activity various age each leg. Just unit describe last.",True
PROD_00140,Digitized background ability,Fashion,Clothing,"Livingston, Ramirez and Jones",172.76,430.47,257.71,9.46,21x33x7,73,Klein-Schroeder,4.0,Personal kitchen run one chance among. Enjoy they high reason interview hear leg. Without herself instead claim notice.,True
PROD_00141,Future-proofed homogeneous contingency,Beauty,Makeup,Hamilton Ltd,237.08,384.02,146.94,9.95,46x5x25,21,Johnson-Welch,4.5,"Ask win director listen. Drop audience line gas.
Executive commercial husband side kind. Teach office one various travel writer.",True
PROD_00142,Secured holistic analyzer,BOOKS,Fiction,Perry Ltd,76.21,123.86,47.65,6.87,22x16x46,0,Macdonald PLC,3.1,"Sport move other recently. Word model author wear team whole. Including sport final.
Soldier news nearly positive. Young interesting Mrs ahead.",False
PROD_00143,Pre-emptive 6thgeneration moderator,Books,Children Books,,373.24,626.29,253.05,6.88,48x22x15,71,Carr Group,4.0,"Alone easy employee outside.
East reveal analysis section. Room but Republican around speech deal also.
Too may possible hold attack cultural exist. Direction senior see system.",True
PROD_00144,Seamless background analyzer,Sports,Outdoor Gear,Newman Group,197.97,451.43,253.46,6.48,16x42x8,52,Hardy Inc,4.9,"Management recognize for what identify final. May environment half but city kind.
Parent likely house analysis it first green community. Box standard daughter other.",True
PROD_00145,Decentralized fresh-thinking data-warehouse,Fashion,Clothing,Jordan Inc,42.22,126.22,84.0,3.85,44x27x46,84,"Adams, Mcgee and Rowe",4.3,"Sea produce speak which choose. Feeling month she goal.
Center with pattern within exactly admit. Bill play fast defense huge may.",True
PROD_00146,Business-focused impactful throughput,Sports,Fitness Equipment,Brooks Inc,344.65,719.66,375.01,4.77,39x38x6,105,Cox-Robinson,4.3,"Away view executive table usually middle either assume.
Woman card what dog but ok home.
Receive entire use enjoy situation. Tonight somebody care daughter film seat.",True
PROD_00147,Horizontal 24hour concept,Books,Fiction,Wilson Inc,328.76,880.58,551.82,5.46,28x16x5,71,"Brown, Hicks and Wilson",3.6,Reach gun allow add. Save item set represent. Energy here more fill technology message. Want building world look key however consider assume.,True
PROD_00148,Progressive motivating function,Sports,Fitness Equipment,Horn-White,318.19,784.41,466.22,7.8,36x46x10,13,Davidson-Lawrence,3.4,"Employee yard section save or television toward. Develop indeed traditional may. My hundred move return bill end my.
Fight ago walk carry. Discussion its return service.
Front who medical military.",True
PROD_00149,Monitored analyzing Internet solution,Beauty,Fragrances,Williams-Middleton,276.32,712.95,436.63,9.97,24x5x26,53,Campbell-Powell,4.1,The character medical daughter team series surface. System trial spend know set. Hair north ready hand officer behavior.,True
PROD_00150,Ergonomic client-server task-force,Sports,Fitness Equipment,"Lynch, Norman and Thomas",306.62,713.43,406.81,5.04,26x27x22,54,"Flowers, Burns and Torres",,Republican no leave office cover. Book different defense. Week continue throughout person generation charge. Ten indicate enjoy national development old say cup.,True
PROD_00151,Compatible actuating time-frame,Books,Children Books,"Richardson, Howard and Green",399.72,566.42,166.7,8.46,10x5x16,15,"Lambert, Horn and Nelson",3.4,"Interesting party newspaper pay how side spend. Stuff talk human such reason.
Hold such save pass. Police how want beautiful.",True
PROD_00152,Advanced non-volatile algorithm,Home & Kitchen,Lighting,Joseph Inc,160.52,242.2,81.68,7.95,25x34x19,46,"Miller, Atkinson and Schroeder",4.5,"Almost theory half she place of. News growth answer a maybe.
Tax save college friend art budget. Cold thousand quickly result great.",True
PROD_00153,Adaptive systemic matrix,Beauty,Fragrances,Wyatt Inc,362.9,474.16,111.26,7.69,24x29x21,57,Petersen LLC,3.7,Fly between nearly through not around. Life business popular result account. Special group own expect. Add serve example bring under school.,True
PROD_00154,Robust foreground archive,Sports,Team Sports,Arroyo Inc,234.47,627.86,393.39,3.61,18x7x5,36,Johnson and Sons,4.7,Show special me customer point cultural. Reach program short she effort reason at head.,True
PROD_00155,Self-enabling dedicated instruction set,Fashion,Shoes,Norton PLC,177.33,462.93,285.6,2.98,48x30x14,64,Hughes Inc,3.6,"Among baby week institution all. More answer PM range.
Bed be surface light. Character bad finally international responsibility. After education book wide brother career exactly.",True
PROD_00156,Open-architected attitude-oriented success,Home & Kitchen,Lighting,Roberts-Anderson,74.22,165.42,91.2,6.66,7x40x10,4,"Ferguson, Norris and Martinez",4.7,"Paper choose space hair. Kind star per parent goal though.
Bank data place. Hundred mean however rate. Cover yes go audience. If necessary toward magazine white few.",True
PROD_00157,Customer-focused full-range success,Books,Children Books,Andrade-Reyes,75.96,131.49,55.53,9.5,47x29x35,23,Collins Ltd,4.2,"Form campaign sign close consumer offer. Event music cold instead attention start. Task accept standard.
About voice different pressure pressure full. Close kid security cell say.",True
PROD_00158,Advanced dynamic capability,Sports,Fitness Equipment,Hernandez-Mora,98.32,180.0,81.68,7.1,15x22x13,41,Reed-Schroeder,4.3,"Other foot outside peace stop.
Executive go produce that religious fine your. Scene during goal it gas answer western great.",True
PROD_00159,Multi-channeled 24/7 synergy,SPORTS,Fitness Equipment,Wolfe Inc,139.55,306.93,167.38,3.43,41x44x10,70,Ortiz-Ortiz,4.2,Reach full present many. Official direction stuff interview look guess event baby. How camera coach research.,True
PROD_00160,Persevering disintermediate knowledge user,Electronics,Smartphones,,22.84,49.26,26.42,8.76,27x48x5,39,"Nelson, Franklin and Powell",3.7,"Research as popular around. Ability pretty baby toward quite. Statement left beyond he crime.
Of trial stop show. Hot realize today check safe. Oil age discover employee others happy region.",True
PROD_00161,Devolved zero administration task-force,Fashion,Clothing,Boyer Ltd,352.51,794.34,441.83,6.98,49x12x22,20,Jones Group,4.8,South age she near affect happy rate. Wife dog stay next study war cause. Policy population itself second operation. Read dinner seek people although free good.,False
PROD_00162,Synergized eco-centric support,Beauty,Fragrances,"Flynn, Burnett and Buchanan",196.58,359.39,162.81,8.72,10x15x27,10,"Hines, Stewart and Mcdonald",4.3,"Avoid across training me.
Attention same expert PM over accept today. Small here author personal.",True
PROD_00163,Managed logistical middleware,Sports,Fitness Equipment,Summers LLC,225.23,307.47,82.24,6.66,32x19x12,32,"Schmitt, Butler and Gallegos",4.5,"Participant another so party among. Social experience heavy pay then reason job toward.
Sport type level tend become. Summer sign officer ability eat.
Cold lot simple hair nation usually.",True
PROD_00164,Automated cohesive info-mediaries,Sports,Outdoor Gear,Hansen-Douglas,311.83,417.43,105.6,0.58,18x11x13,75,Chavez Ltd,4.5,Debate tough modern them over music. House whole street. Card strategy sell break information mother response.,True
PROD_00165,User-centric dedicated definition,Books,Fiction,,55.33,71.9,16.57,8.12,12x39x15,21,"Reeves, Banks and Walker",3.3,Skin deal chair measure project put stage. Early cell especially themselves allow star turn. Figure explain mother Mrs present.,True
PROD_00166,Extended empowering software,Home & Kitchen,Furniture,Shea Ltd,149.64,349.7,200.06,1.32,40x5x35,71,Patel and Sons,3.6,Article about increase again wear college argue. Happen close base. Maybe election law economic yes economy.,True
PROD_00167,Grass-roots mobile parallelism,Beauty,Hair Care,Peters LLC,241.85,564.56,322.71,0.97,7x49x17,23,"Wolf, Morrison and Robinson",4.6,Quickly word college class. Ball collection effort career campaign safe hard. Performance language at history anything travel course science.,True
PROD_00168,Persevering national open architecture,Books,Educational,,30.21,83.21,53.0,9.53,27x31x10,59,Carroll PLC,3.9,Decision city cell anyone look shoulder. Chair group live action listen. Kid will week go happen let.,True
PROD_00169,Sharable radical analyzer,Home & Kitchen,Lighting,Blackwell-Bennett,408.62,693.23,284.61,0.82,34x31x12,0,Christian Inc,3.8,"Maybe prevent without financial economy experience. Save enter go central present.
State involve figure trip never blood. Many center sound hotel they sort wrong give.",True
PROD_00170,Reduced uniform productivity,Electronics,Tablets,Johnson Ltd,17.96,51.05,33.09,5.62,43x14x13,18,Griffin LLC,3.8,"Fill travel lead hot leader. Against eight mouth information performance scientist either.
Approach I open seven white account. Upon beautiful white daughter listen myself throw.",True
PROD_00171,Progressive object-oriented success,Home & Kitchen,Lighting,"Barber, Wilson and Gay",265.16,407.97,142.81,6.92,31x17x39,58,Woods-Barber,4.8,"Fill figure attention six hear. Myself movie television style six center none. Three throughout special produce maintain imagine.
Notice must authority. Item address book run.",True
PROD_00172,Horizontal contextually-based extranet,Sports,Team Sports,Wilson Group,405.37,1015.51,610.14,8.32,45x27x41,30,Moses LLC,4.6,"Prepare media second occur. Claim beyond parent simply understand able then.
Deep word dream similar during share nothing. Woman scientist far.",True
PROD_00173,Managed national hub,Fashion,Watches,Lewis Inc,343.26,916.45,573.19,7.56,24x6x8,38,"Stewart, Bauer and Bradley",4.9,"True sell myself base term bill. Star difference worry.
Out north those important PM least yes. Site bed child discover full early. Choose debate trouble west person management.",True
PROD_00174,Enhanced holistic frame,Home & Kitchen,Lighting,Rosales-Monroe,167.75,236.95,69.2,6.95,17x15x29,-50,Stevens-Downs,3.5,"Class throughout might agree single skill source. Avoid old take really happy.
Toward fund list during. Ball choose history many.",True
PROD_00175,Re-contextualized mission-critical hub,Beauty,Makeup,Smith LLC,38.53,56.79,18.26,6.95,49x34x27,31,Anderson-Salazar,4.4,Too student child organization century sort. Director argue live partner.,True
PROD_00176,De-engineered grid-enabled open system,Sports,Team Sports,"Castaneda, Campbell and Arnold",30.51,59.92,29.41,-1.0,35x20x8,106,Miller Group,,"Itself class buy knowledge fast market. Music age ahead most. Over build if best meeting peace time.
Nothing marriage modern policy nearly develop view. Learn important note.",True
PROD_00177,Switchable maximized emulation,Fashion,Shoes,Drake Inc,45.34,111.82,66.48,1.33,19x14x39,84,Flores-Mitchell,4.8,"Property wait sit enter tough wrong.
Develop turn note. Military fine outside manager. Agent shoulder tree religious next skin but. Until executive way worry little remember.",True
PROD_00178,Decentralized asynchronous interface,Books,Educational,Nguyen PLC,442.9,718.65,275.75,0.49,39x20x12,90,"Wong, Curtis and Cain",4.6,"Give measure wait church political. Direction forget bad improve.
Area wear experience face. Decision skill since action spend. Somebody write especially sense.",True
PROD_00179,Exclusive explicit flexibility,Fashion,Shoes,,427.91,1096.83,668.92,8.1,6x46x35,46,"Gentry, Nguyen and Chavez",4.8,"Sort only Republican indicate lot up situation. Where wish itself part who.
Magazine news soon old find national. Travel cut our. Those American quality fast their recently.",True
PROD_00180,Seamless multi-tasking productivity,Home & Kitchen,Home Decor,"Jacobs, Banks and Mcintosh",184.83,495.59,310.76,7.38,30x43x47,14,"Williams, Taylor and Davis",4.4,"Cell up step. Country hour ball life. Model trouble like woman consider a.
Soldier place fact music great speak beyond. Right physical last do mention vote. North might she media.",True
PROD_00181,Front-line clear-thinking matrix,Home & Kitchen,Kitchen Appliances,"Bell, Warren and Chandler",335.03,510.91,175.88,2.8,10x49x30,58,Barton PLC,4.1,"Per letter fill. Try recent above medical note physical arrive leave. Truth thing outside bed pick see network student.
Consumer student everybody let main than. Address consider billion billion.",True
PROD_00182,Business-focused optimizing budgetary management,Home & Kitchen,Lighting,Hughes PLC,19.27,34.85,15.58,0.94,36x35x18,88,Sparks-Morgan,3.3,Design support usually what agent nearly. Media life rich research yourself including. Spend hair by feeling within win. Perhaps reason point win business party plant.,True
PROD_00183,Function-based incremental Graphical User Interface,Beauty,Makeup,"Barron, Wagner and Robinson",407.7,686.08,278.38,3.65,9x19x10,93,Davis LLC,3.8,"Production agree perform likely consumer along I. Move unit prove fast outside very face. Step body condition however factor.
World stand job two very message night. Impact push mind protect.",True
PROD_00184,Universal 24hour encryption,Electronics,Tablets,Berry-Jones,393.67,1134.22,740.55,4.07,22x36x41,-50,Gould Inc,,"Account difficult mean now. Improve kind building I. Back activity serve experience.
Method western keep face organization. Sit power operation at.",True
PROD_00185,Vision-oriented fault-tolerant initiative,Home & Kitchen,Kitchen Appliances,"Love, Williams and Avila",149.14,393.25,244.11,1.59,38x8x26,34,Hampton-King,4.7,A point experience actually necessary eat same hope. Avoid style case American. Something final beyond cause action end.,True
PROD_00186,Front-line fresh-thinking moratorium,Home & Kitchen,Kitchen Appliances,"Green, Cooper and Hawkins",454.18,944.07,489.89,4.52,11x14x35,68,Collins Inc,3.5,And mouth live nothing money color air. Senior movie could half. Present believe rate space should area street.,True
PROD_00187,Cross-group explicit contingency,Beauty,Fragrances,Moreno-Washington,456.6,791.2,334.6,0.91,15x47x28,19,Turner Inc,4.2,"Glass yard eight population kid sense. Concern explain always cause dream. Suddenly go so catch.
Room chair feel. Guy manager sometimes each. Here tell stage agency need action.",True
PROD_00188,Re-engineered systemic middleware,Home & Kitchen,Home Decor,Mills-Mueller,228.35,452.87,224.52,3.65,34x27x26,72,Rollins-Castillo,4.4,Letter popular modern defense hair stage. People under individual others us green.,True
PROD_00189,Secured local algorithm,Electronics,Headphones,"Ryan, Bowers and Day",367.25,518.16,150.91,0.79,26x22x15,59,"Johnson, Russell and Blackburn",3.3,"Whose if while hospital interview Republican building.
American back imagine ground audience. Rather throughout go often likely forward.",True
PROD_00190,Optional discrete strategy,Fashion,Accessories,Robertson Group,299.3,720.17,420.87,885.0,46x25x8,50,"Perez, Robinson and Perez",4.3,Ok behind sense lawyer also character important hear. Other sense benefit case. Arm write fast left.,True
PROD_00191,Automated intangible capacity,Electronics,Smartphones,Gibson-Garrison,371.6,594.7,223.1,6.37,20x19x26,25,"Greene, Kelley and Hart",4.2,"Order that hold dream. Heart these study happy.
Statement main I pick. Notice attention note sit run energy tell own.",True
PROD_00192,Digitized user-facing firmware,Electronics,Cameras,"Jones, Mcdaniel and Hughes",240.8,510.86,270.06,2.62,9x12x44,49,"Lopez, Hess and Perry",3.1,Candidate particular training government image similar coach. Trial parent amount travel kitchen statement skill technology.,True
PROD_00193,Versatile fault-tolerant budgetary management,Beauty,Hair Care,,84.59,162.27,77.68,0.96,48x35x18,63,Allison-Gentry,4.4,Thousand where interesting control. Responsibility money class site defense remain take. Hour as when all.,True
PROD_00194,Front-line empowering website,Electronics,Laptops,Santiago-Sanchez,444.37,699.23,254.86,9.94,24x12x49,52,Leon-Diaz,,"Support a challenge time. Try down challenge plan.
Likely world defense trip option long. However mention cell strong nation glass card.",True
PROD_00195,Secured system-worthy Internet solution,Home & Kitchen,Home Decor,"Torres, Simmons and Tapia",57.64,162.57,104.93,0.34,48x45x43,94,Ramos LLC,3.3,Industry themselves sell finally. Respond let give set ever. Remember any positive care.,True
PROD_00196,Quality-focused uniform encryption,Books,Non-Fiction,Hinton LLC,46.91,77.01,30.1,4.55,19x44x12,51,"Smith, Ramos and Williams",3.6,Face why performance. Accept degree instead product matter drug. Day right training practice throw data.,True
PROD_00197,Realigned web-enabled emulation,Beauty,Hair Care,Jones-Shelton,109.08,203.18,94.1,2.08,11x18x6,43,"Johnson, Wyatt and Young",4.6,"Test attack discover energy four yourself many. Study design theory policy concern purpose.
Feeling claim yet economy spend. Someone clear shoulder put trip.",True
PROD_00198,Function-based directional core,Fashion,Watches,Brown and Sons,212.91,539.41,326.5,4.59,24x7x10,2,Burton Inc,3.0,"Child cover assume director east add. Fill rest everything bill. Many control dark practice.
Only result have hard series black war spring. Success society industry newspaper.",True
PROD_00199,Cross-group static definition,Fashion,Watches,,420.94,1139.88,718.94,7.73,32x39x37,79,Harris Inc,4.7,"Myself happen put husband challenge between field. Career local personal box simple deep agree method. Officer figure itself he for card.
Might wonder democratic whom environment.",True
PROD_00200,Quality-focused coherent success,Sports,Fitness Equipment,,442.73,794.8,352.07,6.73,40x16x40,42,"Williams, Ramsey and Baker",5.0,"True number traditional indeed. Food trouble management some dog fill together herself.
Miss born mention once seat. Different fine lawyer point data. Word send cup over also identify.",True
PROD_00201,Optimized systematic matrix,Beauty,Makeup,Bolton Ltd,84.7,222.93,138.23,6.15,45x24x35,62,Allen and Sons,4.8,"Claim candidate alone mission hour cover may. Religious between whether go treat become.
Member finish born physical court. Help test use man her pay range. Region kitchen blue available show.",True
PROD_00202,Compatible disintermediate leverage,Home & Kitchen,Kitchen Appliances,Evans PLC,66.02,158.91,92.89,5.88,40x44x18,27,"Davis, Austin and Thomas",3.8,Me one available I treatment who college think. Project up too yourself analysis newspaper. Race peace kitchen sort.,True
PROD_00203,Devolved multi-state support,Sports,Team Sports,May Group,150.25,227.01,76.76,7.17,41x46x16,73,Love-Reynolds,3.8,Consumer through fear allow. End type bill idea. Item woman choice before admit often. Prepare everybody those here home on pass however.,True
PROD_00204,Polarized static artificial intelligence,Home & Kitchen,Kitchen Appliances,Castro-Cummings,182.89,291.73,108.84,3.07,34x17x26,31,Walker-Vang,3.6,These activity measure statement always. Short history serious throw. Natural people plant argue.,True
PROD_00205,Profit-focused client-driven model,Home & Kitchen,Furniture,"russell, lewis and smith",341.98,1018.11,676.13,9.24,42x32x37,84,Villanueva Group,4.7,Leg issue college catch chair. Receive interest finish region although machine among usually. Several do guess likely yourself its collection drug.,True
PROD_00206,Balanced even-keeled algorithm,Home & Kitchen,Lighting,"Goodman, Ryan and Garcia",454.06,556.32,102.26,0.43,45x12x47,91,Douglas-Molina,,"Cup back interesting itself. Evening their continue for space fire social. As should firm guess just.
Take employee seem computer place. Ever game member ability herself field.",True
PROD_00207,Networked interactive benchmark,Electronics,Tablets,"Garcia, Thompson and Abbott",155.04,307.26,152.22,5.91,18x47x21,68,"Graham, Ortiz and Bridges",4.0,"Someone employee save successful. Police think magazine. Behavior them protect single.
Dream home let city do cup difference. City quickly space then truth model mouth explain.",True
PROD_00208,Re-engineered non-volatile pricing structure,Fashion,Accessories,Moss-Fox,161.86,350.57,188.71,7.7,46x39x13,37,"Rodriguez, Hernandez and Cervantes",3.1,"Significant hospital front avoid record. Also down magazine east leave.
Scientist ball tell must Congress. Fear morning serious. Rate sort development easy.",True
PROD_00209,Fully-configurable intangible forecast,Electronics,Headphones,Franco-Johnson,15.29,22.87,7.58,4.24,34x26x10,63,"Love, Ford and Stevens",3.6,Image establish election enough never reality. Pass participant maybe miss argue of term.,True
PROD_00210,Visionary analyzing structure,Home & Kitchen,Furniture,"Brown, Snyder and Lyons",410.8,941.11,530.31,8.89,7x25x7,28,"Giles, Stewart and Pruitt",4.8,Mouth crime radio around realize. Skill necessary probably Mrs agent debate. Project impact discussion necessary these attention along.,False
PROD_00211,Ergonomic reciprocal matrices,Books,Non-Fiction,Martin-Vega,436.28,774.83,338.55,1.14,12x22x48,33,"Alvarez, Sanchez and Miller",3.5,"Follow adult drug weight. Finally record throw late hand data some.
Argue believe building public for. Seven value if bed knowledge age popular.",True
PROD_00212,Mandatory exuding open system,Fashion,Accessories,"Rogers, Douglas and Flores",15.95,27.38,11.43,6.64,10x29x8,51,"Hughes, Ball and Richards",4.3,"Enter new range capital wife. Despite training light toward teach end right read.
Culture contain now. State amount girl give. Give street organization third blood by stand alone.",True
PROD_00213,Enhanced empowering implementation,Books,Children Books,Carr-Brown,59.93,128.21,68.28,-1.0,42x12x5,6,Ritter Inc,3.9,"Region commercial region article. Many art class late south page.
Sit popular actually decision laugh easy. Me figure mission when. Shoulder save kitchen author.",True
PROD_00214,Open-architected encompassing paradigm,Electronics,Cameras,Perez and Sons,6.31,11.17,4.86,0.96,41x15x22,41,Parsons Group,,"Grow customer school Mrs practice. Main water floor maybe threat.
Ever anything it science least quite. Interest three executive within eat maintain create.",False
PROD_00215,User-friendly background system engine,Beauty,Fragrances,Flores-Hamilton,392.53,1170.91,778.38,9.55,37x43x32,45,Lamb-Merritt,4.3,"Analysis contain remain billion painting artist. Tv especially fact factor method certainly.
Leave edge rock stage official drive white. Gun capital exactly system subject edge low.",True
PROD_00216,Streamlined zero administration parallelism,Beauty,Hair Care,Smith-Buck,254.95,603.94,348.99,1.96,46x20x43,44,Baird LLC,,Pattern fund ready idea scene tell role. Pattern body source firm want your painting. Unit word various alone no simply almost.,True
PROD_00217,Stand-alone client-server core,Home & Kitchen,Home Decor,Williams Group,376.92,484.43,107.51,7.84,14x12x13,17,"Rodriguez, Wilkerson and Bennett",4.3,"Present benefit experience question mention church.
Act involve per record. Significant skin example ten plant will out.
Thank husband economy lose Congress although fish. Term whom big find.",True
PROD_00218,Quality-focused real-time protocol,Books,Children Books,"Thornton, Wagner and Burch",373.11,842.09,468.98,4.77,46x11x25,50,Hunt Ltd,4.1,"The machine decide bank. Yes lawyer push smile option focus church. What low push pattern themselves.
Yes price option condition possible. Feeling street born.",True
PROD_00219,Automated composite middleware,Beauty,Fragrances,Jones Group,211.31,513.81,302.5,3.47,9x46x25,80,Maynard-Craig,3.5,"Chair seven realize people.
Appear store consider interview spring last. True scene heavy collection follow one each.
Drug anyone none among. Natural agreement year kitchen organization my.",True
PROD_00220,Triple-buffered tangible leverage,Home & Kitchen,Kitchen Appliances,"Murphy, Levy and Vazquez",201.6,338.21,136.61,3.41,24x37x10,66,"Bowers, Key and Stone",3.5,"Simple military size another western wish. Anything citizen seat each.
Though on market happen win. Father again wonder affect exist. Enter visit feeling rule option serve point difficult.",True
PROD_00221,Upgradable background benchmark,Sports,Outdoor Gear,Dennis-Cortez,78.74,203.79,125.05,5.22,34x43x39,92,Johnson and Sons,4.6,Safe they few number officer. Quickly industry message head energy evidence middle it. Story particularly reduce send season action.,True
PROD_00222,Robust tertiary migration,Beauty,Skincare,Landry-Meyers,301.15,363.99,62.84,2.08,33x17x12,81,Sanchez-Banks,,"Group fear at minute nearly skin eye. Card vote building so ability physical allow.
Argue save letter.
Near at evening. Together growth door these.",True
PROD_00223,Reactive directional adapter,Books,Children Books,"Hernandez, Sanchez and Williams",331.88,764.74,432.86,7.46,12x7x33,20,"Robinson, Wood and Wong",3.6,"Training enter past best occur we. Factor travel support fact.
Would learn ready view everyone case voice. National establish especially.",True
PROD_00224,Fundamental value-added hierarchy,Fashion,Accessories,"Allison, Jones and Cruz",273.34,641.76,368.42,3.29,46x32x17,0,Burnett-Keith,4.0,Machine mother air field. Note pass free capital discover. Special close main argue almost I. Food future lawyer tell ground.,True
PROD_00225,Re-contextualized global capability,Home & Kitchen,Lighting,,234.64,406.79,172.15,8.88,21x34x28,38,Barton and Sons,4.4,Finish material window authority save forward land. Sometimes produce election today even grow program.,True
PROD_00226,Face-to-face systemic productivity,Fashion,Clothing,,244.58,586.84,342.26,3.87,25x31x48,9,Jones-Vasquez,4.1,"Test himself less article development game. Couple care bank matter wrong. Others either follow accept.
Important build economic major. Partner ability join black set father difficult end.",True
PROD_00227,Centralized clear-thinking hub,Electronics,Laptops,Shea-Martin,369.57,813.79,444.22,-1.0,6x44x22,50,"Vincent, Mcbride and Lucas",5.0,Become floor politics discussion find budget discover build. Product fish one say. Skin light at parent.,True
PROD_00228,Cross-group tertiary focus group,Home & Kitchen,Kitchen Appliances,Rodriguez Inc,382.29,709.94,327.65,8.64,6x49x5,26,"Taylor, Buckley and Hill",3.2,Resource television soon behavior.,False
PROD_00229,Distributed systemic portal,Home & Kitchen,Kitchen Appliances,"Sullivan, Malone and Davis",135.48,194.54,59.06,8.97,42x43x5,30,Johnson-Rodriguez,3.2,"Record shake apply well. Sister president experience human TV. Cause need phone executive.
Concern whatever expect after. A assume design thus owner.",True
PROD_00230,Robust clear-thinking middleware,Books,Children Books,Wall-Pena,387.5,996.85,609.35,4.41,38x24x34,47,Fox Inc,3.5,"Fire themselves team loss clearly trouble often. Maybe best occur break keep if rate.
Trip perform policy always put subject begin. Final oil course there rich simple may body.",True
PROD_00231,Universal real-time protocol,Home & Kitchen,Kitchen Appliances,Gaines-Johnson,32.58,84.96,52.38,3.1,48x29x22,16,Payne-Jones,4.1,"Too understand street general her indeed be owner.
Player fast head politics rest industry. Book throughout look but language bad better. Difficult rather pull him.",True
PROD_00232,Integrated impactful definition,Home & Kitchen,Home Decor,Brown-Chambers,450.29,677.77,227.48,7.39,48x35x34,66,Vaughn-Padilla,3.1,"Southern mother way yes. More audience gun.
Door or collection bit contain. Develop pay view participant appear. Want eight may want anything somebody a.",True
PROD_00233,Organic hybrid process improvement,Electronics,Headphones,Wu-Brock,155.87,281.86,125.99,5.94,48x38x10,105,Hunt-Fisher,3.7,"Same edge oil social very. Mother trip trial direction. Under spring Democrat answer.
All garden record leader else before fear. Ahead democratic certainly.",True
PROD_00234,Optimized bottom-line installation,Electronics,Cameras,Adkins-Brown,12.17,16.61,4.44,4.4,7x14x15,0,Vaughan-Sims,4.5,"Scene look religious step. Tell staff rest.
Short even professional notice still mother imagine. Somebody cut understand read tree make. Over development that almost board plan.",True
PROD_00235,Persistent 5thgeneration budgetary management,Fashion,Accessories,"Nunez, Hamilton and Dominguez",479.53,899.25,419.72,5.16,11x17x39,37,Weeks PLC,3.1,Authority mission specific now article specific. After material staff field painting way. Candidate move effect follow amount one.,True
PROD_00236,Reverse-engineered optimizing throughput,Home & Kitchen,Lighting,Taylor LLC,144.18,272.98,128.8,5.3,13x48x29,72,Perez LLC,4.4,"Area natural property arm forward project. Player economy another culture make time.
Lead everyone identify manager there challenge management. Five similar base son laugh.",True
PROD_00237,Synergized didactic monitoring,Fashion,Shoes,"Robinson, Sims and Chase",489.7,900.39,410.69,3.02,10x47x27,47,Fuller PLC,3.4,"Size first pressure argue interesting create. Many team near they number pull well. Movement there development radio.
Style night today. Fill great assume large style own.",True
PROD_00238,Multi-channeled needs-based throughput,Books,Non-Fiction,,88.91,215.49,126.58,-1.0,18x31x42,38,Nguyen Ltd,4.8,"Relate look positive present. Fill establish young most room.
Energy company research.
Author place management college according rule until. Anyone outside ask. Item represent nearly main outside.",True
PROD_00239,Vision-oriented scalable Graphical User Interface,Beauty,Hair Care,"Willis, Turner and Gallegos",208.03,314.15,106.12,6.14,9x17x35,64,Carlson Ltd,4.8,"Current fish cut staff eight themselves. Attack whom parent gun Mr determine.
Happen down nature. Type late but goal response say child question.
Tough last soon open. Fight red decision scene soon.",True
PROD_00240,Enterprise-wide 3rdgeneration utilization,Fashion,Accessories,Cook-Bryant,423.12,888.49,465.37,727.0,26x39x7,14,"Martin, Sanchez and Gould",3.4,Employee participant mission before. Become painting significant often only summer media. Professional particular yard read region.,True
PROD_00241,Cross-group web-enabled strategy,Fashion,Clothing,Mathis-Jacobs,240.17,450.47,210.3,3.61,15x47x8,53,Anderson PLC,4.7,"Back base good feeling. Size cup push event. Thing property technology now training age reduce.
Away general age some happen. Event fly figure capital action beyond sometimes. Price occur arm look.",True
PROD_00242,Monitored global productivity,Sports,Fitness Equipment,"Anderson, Wright and Perez",66.44,198.68,132.24,4.53,21x6x46,40,Huynh-Nielsen,4.9,"Officer above thing career. Before science watch his then herself structure.
Feel the all over mission. View season state group. Memory among subject race discover.",True
PROD_00243,Public-key full-range leverage,Sports,Fitness Equipment,Kim Group,38.03,96.18,58.15,8.51,20x14x14,59,Brooks Inc,3.9,"News change few piece. Because short impact these.
Coach prove financial check any society individual page. Partner worry box dream. May class so material upon.",True
PROD_00244,Customizable mission-critical emulation,FASHION,Clothing,"Allen, Butler and Ellis",379.25,634.63,255.38,3.43,16x14x31,35,"Klein, Douglas and Bradford",,"Say necessary myself left prove along occur. Relate risk usually significant.
Personal history hope friend down husband result. Begin president you.",True
PROD_00245,Devolved tertiary capability,Fashion,Clothing,York Inc,168.02,374.07,206.05,3.97,39x36x46,37,Thompson Ltd,3.6,Ground any work condition bank wrong about. Education yard wife foreign raise per help.,True
PROD_00246,Diverse modular workforce,Home & Kitchen,Furniture,Kelly PLC,454.64,955.08,500.44,4.77,41x40x48,41,"Savage, Baker and Sanchez",4.7,"Reach fish various off us mention. Magazine forward second election drug.
Stand step station structure direction social. Child chance around five assume plan.",True
PROD_00247,Open-source heuristic superstructure,Home & Kitchen,Home Decor,Salas-Cannon,168.02,241.91,73.89,6.72,10x20x11,25,Hanson PLC,4.3,"Really keep poor too address then data. Because day customer Democrat support. Place guy board fact cell administration.
Myself dog low add TV. Her one thought doctor increase.",True
PROD_00248,Configurable context-sensitive time-frame,Books,Fiction,"Hunter, Jimenez and James",498.71,1379.48,880.77,9.05,8x45x44,73,Ward-Cooper,4.4,"Best subject recent executive cell close represent. Red physical more.
Prove factor professor call heart source stand. Community subject four ahead establish book general. Sign out rise.",True
PROD_00249,Versatile didactic budgetary management,Electronics,Cameras,"Dickerson, Brooks and Bradshaw",159.97,440.41,280.44,0.64,16x41x31,63,Ramirez and Sons,4.8,"Read in myself piece expert tax.
Similar per great matter hit enter. Speech trouble easy support glass. Stuff test southern prove attorney financial message money.",True
PROD_00250,Secured asymmetric attitude,Sports,Fitness Equipment,"Hull, Nichols and Martin",273.62,523.62,250.0,0.15,35x44x47,38,Hanson-Ford,3.3,"Strong respond toward study. Price option star nice.
Watch across few cause chance for specific. Project represent manager stay.
Movement right need crime. Writer far detail less.",True
PROD_00251,Ergonomic empowering throughput,Books,Educational,Sutton PLC,407.64,815.09,407.45,9.55,10x17x40,59,"Adams, Flowers and Wright",5.0,"Describe fast fast cut specific worry out. Benefit financial wear each just right.
Whole character any interesting southern more edge. Account herself he strategy these reduce.",True
PROD_00252,Digitized eco-centric orchestration,Home & Kitchen,Lighting,"Lopez, Calhoun and Costa",8.24,19.11,10.87,8.67,43x47x32,30,Brooks-Aguilar,3.2,"Address add special fight everybody. Man view box between fast. Everything join light effect.
Happen big blue. Her store kid size keep.
Natural occur social morning skin city difficult.",True
PROD_00253,Monitored mission-critical contingency,Books,Non-Fiction,Mejia Group,258.03,367.24,109.21,4.04,16x36x33,58,"Barrett, Morales and Roach",3.4,Up society enjoy. Foot nothing box despite hotel institution case. Order position Democrat. Couple business service deep knowledge manage.,True
PROD_00254,Mandatory impactful matrix,Home & Kitchen,Furniture,"Holland, Dalton and Mitchell",216.47,278.81,62.34,7.06,48x18x31,36,Hensley LLC,4.6,Month significant either they contain pull. Last fall difference deal lot success lot.,False
PROD_00255,Fully-configurable even-keeled infrastructure,Electronics,Headphones,"Vance, Brewer and Fox",428.25,809.12,380.87,9.19,33x45x8,69,"Schaefer, Clarke and Gardner",3.5,"Mean dinner hope fire though ability. Machine ten factor population become.
However laugh receive strategy. The before security realize drug. Of per human choose eye.",True
PROD_00256,Expanded bifurcated protocol,Electronics,Cameras,Fletcher-Swanson,496.94,897.71,400.77,5.2,34x23x18,0,"Henry, King and Goodwin",4.9,Policy seem here night yet arm meet. Cause black method people kind politics traditional real. Himself education political tonight.,True
PROD_00257,Optional radical concept,Electronics,Smartphones,"Bennett, Gutierrez and Elliott",425.62,1181.61,755.99,9.18,44x41x29,62,"Cooper, Francis and Allen",3.9,Add the consumer find. Avoid range season amount thousand. Customer upon compare value.,True
PROD_00258,Innovative eco-centric Graphical User Interface,Home & Kitchen,Home Decor,Williams-Wiley,65.36,128.92,63.56,1.94,6x47x5,58,Moore-Lee,4.5,Choice soldier movement available much better value. News woman life move. Week news road start case Republican. Civil above positive like house matter but.,False
PROD_00259,Re-contextualized analyzing moratorium,Home & Kitchen,Kitchen Appliances,Mills-Craig,110.27,229.18,118.91,7.74,34x37x29,32,Alexander Ltd,4.1,"Address long discover always brother finally. Travel sure mention indicate attack mouth.
Not large site set best spring. Long own green special. Event site discover after. Ten environmental though.",True
PROD_00260,Advanced background alliance,Sports,Fitness Equipment,Bryant Inc,344.38,647.38,303.0,2.89,27x7x36,51,Raymond-Hughes,5.0,Meet send gun total new bit. Great large item tonight choose and bill into. Radio itself actually.,True
PROD_00261,Optional dynamic analyzer,Fashion,Clothing,Taylor-Downs,119.13,307.63,188.5,7.79,13x47x26,36,Shelton-Sanchez,4.1,Season administration security really. Physical interesting enter such with can. Few how wall water edge year. Race yard care late good almost case.,True
PROD_00262,Right-sized fresh-thinking synergy,Fashion,Watches,Oliver-Garcia,221.87,389.4,167.53,1.62,18x23x25,66,"Holmes, Robinson and Barron",3.7,"Should but task size fly around save also. Tree artist use picture item involve age choice.
Team hear meet hope exactly administration church. Try today test student.",True
PROD_00263,Cross-group impactful Local Area Network,Sports,Team Sports,"Thompson, Carter and Buckley",349.33,665.47,316.14,5.83,45x45x44,73,Robinson-Cox,3.4,"Form popular project allow young heavy between religious. Mention nature right know.
Student involve green such include work meet.",True
PROD_00264,Compatible neutral artificial intelligence,Books,Non-Fiction,Wilson Inc,435.62,926.56,490.94,3.76,37x7x23,38,Wilson-Barr,3.2,"Fill tell catch money site build whatever. This important often.
Upon commercial beat weight little stand several chair. Tree early bed lay sell. Get attack very evening decade. Remember result act.",True
PROD_00265,Persevering heuristic ability,Sports,Outdoor Gear,Suarez Inc,52.1,67.28,15.18,4.27,12x34x47,52,Miller-Walker,3.7,"Include choice soldier administration less center community.
Read agent deal window. Point card left effect professional low.",True
PROD_00266,Optimized regional neural-net,Electronics,Cameras,,184.96,476.9,291.94,8.41,31x48x48,52,Duncan and Sons,4.1,"Enough American against every coach center front. Shoulder include stuff energy decision yard.
That though grow performance. While center protect term billion southern. Seven not brother set quite.",True
PROD_00267,Profound neutral Graphic Interface,Beauty,Hair Care,blake and sons,108.51,284.01,175.5,6.38,40x45x44,48,Lee-Davis,3.9,"Oil ahead service run food none security. Others determine wife least deep official. Likely heavy economic.
Career crime body bag. Involve positive of night themselves.",True
PROD_00268,Compatible dedicated architecture,Beauty,Fragrances,Williams-Stafford,95.57,191.73,96.16,2.19,34x10x46,7,"Silva, Walker and Reynolds",3.5,"Who maintain himself choice this he. Could forward yeah apply.
Actually sport color day.",True
PROD_00269,Visionary uniform neural-net,Books,Educational,Williams and Sons,85.44,161.88,76.44,974.0,6x11x42,69,"Li, Jones and Sanchez",,Read doctor item he. Spend nor family sense voice beat anyone. Miss region music point town. Election size service receive enter yard fish.,True
PROD_00270,Sharable maximized portal,Sports,Fitness Equipment,"garrett, carter and williams",415.65,812.08,396.43,0.17,26x20x36,75,"Fowler, Norton and Jones",3.8,Population visit hard finish value civil race. Until film hair thing. Certain compare during somebody any. Anything month south year whom since remember analysis.,True
PROD_00271,Visionary multi-state superstructure,Home & Kitchen,Furniture,"Lopez, Carpenter and Cruz",345.0,907.48,562.48,0.58,34x19x33,48,Wells Inc,4.0,"Body read meet wind none. Institution pay air able computer trial.
Model politics dream thousand under. Difficult democratic sister move theory environmental.",True
PROD_00272,Decentralized systemic support,Sports,Outdoor Gear,Burnett-Jackson,396.16,804.66,408.5,8.4,32x44x48,60,Beck-Ramirez,3.5,"Bad newspaper here special. Mean ten easy. Station federal sound least white lot. West guess theory when step population yes make.
Build stay return short worker baby. The case find technology.",True
PROD_00273,Streamlined fresh-thinking adapter,Beauty,Skincare,"Morales, Harris and Rhodes",101.25,253.98,152.73,7.22,19x16x38,36,"Reyes, Anderson and Bell",3.6,"Record democratic walk base. Various hundred voice represent itself return market nor.
While economy home them usually expert box wonder. Class fire Democrat.",True
PROD_00274,Polarized multi-state neural-net,Electronics,Cameras,Rodriguez Group,243.94,4396.0,195.66,3.87,7x24x7,54,Church-Chen,3.1,"Glass sing reveal try red. Might force majority move everyone.
May discuss garden ten sport own others.",True
PROD_00275,Up-sized actuating hardware,Electronics,Laptops,"Nelson, Smith and Alvarez",70.63,172.51,101.88,6.0,47x22x10,38,Simmons-Lopez,3.8,Present box name onto cause citizen. Factor once sell magazine never much seat. Indicate let speak language your time site.,True
PROD_00276,Stand-alone asymmetric Local Area Network,Home & Kitchen,Home Decor,Frazier-Powers,440.78,830.71,389.93,5.61,36x5x17,43,Lawrence-Love,3.4,Stand food reduce condition. Behavior including wind. Player bring size simply can.,True
PROD_00277,Reverse-engineered bandwidth-monitored software,Electronics,Smartphones,King-Boyd,58.41,174.01,115.6,1.67,10x38x46,37,Black LLC,4.5,"Themselves assume baby white dinner very determine never. Account training cut interview. Mr sport month consider.
Toward Mr yeah industry.",True
PROD_00278,Integrated homogeneous collaboration,Home & Kitchen,Home Decor,"Payne, Moore and Nelson",209.56,423.39,213.83,3.75,33x38x10,74,Brooks-Ritter,3.2,"Pick treat professional view. Scene building very certainly market town cover.
Behind teacher themselves sign fight before Congress occur. Whether smile it quite open expert strategy near.",True
PROD_00279,Upgradable contextually-based product,Books,Children Books,Hill-Hogan,496.13,1449.22,953.09,9.22,41x23x39,44,"Crane, Walls and Curry",4.8,"Point beautiful mind try unit. Traditional live follow class suffer practice.
Start still during yourself. Assume want man wait very far plant feeling.",True
PROD_00280,Decentralized didactic utilization,Home & Kitchen,Furniture,Graham-Stephens,304.48,712.72,408.24,2.02,36x35x12,44,"Case, Hernandez and Sweeney",4.5,"Director cell how financial fast writer. Population role back.
Card eat stuff after company before girl carry. Property tell general three simple role company.",True
PROD_00281,Secured content-based secured line,Electronics,Smartphones,,169.23,206.05,36.82,7.6,41x18x18,66,Miller Ltd,4.4,Democratic mention morning ready. Cost again mind enter half. Team management home above girl add necessary house. Large marriage push career.,True
PROD_00282,User-centric client-server focus group,Sports,Fitness Equipment,"Mcmahon, Roberts and Bentley",415.0,1010.15,595.15,7.24,40x45x48,54,Garcia Inc,3.9,"Remain southern store cover. Challenge issue trip teacher history dream material without.
Drive purpose into loss deal. Boy successful discuss north gun.",True
PROD_00283,Quality-focused content-based analyzer,Sports,Outdoor Gear,Kim LLC,153.4,358.17,204.77,9.8,33x17x38,48,Robinson Group,4.5,Citizen democratic mouth deal. Wait official week approach now but season. Administration board family travel debate training.,True
PROD_00284,Innovative web-enabled paradigm,Fashion,Watches,Gibson PLC,427.31,1043.17,615.86,3.63,36x12x21,61,Williams Group,3.1,Individual whole baby language message energy. Commercial these after thank win interesting.,True
PROD_00285,Mandatory dedicated leverage,Fashion,Watches,Brown-Ruiz,319.6,625.97,306.37,0.36,13x49x40,62,Kramer-Whitehead,3.3,"Concern live wide commercial know little know series. Moment light item sing owner season.
Approach special while style. Major reduce fly he modern.",True
PROD_00286,Profit-focused uniform model,Fashion,Accessories,"holden, zamora and reese",284.52,820.53,536.01,7.96,24x18x8,35,"Clark, Caldwell and Robinson",4.0,Language how bad moment phone question. Program pattern many. Attention state three step road sea he.,True
PROD_00287,Configurable human-resource encoding,Home & Kitchen,Kitchen Appliances,Davis-Hernandez,169.05,279.45,110.4,8.94,15x10x18,27,"James, Crawford and Alexander",4.2,"Glass pick their own peace. Expert song lead case draw. Evening military eye environmental candidate too.
Soldier main measure choose.",True
PROD_00288,Persistent bi-directional migration,SPORTS,Fitness Equipment,Nicholson-Bennett,204.33,360.96,156.63,3.78,38x8x12,96,Johnson and Sons,3.4,Certainly none drop involve training story fall soldier. Head room country different question sure produce. Respond necessary action leave thus could fly. Reduce outside painting painting buy before.,True
PROD_00289,Future-proofed directional adapter,Home & Kitchen,Furniture,Cantrell LLC,198.7,344.67,145.97,4.96,38x35x14,30,Garcia Ltd,3.5,Century art account old. Player difference road wish nothing left company. Current popular water sense least finish. Six deal official decide.,True
PROD_00290,Cross-group incremental open system,Home & Kitchen,Kitchen Appliances,"Morris, Campos and Hall",86.89,168.76,81.87,3.1,14x38x29,45,Walker PLC,3.4,"Lose thought each return piece. Bed practice vote entire beautiful.
Conference mission lead serious traditional. Community month large focus walk agreement size. Action book leave.",False
PROD_00291,Synergized dedicated Local Area Network,BOOKS,Non-Fiction,Cruz LLC,263.15,680.68,417.53,6.25,34x26x16,107,Smith-Downs,3.7,"Record ground daughter court deal. Capital war street particular bag church Mrs save.
Safe during fine everything Mr reduce. Side product case. List camera condition produce policy social because.",True
PROD_00292,Configurable neutral knowledge user,Electronics,Headphones,"Lambert, Frank and Kramer",280.81,615.76,334.95,-1.0,10x6x42,2,"Garcia, Newton and Anderson",3.4,"Affect analysis plan important far day. Four thing remember single. Wind seek lawyer rock marriage protect star.
Them water term lead she kid. Tough decide program finally pressure same.",True
PROD_00293,Monitored bandwidth-monitored contingency,Sports,Outdoor Gear,"Olson, Armstrong and Mclean",373.95,947.61,573.66,3.41,40x5x34,48,Meyer-Rubio,4.9,"It provide realize hair involve. Generation fly movie executive again.
Thus respond politics. Draw stop source cover mission.
Board full increase own. Daughter end side everything admit send.",True
PROD_00294,Enterprise-wide incremental projection,Home & Kitchen,Home Decor,Melton and Sons,25.76,74.66,48.9,4.88,41x21x40,42,"Anderson, Williams and Stevens",3.9,Understand answer area leader beyond small bring. Same practice never. Activity central wide office city campaign political.,True
PROD_00295,Fundamental object-oriented architecture,Home & Kitchen,Kitchen Appliances,Lloyd Ltd,92.22,148.81,56.59,5.35,15x39x43,63,Ramirez-Turner,3.5,"Either respond I science inside. Material economic even concern apply nice. Kind else until choose large million.
Particular score have allow politics. Himself sea social place heart item language.",True
PROD_00296,Distributed secondary alliance,Electronics,Cameras,"Williams, Miller and Cervantes",268.35,680.13,411.78,8.65,45x22x47,53,Gonzalez and Sons,3.9,"Course old civil eight despite. Contain prepare according. Middle ability energy movement hear hear reflect.
Easy dark man it sing. Practice office air table. Happy finally since future.",True
PROD_00297,Organized contextually-based moderator,Sports,Team Sports,,150.06,216.62,66.56,2.55,12x34x6,54,Juarez-West,3.8,Financial agent owner manage cause organization list discuss. Pretty hour let note new prepare. Community should information gas.,True
PROD_00298,Robust client-server frame,Fashion,Accessories,,349.8,1033.28,683.48,3.31,14x14x34,28,Edwards LLC,3.8,"Opportunity tell modern. Listen later follow war official present that direction.
Work visit difference door town rest. Develop dinner of himself social. Bank really young light ten prove debate.",True
PROD_00299,Sharable asymmetric solution,Electronics,Headphones,Barrett-Thornton,214.31,478.58,264.27,9.17,9x37x15,70,"Thompson, Knight and Cervantes",4.9,Plan training control particularly compare camera. Board follow amount authority leader ago. Business model well live no learn.,True
PROD_00300,Upgradable human-resource migration,Books,Non-Fiction,Jackson-Hicks,464.36,1340.09,875.73,6.45,36x42x24,99,"Glenn, Gordon and Ellis",3.6,Sign professor again young market. Nothing according item machine enough smile view. Strategy sign including before audience western shoulder.,True
PROD_00301,Inverse contextually-based service-desk,Sports,Outdoor Gear,"Odonnell, Palmer and Hill",233.3,690.67,457.37,5.76,18x43x13,33,Lopez-Hoover,3.1,"Ground few man space draw. Before politics business believe film different realize believe.
Quite voice population nor. Bank staff article board decade. Gun baby student interesting.",True
PROD_00302,Enterprise-wide 6thgeneration intranet,Sports,Team Sports,"Hunt, Brown and Barnes",153.48,256.0,102.52,1.16,13x31x32,22,Hall-Meyers,3.2,"Arrive big participant fly less occur drug. Score draw live role. Open leader he no.
International federal rule.",True
PROD_00303,Cross-platform mission-critical matrices,Beauty,Makeup,"Lewis, Steele and Mccoy",323.91,446.83,122.92,5.53,5x6x23,42,"Green, Williamson and Rivera",3.7,"Memory majority garden everybody action health effect kitchen.
Sign born lead fund action. Address strong six here.
Head kid top picture career around allow.",True
PROD_00304,Multi-lateral zero administration Internet solution,Fashion,Accessories,Mckinney Ltd,42.56,83.32,40.76,1.89,9x45x43,46,"Lewis, Khan and King",3.2,"Doctor soon here mother television hold. Perhaps bag budget specific pressure.
Least claim argue let turn rock law. Contain call example quickly rich.",True
PROD_00305,Fully-configurable grid-enabled monitoring,Books,Children Books,"Clark, Vargas and Howell",56.26,159.74,103.48,4.48,36x44x40,41,"Hernandez, Mann and Ramirez",4.4,"Voice success network occur find. Just amount per.
Idea visit look police thought. Sign cultural eat bring center enjoy. Term service seem price.",True
PROD_00306,Digitized maximized emulation,Sports,Fitness Equipment,Copeland-Williams,464.03,1027.47,563.44,3.24,49x13x48,63,"Richardson, Jones and Wood",4.1,Design set soldier campaign. Baby court mouth age take history full. Conference order less join. Look foreign home official Republican amount.,True
PROD_00307,Pre-emptive solution-oriented algorithm,Fashion,Clothing,,275.99,627.6,351.61,0.31,15x30x27,24,Richardson-Gonzalez,3.2,"Eat leave citizen major result themselves. Nation movement drop type join try.
Than especially how stuff. Tree benefit significant far tax late among. Suffer hard third sound wonder.",True
PROD_00308,Team-oriented modular archive,Beauty,Fragrances,"Cooley, Gill and Maldonado",170.19,501.0,330.81,1.61,31x49x40,43,Patel and Sons,4.1,South according arrive human. Perform treatment answer require. Art generation southern role hotel consider respond event. Avoid story policy teach.,True
PROD_00309,Phased fresh-thinking implementation,Fashion,Accessories,Warner LLC,141.04,270.11,129.07,5.42,10x48x25,54,Williams-Boyd,3.5,"Economic he fine five table federal. Century meeting hot visit most really easy.
Reveal present consider many pay. North on decision research.",True
PROD_00310,Proactive discrete superstructure,Beauty,Skincare,Spencer Ltd,100.9,187.66,86.76,5.17,36x46x32,52,"Carter, Moreno and Livingston",4.1,"Ground election behind into energy. Best rather strategy company do or assume.
Garden sort fund full politics church. About before budget business executive.",True
PROD_00311,Organic dedicated benchmark,Home & Kitchen,Furniture,Hickman-Bryant,306.29,0.0,566.24,5.19,8x41x46,27,Green Inc,3.8,"Measure seven also final hundred prepare. From the individual decade subject girl over discover.
Summer commercial any stop law than. Exist physical end serve.",True
PROD_00312,Optional needs-based portal,Home & Kitchen,Home Decor,"Rhodes, Vargas and Daniels",393.51,499.59,106.08,0.69,5x36x22,110,Hardy LLC,4.6,"Country power that yeah. List budget reflect recently so choose.
Address available offer probably. Partner possible cost customer money.",True
PROD_00313,Front-line maximized synergy,Home & Kitchen,Kitchen Appliances,"Mendez, Nelson and Fuentes",377.95,842.79,464.84,2.06,11x34x46,34,Wright Ltd,4.5,Ready person television commercial month clear. Term hear wall side car drug of. Or more card produce factor station. Everybody pay people before.,True
PROD_00314,Future-proofed tangible implementation,Books,Fiction,Henderson Ltd,48.82,118.49,69.67,5.44,46x21x47,9,"Dillon, Baker and Collins",4.3,"Material sport whom get different start. Discuss consider full compare term.
Main meet work action. Feeling able deep trip.",True
PROD_00315,Phased coherent process improvement,Beauty,Skincare,Benson PLC,320.29,441.08,120.79,3.31,13x44x33,9,Williams Ltd,3.1,"Bit just when many. Building part probably size human. Different election there glass point school beat.
She reflect military strong buy.",True
PROD_00316,Integrated responsive migration,Fashion,Accessories,"Greene, Reese and Hernandez",297.54,434.36,136.82,6.39,41x11x14,66,Gonzalez Ltd,4.8,Then hour product expert culture exist wish. Office white term natural. Hold major I industry boy important.,True
PROD_00317,Team-oriented value-added hardware,Electronics,Smartphones,"Sullivan, Rojas and Anderson",23.14,48.38,25.24,6.83,45x44x13,80,Odonnell-Miller,5.0,"Opportunity ground computer test. Yard military ten let matter scientist environment rate.
Choose social almost PM during under feeling story.
Worry often third them school. Some feeling science.",True
PROD_00318,Multi-tiered maximized function,Beauty,Fragrances,Davis Inc,164.89,310.61,145.72,5.79,43x35x14,12,"Conley, Hughes and Spencer",3.0,"Product film present pressure but rule. Drive party know camera throw.
Here item whether amount score send. Ball bar remain win rule not again.",True
PROD_00319,Quality-focused context-sensitive architecture,BEAUTY,Skincare,Kim-Huff,123.59,211.45,87.86,9.21,20x34x38,55,Bishop-Hays,3.6,"Really professor country option agency. Do his room animal prepare well.
Someone democratic good player. Agent pay age peace blue fight force trouble.",True
PROD_00320,Monitored 5thgeneration complexity,Home & Kitchen,Furniture,Werner-Cooke,405.13,624.71,219.58,2.16,38x49x40,51,"Olson, Hernandez and Dixon",4.0,"Put they kind design increase public produce fine. Under bed goal do. Any free may eight wrong.
Mission along analysis first despite police current. Newspaper will represent by by.",True
PROD_00321,Adaptive actuating groupware,Home & Kitchen,Kitchen Appliances,Adkins-Wade,192.2,482.43,290.23,9.16,9x42x26,42,"Russell, Moore and Lucero",3.1,"Special company realize soon wide. Understand in seem. Threat individual will truth wish tough.
Type their together recent. Stock maybe boy as court play.",True
PROD_00322,Monitored actuating parallelism,Beauty,Skincare,"Booth, Burns and Ward",457.41,1036.79,579.38,4.31,9x26x41,29,Knight-Davis,4.1,"Participant less hard really design bit. Particularly foot also.
Against citizen ability paper include themselves cut child. Between before offer away friend seem.",True
PROD_00323,Multi-channeled asynchronous artificial intelligence,Fashion,Clothing,Santos Inc,361.96,699.57,337.61,0.53,32x34x38,107,"Johnson, Coleman and Hill",3.5,"Door lay much management message.
Under piece experience management. Agree bag establish debate. Agent on source.",True
PROD_00324,Balanced bandwidth-monitored paradigm,Home & Kitchen,Lighting,Martinez-Robertson,110.61,196.79,86.18,7.68,44x11x13,27,Wheeler Group,4.7,"Heavy five improve manage my get seek. Free sign hold they. Source song hour student.
Job whatever executive cut them. Energy build arrive.",True
PROD_00325,Virtual multimedia artificial intelligence,Fashion,Accessories,Ward-Ellison,72.84,124.14,51.3,3.4,23x34x44,120,Torres-Bailey,3.9,Just ten example peace within notice street. Population consider seek write health voice camera. Myself now so.,True
PROD_00326,Persistent multimedia Local Area Network,Sports,Fitness Equipment,"Cameron, Kelly and Beard",350.69,622.43,271.74,-1.0,46x45x8,63,Willis-Estrada,3.8,"Leader method enjoy Republican field country off floor.
College Mrs official end.
Who human southern just those of. Sometimes name eat major try suffer. A various field break entire child model even.",True
PROD_00327,Synergized cohesive adapter,Electronics,Headphones,Pope-Wright,337.67,644.9,307.23,0.77,42x11x37,52,Calhoun-Taylor,4.6,"Turn something explain item near throughout this generation. Agency these nation.
Lot set task already cold state exactly. Pull pick them baby no. As piece through matter.",True
PROD_00328,Progressive 5thgeneration task-force,Home & Kitchen,Kitchen Appliances,"Rice, Hood and Barnes",444.14,1213.53,769.39,8.52,26x18x27,39,"Orozco, Cohen and Matthews",3.6,Pattern she street research some. Forget care hundred direction. However choose office heavy follow first. Vote eye street study.,True
PROD_00329,Ergonomic analyzing archive,Beauty,Hair Care,Fuentes-Spencer,62.49,154.26,91.77,0.27,18x49x8,25,Walker-Saunders,4.6,"Inside window sing actually man physical exactly. Study result course Democrat itself edge president.
Also decade about above week bar always hotel. Better movement traditional particular.",True
PROD_00330,Devolved value-added concept,Fashion,Watches,Davis Ltd,331.93,885.48,553.55,3.11,36x49x35,8,Holmes-Kennedy,3.8,"Site catch boy mission smile. Enough fire herself treat world whether example.
With by her part talk range avoid. Public smile trouble. Fear break player send.",True
PROD_00331,Exclusive actuating installation,Books,Children Books,"Thompson, Castillo and Bolton",349.68,576.73,227.05,8.67,46x41x7,54,Waller LLC,4.7,"Start probably here include recent born air. Buy claim fall value. Pass your rich how about Republican experience defense.
Challenge mind perform test fund unit everything. Expect because when.",True
PROD_00332,Innovative client-server knowledgebase,Beauty,Hair Care,"Phillips, Wilson and Jackson",431.42,855.91,424.49,8.8,42x31x35,38,"Wood, Gomez and Bridges",3.6,Region third real off concern. Cause kitchen open these such case century. Energy go level claim citizen force writer.,True
PROD_00333,Function-based attitude-oriented database,Fashion,Accessories,"Fields, Miller and Pugh",90.0,137.54,47.54,5.98,11x14x38,1,"Allison, Shaffer and Bennett",3.6,"Job attack send information huge. Step difference memory mean however government figure. Situation country camera.
Case region side better term. Eye explain attention environmental.",True
PROD_00334,Future-proofed human-resource projection,Electronics,Tablets,,109.07,166.29,57.22,3.86,28x11x44,27,Camacho PLC,4.8,"Despite next leave prove. Collection us stop throw before. Bring only she remain although.
Group range Mrs how product have.",True
PROD_00335,Horizontal asymmetric forecast,Fashion,Shoes,Robbins Group,370.32,955.48,585.16,8.31,12x40x42,18,"Callahan, Shelton and Russo",4.2,Try building huge thing forget good. Only name develop occur partner. Environment discussion mother let. Form across city join though.,True
PROD_00336,Optional solution-oriented neural-net,Beauty,Makeup,Brown-Simpson,65.71,104.53,38.82,8.95,9x26x29,44,"Peterson, Shepard and Tucker",3.8,Can buy time it each. Near change too issue add cold ago anything. Road seat page here across.,True
PROD_00337,Optimized optimizing initiative,Sports,Fitness Equipment,Mitchell PLC,151.14,362.82,211.68,1.44,12x49x21,104,"Kelly, Harding and Cooper",3.7,Pick western single prove similar nice current. Early lose first sure.,True
PROD_00338,Versatile bi-directional open system,Fashion,Clothing,"Murphy, Lawson and Avery",55.07,155.2,100.13,3.01,11x17x44,33,Ross and Sons,,Even note through any understand station figure. Item laugh speech baby suffer lose. Reason relate situation kind everyone base.,True
PROD_00339,Operative tangible solution,Beauty,Skincare,"Giles, Hayes and Pitts",73.57,95.77,22.2,3.96,15x28x47,74,Williams Ltd,4.9,Television agency allow hit finish. Treat be view strategy get involve. Environmental matter they. Newspaper everybody thus agency black.,True
PROD_00340,Innovative intermediate hub,BOOKS,Children Books,"Peters, Reyes and Adams",67.85,92.44,24.59,8.91,36x13x27,13,"Johnson, Jacobs and Brown",3.5,"Soldier set challenge house. Mouth year require foreign.
Where day training financial series price pattern. Young hour authority specific father coach tend. Appear yet money often strong board.",True
PROD_00341,Fully-configurable human-resource frame,Home & Kitchen,Home Decor,Morris-Cole,102.08,163.17,61.09,4.95,19x49x7,24,Stevenson PLC,3.6,"Mean total task lead. Can father of south. Boy suggest treat answer fine entire perhaps.
Anything some environment minute. Election similar on away.",True
PROD_00342,Cross-platform content-based workforce,Sports,Outdoor Gear,,456.56,1345.05,888.49,8.2,18x43x6,14,Fleming PLC,4.0,Card study one ground person. Teach ago idea will carry stay focus else. Decade feeling action member.,True
PROD_00343,Cloned full-range synergy,Books,Children Books,"Berry, Miller and Lambert",140.42,417.21,276.79,1.95,21x9x39,34,Vargas-Yang,3.2,Policy raise from American here great. Career whole assume assume director back. Turn hour current light near science stop be.,True
PROD_00344,Realigned foreground portal,Books,Non-Fiction,"King, Smith and Long",260.57,350.26,89.69,6.37,47x31x38,83,"Russell, Williams and Burke",3.8,Arm wall same property interest dinner close. Hold opportunity wrong I she activity. Professional lose friend maybe her drop.,False
PROD_00345,Adaptive mobile capacity,Beauty,Makeup,"Salinas, Cook and Ayala",282.82,470.54,187.72,3.33,41x16x31,100,Krueger-Santiago,,"Financial town organization. Seek bad first avoid science.
Tend who bit any other explain. Similar home bar seem.
Nice common image pretty. Beat law full PM raise.",True
PROD_00346,Optional regional extranet,Sports,Outdoor Gear,Sanchez and Sons,92.97,229.01,136.04,2.51,40x32x7,67,Lopez LLC,3.5,"Adult rock study station throw there family. Per film month. Financial page pressure produce fine political.
Thus direction create hospital three require out. Bad opportunity magazine test enjoy do.",True
PROD_00347,Face-to-face reciprocal capacity,Fashion,Watches,Hughes-Evans,54.22,92.9,38.68,0.21,12x26x10,56,Goodman and Sons,3.4,Truth financial source civil forward result media religious. Bring ability less. Reflect she president usually often room key. Drive spend build state.,True
PROD_00348,Synergized context-sensitive implementation,Fashion,Watches,"Williams, Evans and Sanchez",495.79,647.67,151.88,9.84,13x41x21,61,Newman Group,4.4,"Fall likely suffer chair name. Thus mention about between final reason. Watch clearly company movement officer level his.
State real around beat might must performance.",True
PROD_00349,Streamlined fresh-thinking toolset,Home & Kitchen,Furniture,Ramos Ltd,309.79,892.56,582.77,7.79,45x6x13,24,Gonzalez-Mosley,,"Remain hard hotel play several rule simply camera. Actually human already career happy establish whatever. Entire family part themselves water range mean.
So term in become most.",True
PROD_00350,Optional actuating extranet,Books,Non-Fiction,Luna Group,498.08,654.98,156.9,5.75,44x17x33,56,"Thomas, Carrillo and Wu",,"Sport become science trouble or anything growth. If know whole.
Gas risk would hotel. Keep deal teacher receive own serious. What everyone kind.",True
PROD_00351,Ergonomic discrete encoding,Electronics,Tablets,Jones-Fernandez,254.38,490.03,235.65,2.8,14x12x6,40,Johnson Inc,4.4,"Thus population hit on recognize. Behavior several approach against.
Film shoulder production my manager alone. Have place eight store range word. Write military gun foreign expert building.",True
PROD_00352,Fully-configurable bi-directional encryption,Sports,Outdoor Gear,Rivas LLC,479.22,1431.12,951.9,697.0,31x43x15,-50,Franklin-Sullivan,3.1,Try after son car carry staff. Ago fund plant fine page word. On year suffer sing sell above. Research direction ground central treat indeed beat.,True
PROD_00353,Multi-channeled dedicated paradigm,Sports,Team Sports,,95.36,218.54,123.18,0.91,48x35x32,8,"Chavez, Martin and Wright",4.8,"Ball provide mention could upon. Soon although whose by foot only. Never risk usually somebody president single.
Travel much people well training mother situation college.",False
PROD_00354,Decentralized homogeneous extranet,Beauty,Skincare,"Cherry, May and Davis",474.19,779.11,304.92,0.46,27x23x32,36,Ramos LLC,3.7,War management fast question professor expect democratic safe. Every world argue before money discover act. Nearly wind science audience.,True
PROD_00355,Decentralized eco-centric hub,Electronics,Tablets,Rogers Inc,490.78,720.48,229.7,8.77,43x35x34,67,Villarreal-Day,4.6,Every evidence recent hot. Word raise civil produce particularly also home. House interview room leg suddenly win long.,True
PROD_00356,Synergized global orchestration,Home & Kitchen,Furniture,"Newman, Sanchez and Fox",117.11,240.55,123.44,2.29,27x5x14,82,Kim-Tran,4.6,Southern half position almost foreign. Address all voice age.,True
PROD_00357,Grass-roots disintermediate toolset,Home & Kitchen,Furniture,Anderson LLC,419.27,1095.97,676.7,8.22,33x7x15,53,"Diaz, Gibson and Ross",3.3,Drive kid west lot tonight appear human house. Common near kitchen production. Return note end design guess when.,True
PROD_00358,Persistent modular archive,Books,Educational,"Harrington, Curtis and Walker",332.75,920.64,587.89,-1.0,23x27x9,95,"Harris, Brown and Patel",3.8,"Mother understand woman home wonder point reason. True no audience above law music safe.
Machine seem training entire have decision. Hair interest join. Fight she cell left.",True
PROD_00359,Multi-channeled 3rdgeneration artificial intelligence,Electronics,Cameras,"Chaney, Torres and Ferguson",59.57,82.59,23.02,9.61,17x25x35,38,Villa-Vaughn,3.1,"Case here future always. Throw drug service poor music.
Situation anyone possible those tend power bring voice. Also finally rather lot child hear. Century table two though.",True
PROD_00360,Synergistic regional matrices,SPORTS,Fitness Equipment,Martinez-Parker,457.97,1217.8,759.83,9.02,34x31x24,82,Barnes Inc,3.4,"Him camera peace system imagine issue surface be. Process off west. Whether increase career land read candidate try.
All authority so line Democrat. Thousand ever value picture billion.",True
PROD_00361,Total analyzing paradigm,Sports,Outdoor Gear,"Johnson, Stewart and Morgan",40.76,88.42,47.66,3.19,37x45x29,52,Campbell-Logan,3.9,"Body reduce none difficult final. Perhaps body determine determine floor value article.
Particular interesting itself admit yet. Hard home condition window it assume add.",True
PROD_00362,Decentralized well-modulated initiative,Fashion,Shoes,Jackson Ltd,91.44,184.13,92.69,8.77,33x11x19,47,Hubbard-Grimes,4.4,"Magazine because baby impact majority record house. Season whether dark continue.
Red range eye song just. Team defense common. Table write condition continue color assume car.",True
PROD_00363,Object-based contextually-based productivity,BEAUTY,Fragrances,"Wise, Owens and Duke",222.01,395.2,173.19,0.75,40x45x48,56,"Ramirez, Mccormick and Garza",4.9,"Worry able deal act high modern draw. State form degree challenge.
Main total whether across why nothing various. Simple whole yes cup spend. Own out responsibility under pass.",True
PROD_00364,Multi-lateral mobile analyzer,Home & Kitchen,Furniture,"Baxter, Olson and Miles",109.34,238.31,128.97,0.13,29x46x34,1,"Lawson, Jones and Bowman",3.7,"American eat law far goal month. Smile receive his time charge really skill chance.
Find hotel true value eye yeah film.",True
PROD_00365,User-friendly reciprocal emulation,BEAUTY,Fragrances,Patterson Group,165.36,252.95,87.59,314.0,10x12x38,83,Mcgee Group,3.2,"Manager minute social fall woman population the age. Similar never be sound.
Decide number kid modern company. Day country rule. System thing maintain risk TV air admit.",True
PROD_00366,Grass-roots dynamic array,Books,Fiction,,345.52,489.25,143.73,9.2,16x20x38,46,"Yoder, Brady and Oliver",3.2,"Food thank time measure life. Pm tax call speak edge. Return suddenly rest end candidate.
Every consider large. Water action right. Player those career interest.",True
PROD_00367,Diverse secondary analyzer,Sports,Fitness Equipment,"Rasmussen, Schneider and Stevens",12.69,25.7,13.01,-1.0,25x34x37,0,Moody-Robertson,4.0,"Far rock across fast method. Away option energy carry throw especially.
Why member really over blue section back. Pick dinner military huge write ten specific technology.",True
PROD_00368,Optimized didactic groupware,Books,Children Books,Adkins and Sons,391.64,1115.45,723.81,1.04,7x49x21,58,Jones-Bowers,3.6,Beautiful experience debate sound. Ground consumer run become Mr. Before name task company challenge offer herself.,True
PROD_00369,Managed stable projection,Electronics,Laptops,Harris and Sons,227.23,643.25,416.02,7.71,40x40x5,3,"Brown, Stephens and Stevens",4.2,"Without car animal chair. War similar TV wait son easy any.
Summer life investment beautiful executive eight find picture. Against happy your top address radio.",True
PROD_00370,Horizontal composite flexibility,Fashion,Accessories,Bell and Sons,137.65,195.35,57.7,3.2,36x14x9,50,Hicks-Henderson,3.8,Nearly treatment black low area break human. Something organization responsibility behind course computer whole. Very peace security for suddenly reduce. Bed pattern break others.,True
PROD_00371,Business-focused even-keeled process improvement,Books,Educational,"Nicholson, Wilson and Thomas",142.67,319.12,176.45,7.83,11x32x39,45,Nelson LLC,3.5,Read traditional moment research approach together. Approach style discuss song still card authority. Answer amount movement just lead data.,True
PROD_00372,Assimilated context-sensitive extranet,Fashion,Clothing,Phillips Inc,427.88,1183.66,755.78,-1.0,13x22x47,67,Hayes-Hampton,4.8,News firm during race. Plan wife goal agree. Seat American only edge school. Inside can trouble Republican heart admit family hospital.,True
PROD_00373,Diverse regional moratorium,Fashion,Watches,"Reynolds, Sanders and Le",67.04,176.36,109.32,9.51,17x5x16,51,"Maddox, Hardin and Padilla",4.0,Morning nature actually theory. Design dark five respond water top own.,False
PROD_00374,Automated uniform workforce,BOOKS,Fiction,Rivera-Welch,104.02,267.94,163.92,144.0,26x46x25,81,Smith-Walker,4.4,Important since must account direction heart human. Site wife ever cost those. Receive provide fund everybody treatment friend approach building.,True
PROD_00375,Self-enabling multi-tasking success,Fashion,Watches,Crawford LLC,400.54,816.77,416.23,5.02,19x36x26,18,"Lopez, Stokes and Gilbert",3.8,"Consumer forward purpose east thank. Possible voice high painting she may summer. Difficult old matter.
Hear court itself. Likely base agree son develop stay claim.",False
PROD_00376,Programmable heuristic migration,Electronics,Laptops,Delacruz LLC,436.53,1169.26,732.73,9.89,20x44x20,40,Joyce LLC,4.6,Trade wall TV either never fill opportunity. Then herself rise meet soon. Investment still interview health power short imagine.,True
PROD_00377,Progressive transitional database,Beauty,Fragrances,King LLC,227.63,409.96,182.33,8.81,11x19x19,31,"Gilbert, Chang and Reed",4.9,Term north can cause song. Air certain everyone manage whose. Drop relationship perhaps them suddenly rock girl crime.,True
PROD_00378,De-engineered attitude-oriented throughput,Sports,Fitness Equipment,Edwards-Carlson,92.54,144.07,51.53,2.01,35x18x33,56,Miles Inc,3.2,"Treat speak their somebody attention. Region explain trip floor score relate left.
Dark them management ever analysis star. Factor two without yeah manage suffer.",True
PROD_00379,Adaptive actuating synergy,Sports,Outdoor Gear,Oneal and Sons,53.99,69.04,15.05,4.27,23x14x27,55,Tran-Cruz,4.9,"Teacher affect course near make. Reach point expert hard people heart. Require stay character person since smile wall.
Movie music successful finish stand. Leave east figure.",True
PROD_00380,Team-oriented explicit pricing structure,Electronics,Laptops,Sanchez-Lopez,191.22,530.75,339.53,0.87,9x40x29,-50,Morris Group,3.9,Hour break dog parent. Smile market wall matter. Life run hit according mind station.,True
PROD_00381,Advanced discrete throughput,Books,Non-Fiction,"Ray, Campbell and Huynh",355.74,1023.82,668.08,4.84,5x22x16,45,"Armstrong, Wilson and Jordan",3.5,"Challenge style Mrs. Hand small character cause be give box.
Reflect opportunity hear play make yes. Week read box figure. Society firm feeling wear with cultural wonder case.",True
PROD_00382,Quality-focused bi-directional collaboration,Home & Kitchen,Home Decor,,292.44,563.83,271.39,9.36,30x15x24,57,Murphy Ltd,4.9,"May expert news party scientist economic major. Toward first follow no visit bring.
Book person rather student bed usually. Live word Democrat himself son action.",True
PROD_00383,Versatile multi-tasking algorithm,Electronics,Tablets,Krause-Jackson,428.03,622.7,194.67,8.1,37x14x48,72,"Castro, Wilson and Moore",4.8,"Over family among dinner from during institution. Pressure you weight somebody suffer.
Out different laugh series though. Edge yeah show create skin couple. Culture oil yet purpose phone hard.",True
PROD_00384,Fully-configurable fresh-thinking instruction set,Beauty,Skincare,"Lambert, Williams and Mendoza",496.42,12393.099999999999,742.89,4.4,30x5x24,70,Cervantes and Sons,5.0,"Treatment health respond year country media. Today tough crime admit degree bar.
We official can brother small partner leave society. Officer hear least explain most poor miss.",True
PROD_00385,Customizable zero administration encryption,SPORTS,Fitness Equipment,Medina PLC,402.87,585.8,182.93,525.0,43x7x7,52,"Collins, Goodwin and Hurst",3.3,"Nothing her me left born pretty. President since rather certainly cup seven cultural.
Second much majority surface level particularly. Coach assume action.",True
PROD_00386,Switchable optimal concept,Fashion,Accessories,"Higgins, Pearson and Sullivan",124.6,197.84,73.24,4.02,24x16x14,24,"Mejia, Kline and Copeland",3.3,"Foot purpose I. Six necessary ago Democrat.
Less he energy quickly information. Campaign cause trial quickly camera for while. Memory when building both.",True
PROD_00387,Sharable radical alliance,Fashion,Clothing,Mullen LLC,214.95,396.93,181.98,1.82,8x40x47,88,Maxwell-Hamilton,3.0,"Attention concern few team. More occur beyond various bill though much. Marriage good memory high move season face movie.
Surface film because sound. Adult old drug health production mind growth.",True
PROD_00388,Enterprise-wide directional contingency,Electronics,Laptops,Williams Ltd,308.84,630.65,321.81,8.07,9x18x31,25,Fischer Ltd,,"Ten guess cause sign including single good food. Know certainly east season factor him medical.
Always campaign coach service car. Company policy scene goal. Hard point book hard work laugh.",True
PROD_00389,Ergonomic multi-state attitude,Electronics,Laptops,"Harris, Smith and Hodge",279.56,488.23,208.67,6.78,49x26x17,25,Stevens Ltd,4.0,Us tree current she analysis good question. Feeling must cold choice.,True
PROD_00390,Quality-focused 24/7 intranet,Fashion,Accessories,Brown-White,330.25,528.64,198.39,-1.0,32x31x36,50,Ramirez Ltd,4.0,"Religious in budget spring enjoy note. My why sound recently student. One until nature none some.
Government case join remain.
Crime discover family perhaps. Until two style candidate.",True
PROD_00391,Fully-configurable grid-enabled protocol,Fashion,Shoes,Mcmillan-Hart,417.65,630.44,212.79,3.73,35x48x15,64,Soto and Sons,3.7,"Science half different road fish represent fast. Father me camera.
Receive gun across someone. How vote theory security understand team ever. Thank despite body firm unit.",False
PROD_00392,Devolved 24hour contingency,Electronics,Headphones,"Sanders, Davis and Lawrence",470.54,649.75,179.21,9.63,6x41x9,24,"Harrison, Melton and Garcia",4.4,"Time then reason allow during. Wide camera PM once.
Feeling plant unit kid suffer speech. Scene discover kid assume mother trouble. Hospital evening prevent require.",True
PROD_00393,Configurable responsive circuit,Home & Kitchen,Home Decor,Newton-Reilly,163.32,307.75,144.43,7.68,35x13x7,62,"Burton, Ross and Allen",3.8,Then present always great as increase significant apply. White history firm somebody condition. Certainly lay table century staff.,True
PROD_00394,Progressive tertiary analyzer,Fashion,Clothing,Garner-Morales,113.54,288.33,174.79,4.7,19x34x48,30,Drake-Kemp,4.9,"Between blood economic maybe. Over significant type possible which.
Rich study spring population sign available professor. Sort hotel ready protect mind cost around.",True
PROD_00395,Business-focused asynchronous orchestration,Sports,Outdoor Gear,"Contreras, Rodriguez and Campbell",360.33,476.33,116.0,5.07,16x21x25,35,Barrett-Hughes,,"Mission safe main have value. Minute security whether type beyond. Middle truth box form.
Show research close big. Hear treat forward major draw grow.",True
PROD_00396,Phased neutral methodology,Sports,Outdoor Gear,"Mcclain, Rodriguez and Mills",126.9,367.66,240.76,8.56,9x34x9,105,Avila-Medina,4.0,Such always when sense away field. Wall human from page almost let. Home Democrat mission often data. Discussion doctor with wish us.,True
PROD_00397,Adaptive human-resource middleware,Beauty,Makeup,Lang Ltd,327.58,537.59,210.01,4.97,41x17x13,43,"Johnson, Burke and White",3.3,Any scene image late. Road team cost street edge total. So main nothing.,True
PROD_00398,Customizable context-sensitive time-frame,Electronics,Laptops,Acevedo-Garcia,251.42,501.32,249.9,7.67,36x33x9,84,Santiago Inc,3.4,Minute ahead project individual opportunity service. Open quality hope reduce state allow herself. Despite explain difference.,True
PROD_00399,Synergized interactive ability,Electronics,Tablets,Kelly-Gonzales,80.85,227.8,146.95,8.66,43x11x13,45,"Lopez, Carr and Thomas",4.5,Market partner window war consider message apply phone. Buy soldier where unit address prevent.,True
PROD_00400,Team-oriented intangible access,Electronics,Smartphones,Thompson PLC,434.06,627.89,193.83,0.71,36x47x22,78,Johnson-Pittman,3.6,Such cold for stop federal process week. Which goal reflect him health third. Account upon door safe.,True
PROD_00401,Virtual systemic focus group,Books,Educational,Brown Inc,284.27,719.33,435.06,2.21,43x48x12,28,"Cuevas, Morgan and Dixon",4.6,"Idea that sound. Tv anything sea. Share big phone upon two.
Far respond community response western. Grow media here make.",True
PROD_00402,Networked multi-state time-frame,Home & Kitchen,Home Decor,"Acevedo, Perez and Medina",133.4,376.26,242.86,4.53,30x41x13,46,Fox-Nelson,4.1,"Scientist exist bad home many claim. Already response exist spend.
Above want suddenly child our. Not example product them before pay mouth.
Police consumer accept yard among much because.",True
PROD_00403,Digitized intermediate help-desk,Electronics,Cameras,Rojas-Fernandez,325.24,401.94,76.7,0.25,33x44x49,41,James PLC,3.1,"Most economic tree bar. Than interview but draw green guy popular.
So over share civil fly. Scientist scene push education statement finish edge.",True
PROD_00404,Centralized fresh-thinking structure,Books,Children Books,Thompson and Sons,236.91,688.09,451.18,-100.0,19x45x20,60,"Randolph, Allen and Rodriguez",3.4,"Because key perhaps see suffer already cup.
Research summer modern. Reflect store travel wide leader husband. Should career worry science like common.",True
PROD_00405,Polarized context-sensitive product,Sports,Team Sports,"Brooks, Grant and Baker",128.94,276.28,147.34,3.46,47x16x30,29,"Chan, Navarro and Stewart",4.5,"Star season service just threat loss require. Bed tree up act world tend budget.
Artist stuff song team. Move south low lay.",False
PROD_00406,Object-based directional migration,Books,Children Books,Medina PLC,98.86,148.95,50.09,0.34,35x9x37,32,Clark-Bowers,3.1,"Town state deal gun explain available. Her risk heart.
Every ground simple population. Pay suddenly sing according clearly cell plan contain. Situation more measure husband full direction.",True
PROD_00407,Quality-focused holistic policy,SPORTS,Outdoor Gear,Bradford Group,375.62,536.09,160.47,606.0,26x6x18,22,Black-Hernandez,4.6,Clearly white must. Lose rock discussion charge case evening. Outside exactly few including voice difficult.,True
PROD_00408,Right-sized mission-critical workforce,Sports,Fitness Equipment,Arnold Ltd,478.14,888.69,410.55,5.69,22x31x19,53,Franklin Group,3.8,Home together itself strategy hundred room from. Recent probably image realize. Investment community oil. Late citizen admit compare.,True
PROD_00409,Polarized homogeneous methodology,Fashion,Shoes,David PLC,245.43,504.9,259.47,8.31,13x46x32,101,Harris-Hudson,3.7,"And today eight defense admit popular economic. Social whom Mr and.
Food long recognize choose movie. Close attorney plant miss during design.",True
PROD_00410,User-centric composite pricing structure,Beauty,Makeup,Stephenson Inc,75.4,185.17,109.77,5.53,29x32x21,42,Brown-Allison,4.9,"Develop good relate represent. Statement try week point physical talk right.
Near rule that other argue. Land only role reach. Pick voice join up.",True
PROD_00411,Ameliorated tangible concept,Books,Fiction,Armstrong and Sons,22.73,31.14,8.41,6.77,9x19x35,46,Cisneros-Daniels,4.2,Cell full three fall toward need whether. Ready movie camera become three argue. Policy social available little could free happy.,True
PROD_00412,Adaptive discrete database,Home & Kitchen,Home Decor,King-Wallace,425.27,513.76,88.49,1.23,5x46x43,35,"Smith, Jones and Castillo",4.5,"About choice money. Follow easy property no. Appear attorney several wind police national.
She carry our somebody. Choose especially change ahead hard. Cell major food.",True
PROD_00413,Mandatory systemic hub,Sports,Fitness Equipment,"Miller, Adams and Frank",283.25,693.41,410.16,3.06,29x20x45,62,Joseph LLC,3.4,"Nothing real southern room industry. Training factor concern lawyer statement. Compare director cell country contain.
Military but interesting watch hotel cell reality. Hundred watch stay call.",True
PROD_00414,Function-based empowering initiative,Electronics,Cameras,Williams Inc,213.01,471.13,258.12,6.19,29x48x40,41,Bailey-Hunter,4.9,Indeed lawyer page beat suffer you dog every. Break foreign traditional. Skill third interesting. Yeah the his budget.,True
PROD_00415,Profound fresh-thinking interface,Sports,Team Sports,Willis-Rhodes,63.46,147.89,84.43,7.84,24x38x37,73,Daniel-Harris,4.3,"Try against opportunity. House rate firm pressure yet hospital individual.
Kid chair read strong. Line fight focus explain large various.
Possible PM job. Movie worry culture.",False
PROD_00416,Intuitive zero-defect system engine,Books,Educational,Reilly-Lee,470.3,668.6,198.3,9.52,17x35x7,87,Santos-Weiss,3.7,Body speak probably sport. A throughout model after. Simple own win majority.,True
PROD_00417,Decentralized eco-centric standardization,Sports,Outdoor Gear,Brown-Mcdowell,206.9,481.25,274.35,3.71,41x8x28,60,Thomas-Morgan,3.6,Attention hear cold class skin remain increase. According stock base three. His practice star we determine while economy kid.,True
PROD_00418,Progressive bottom-line flexibility,Electronics,Cameras,Hill PLC,285.83,655.98,370.15,3.52,10x37x42,20,Williamson and Sons,4.9,Do although specific myself focus lawyer ok. Cell image writer section news last. Seven difference can himself edge expert look.,True
PROD_00419,Automated neutral matrix,Books,Non-Fiction,Benitez-Mcpherson,440.06,975.09,535.03,2.06,8x47x42,28,Jones-Massey,3.7,"Grow their allow available leader. Keep accept which beyond think.
General few issue. Production deal picture wish TV.",True
PROD_00420,Devolved directional core,FASHION,Accessories,Jordan and Sons,77.41,107.75,30.34,7.59,18x36x30,55,Smith LLC,4.0,"Federal like plan last center method miss. Remain fear short guy.
Pass field month production group question. Cover analysis allow join. Such maybe commercial brother PM yet next.",True
PROD_00421,Automated scalable project,Home & Kitchen,Kitchen Appliances,Fisher-Pittman,477.72,1392.15,914.43,8.0,29x10x32,58,Olson-Evans,,"Marriage prevent between suddenly around black. Yourself husband wear participant moment peace meeting.
Other research feel truth. Enter window world list why hotel.",True
PROD_00422,Diverse multi-tasking support,Beauty,Hair Care,Marks-Lynch,300.36,567.22,266.86,2.16,32x45x6,51,"Reyes, Miller and Snow",4.7,No into assume. Election reason how beautiful surface issue fly. Camera art human most yes board. Whole table itself expert.,True
PROD_00423,Customizable reciprocal algorithm,Home & Kitchen,Kitchen Appliances,Anderson Inc,125.19,184.75,59.56,7.86,25x34x23,60,"Jimenez, Davis and Chavez",4.1,Cup week break as those center. As important dream. Professor interesting perform class water significant friend.,True
PROD_00424,Optional transitional success,Sports,Outdoor Gear,Brown Inc,232.38,674.93,442.55,0.3,12x46x42,88,Campbell-Morris,3.9,Modern traditional couple yeah everybody discuss. Worry run question paper whom.,True
PROD_00425,Re-engineered intangible parallelism,Electronics,Laptops,Gray-Francis,235.17,630.43,395.26,4.9,23x16x44,74,"Goodman, Lopez and Gomez",3.5,"Discussion at painting year instead. Wall onto factor game now officer time reach. Reduce staff case chance.
Discussion sign live citizen just bank or. World tell chance from plant up.",True
PROD_00426,Up-sized clear-thinking focus group,Sports,Fitness Equipment,"Delgado, Morris and Rowland",285.83,792.52,506.69,25.0,26x19x16,26,Glenn Ltd,3.9,"Plant best son body these staff author. She it employee article identify.
Early business happen.",False
PROD_00427,Right-sized zero tolerance circuit,Beauty,Hair Care,drake-gonzalez,373.93,617.94,244.01,5.29,46x40x42,51,"Adams, Watkins and Hanna",4.4,We act plant week now what. Rich scene huge quite defense tough. Fall measure say treatment decide.,True
PROD_00428,Programmable client-server service-desk,Fashion,Accessories,Huber-Simpson,240.44,433.37,192.93,9.18,20x33x33,97,Ryan-Thomas,3.3,"Notice ground she learn. Behavior our human ever case.
Phone feeling president list now. Thing sea important whom before national defense. Quality serious make lot he her could themselves.",True
PROD_00429,Horizontal national framework,Fashion,Clothing,Scott-Calhoun,52.62,105.04,52.42,0.76,28x30x30,50,"Sanchez, Patel and Conrad",3.3,"Easy road better TV turn event realize. Travel sort red figure bring language. Shoulder learn garden six ask next.
Decade candidate ok decision. Modern put general sea his vote.",True
PROD_00430,Up-sized empowering capability,Home & Kitchen,Lighting,Lee-Santos,167.36,366.74,199.38,2.39,27x49x16,43,"Campbell, Walker and Wood",3.9,"Throughout different production they necessary. Democrat agreement follow serve. Us entire here vote deep.
Wind write body this community. Not leader teach ten after.",False
PROD_00431,Team-oriented bottom-line Internet solution,Beauty,Hair Care,Dickerson PLC,346.39,911.5,565.11,0.6,30x16x28,69,"Davila, Saunders and Weaver",4.1,"Media culture career forward establish card blue. Sound seek century visit three different more. Condition benefit not character.
Space administration support policy back. Congress and year boy have.",True
PROD_00432,Profit-focused web-enabled firmware,Beauty,Fragrances,"Richardson, Thomas and Jones",263.94,417.81,153.87,6.21,33x26x39,16,Leon LLC,4.3,"Close bed guess control. Modern face few environmental relate cup better heavy. Black research degree bad community floor trip become.
Eye pattern stage southern bring.",True
PROD_00433,Vision-oriented motivating ability,Fashion,Accessories,Sexton and Sons,306.16,766.96,460.8,6.4,30x38x33,64,Bell-Price,3.7,Own rule sport type hand fear contain. Leg close other environmental before director. Hear appear despite production pressure yeah.,True
PROD_00434,Multi-layered hybrid matrices,Books,Non-Fiction,Holmes-Lynch,98.34,182.68,84.34,4.58,49x31x28,25,Castillo-Roberts,3.3,"Determine hospital game letter by. Present feel simple employee official executive politics public. History reveal why present.
Difficult hour risk easy. Country under once.",False
PROD_00435,Front-line client-driven moratorium,Sports,Outdoor Gear,Goodman LLC,74.9,185.69,110.79,8.26,31x16x36,32,"Edwards, Flores and Roman",4.9,Major best stay thousand person our wife beat. Here place catch enough land maintain.,False
PROD_00436,Synergistic content-based interface,Home & Kitchen,Furniture,"Nguyen, Reyes and Rivers",286.87,552.33,265.46,5.5,17x36x26,24,Roberts and Sons,3.9,"Do draw argue skin special however.
Ok quality degree word return. Foot pull prove start full. Physical deal push.
Police challenge whatever. Represent water enjoy investment girl.",True
PROD_00437,Multi-channeled intermediate capability,Sports,Outdoor Gear,"Diaz, Aguirre and Hicks",478.41,836.39,357.98,8.48,9x15x9,36,Booth LLC,4.1,"Central spring suggest blood impact cut. Support everybody thus hard mention live that.
Plan seven she station issue. Race sit kitchen good management say order. Music only art environment eat south.",True
PROD_00438,Persevering needs-based extranet,Sports,Outdoor Gear,Mitchell-King,313.15,849.85,536.7,9.83,37x44x5,60,"Collier, Sawyer and Vargas",3.6,"Key matter rock house table. Whole whatever explain through process every.
Action section exist guy enough media. Expect those itself article scene some. Training suggest likely house care within.",True
PROD_00439,Virtual upward-trending attitude,Books,Non-Fiction,Vincent-Wiley,136.75,265.76,129.01,1.95,34x45x9,53,Williams-Olson,4.7,"Fish Mr dark fund Mr pull big give. Almost should notice cup player.
Make position five every. Agree continue never travel practice state.",True
PROD_00440,De-engineered exuding collaboration,Fashion,Accessories,Smith-Miller,319.71,669.71,350.0,8.9,11x29x18,109,Holder-Clark,3.1,My indicate summer medical beat. Pass few per. Wind and education dark seven exactly film as. Pressure customer half son.,True
PROD_00441,Persevering intangible interface,Books,Educational,Mendoza and Sons,6.75,19.27,12.52,8.29,32x30x40,100,Sanders Ltd,4.6,"Live why yet design back focus.
Throughout dream ever under. Easy almost company time over forward.
Act like above fast reason. Process today store move hit.",True
PROD_00442,Synergized object-oriented algorithm,Books,Educational,"Brown, White and Porter",51.02,115.54,64.52,8.0,36x33x33,78,"Gardner, Marshall and Ortega",4.5,"There since condition strong without part black. Himself difference national recent Mr.
Purpose state just miss citizen this manager. Water reality seek. Need by carry reason.",True
PROD_00443,Up-sized attitude-oriented focus group,Electronics,Smartphones,Robinson-Murphy,279.83,439.73,159.9,7.93,31x49x21,0,Orozco Inc,3.0,Themselves story billion vote until standard. Economic into arm. Then executive to add I scientist.,True
PROD_00444,Implemented demand-driven paradigm,ELECTRONICS,Smartphones,Jones Ltd,409.53,882.7,473.17,0.77,9x17x31,57,"Gonzalez, Smith and Humphrey",4.0,Which next behavior course defense heart blue. Form wear their describe character happen. Green culture election yeah.,True
PROD_00445,Pre-emptive grid-enabled structure,Home & Kitchen,Kitchen Appliances,Parsons PLC,240.03,403.56,163.53,6.39,47x14x14,103,Ramos-Henderson,4.4,"Life fast small character mouth success nature society. Employee fast bring. Finally nation couple tonight.
Class behavior get force low memory. Baby amount most church last.",True
PROD_00446,Open-architected demand-driven access,Fashion,Shoes,Nguyen-Schneider,417.44,532.52,115.08,-1.0,17x5x42,54,Abbott and Sons,4.6,Learn community sing expert hundred between since speech. Hair check either. Job century different east about without.,True
PROD_00447,Reverse-engineered 4thgeneration hub,Electronics,Laptops,"Thompson, Davis and Mendoza",14.66,40.52,25.86,2.21,5x48x41,36,Jones LLC,3.8,"Force view dog across explain nothing. Possible computer get may visit indeed.
Same trouble Democrat gas law south similar. Mother team all from run. Young give early behavior once change.",True
PROD_00448,Adaptive even-keeled hub,Books,Educational,Taylor Inc,380.37,776.69,396.32,1.16,23x46x37,80,Good LLC,3.6,"Leader order matter product hard girl. Level participant agent.
Magazine describe man top church away system plant. Room what put hope seem. All specific dinner say.",True
PROD_00449,Cross-platform neutral functionalities,Electronics,Laptops,,492.77,765.05,272.28,0.95,17x14x5,40,"Vasquez, Cox and Jacobs",,Soon hope data decade get. Stuff site shoulder organization star change military much.,True
PROD_00450,Focused next generation help-desk,Home & Kitchen,Home Decor,Smith PLC,366.17,1000.19,634.02,1.36,21x14x15,34,Ramirez Group,3.6,"To their never according child name. Personal join must.
Public shake rise knowledge rise. Tend drive group recent friend successful skill.
Item modern including bed series the. History data appear.",True
PROD_00451,Face-to-face dynamic functionalities,Books,Fiction,"Martin, Edwards and Miller",448.12,1088.9,640.78,3.94,33x25x19,74,"Phillips, Stanley and Patton",3.6,"Dream operation happen. Choose example free field add fall brother. Rock manage finish actually school open.
Design perform money apply. Level late capital decision.",True
PROD_00452,Up-sized hybrid pricing structure,Books,Non-Fiction,Burns-Stevenson,162.23,266.58,104.35,4.82,43x27x11,39,Johnson PLC,5.0,"Exactly practice power.
Reason within would billion now another. Heavy although out yard.
Nation concern Mrs guy. Everything out fill method. Into those make plant article.",True
PROD_00453,Focused object-oriented intranet,Fashion,Clothing,,301.33,892.57,591.24,7.67,25x42x38,52,"Swanson, Lopez and Evans",4.8,"Leader finally likely though ground its write. Feel you bar language. Need follow degree writer provide.
Remain require modern owner. Candidate firm city positive event world.",True
PROD_00454,Universal intermediate synergy,Electronics,Headphones,Mcdonald and Sons,181.16,393.54,212.38,3.98,42x9x41,44,Garcia PLC,,"Situation employee although. From health cold lose growth fund pull. Yard tree level.
Turn early kid home across time politics. Always politics treatment might. Then but front fight fight.",True
PROD_00455,Optimized demand-driven firmware,Electronics,Smartphones,Lopez-Pena,312.31,712.16,399.85,6.63,26x32x39,16,White-Gomez,,Seek Mrs again international if party. Blood on agency myself follow grow Democrat. Act television knowledge process guess.,True
PROD_00456,Self-enabling context-sensitive functionalities,Fashion,Clothing,"Roberts, Reed and Bell",349.02,764.39,415.37,9.22,48x7x27,90,Black-Salazar,3.5,"Consider feeling very since stop. Truth military mother several month.
Data art late community avoid by. Church service whose picture price. Writer feeling sure kid.",True
PROD_00457,Open-source multimedia project,Sports,Outdoor Gear,Daniel-Horn,145.3,422.07,276.77,3.95,34x32x25,40,Gentry-Wells,4.8,Authority worker perhaps standard itself of ready. Wife month sound must explain power room.,True
PROD_00458,Triple-buffered background groupware,SPORTS,Fitness Equipment,Acevedo Ltd,359.31,489.62,130.31,1.79,14x39x49,21,Hogan and Sons,3.8,"Place chance Congress bank good major morning. Government Mr show contain two.
Some go pretty then into serve budget. Feel necessary not among. Degree sign five current.",True
PROD_00459,Progressive tertiary matrices,Fashion,Watches,"Hudson, Howard and Hernandez",387.54,673.12,285.58,1.21,35x41x8,5,Mccarthy Group,3.1,"Among summer old carry itself meeting model. Figure make key husband.
Successful provide throughout those voice and country.",True
PROD_00460,Sharable modular process improvement,Sports,Fitness Equipment,"Smith, Joseph and Horton",144.26,283.96,139.7,1.67,28x24x35,42,Murray-Carpenter,3.7,Factor drug garden arrive mention least daughter contain. Minute may ahead. You increase main pressure one those.,True
PROD_00461,Extended exuding service-desk,Home & Kitchen,Furniture,Fowler-Myers,429.09,677.88,248.79,7.73,34x21x17,48,Medina Ltd,4.3,"Behavior brother produce house weight scientist quickly. Beautiful job real worker exist take. Age subject enough.
Design cut wonder young good. Others board they imagine PM support onto.",True
PROD_00462,Extended tangible matrix,Fashion,Accessories,"Mejia, Scott and Ballard",151.17,245.03,93.86,9.55,48x21x21,112,Hill-Baker,,"Care stock reduce. Far question more guy.
Discover return whose. Either writer tonight maintain management allow. Speak through individual consumer unit. Point doctor control old mean.",False
PROD_00463,Intuitive hybrid array,Fashion,Accessories,Rice PLC,436.43,1123.75,687.32,3.96,17x30x12,44,Murphy-Brown,4.4,"Operation treat short wish seven leg. Beyond kitchen trial example radio pattern win.
Out nearly clear. And lead state series. Down too value girl organization sort.",False
PROD_00464,Total holistic access,FASHION,Clothing,Conner-Horn,267.38,497.04,229.66,8.55,30x21x28,71,Garcia-Mcfarland,3.9,Father admit crime whole surface already especially. Exist voice process environment. Collection claim future deal.,True
PROD_00465,Public-key 5thgeneration model,Electronics,Tablets,"Vance, Brock and Walker",483.01,1351.02,868.01,-1.0,9x15x28,80,Park Group,4.6,Middle upon include listen yes. Bad while imagine throughout four thought themselves tree. Pay natural news place fire we father.,True
PROD_00466,User-friendly foreground framework,Electronics,Headphones,Young-Howard,238.15,323.88,85.73,5.22,33x33x33,70,Mills and Sons,4.9,"Under only ground save type letter mouth. Dinner toward name these. Religious late others something star interview its.
Free always second prove right.",True
PROD_00467,Stand-alone well-modulated firmware,Home & Kitchen,Kitchen Appliances,Harris-Alvarez,351.97,1019.38,667.41,4.59,27x25x30,35,Hernandez-Lawson,3.8,It Republican cold if again ever minute mouth. Improve response himself fear because as today. Election enter give.,True
PROD_00468,Virtual background firmware,Books,Educational,Patterson-Baldwin,347.88,763.32,415.44,7.68,8x6x48,41,Riley Ltd,3.2,"Industry more simple movie. Enjoy painting call week range charge. By environmental Mr this step probably break answer.
Else professor Democrat natural manage garden black resource.",True
PROD_00469,Versatile coherent flexibility,Electronics,Laptops,Martin-Deleon,198.5,308.42,109.92,7.71,11x28x31,15,Gonzales-Christensen,4.0,"Husband single series interest yeah professional. Able accept film explain class among should.
Exist design production. Culture very when court.",True
PROD_00470,Right-sized systemic Graphic Interface,Books,Fiction,"Davis, Gomez and Ibarra",236.95,430.54,193.59,7.79,19x47x22,61,Campbell Ltd,3.0,Along degree me because be. Customer city together rich. Politics participant eye especially.,True
PROD_00471,Progressive non-volatile artificial intelligence,Beauty,Hair Care,Lynch-Hernandez,206.6,559.39,352.79,7.12,26x48x21,61,Smith PLC,3.9,Stock seem item tonight everything side. Because receive speak heart.,True
PROD_00472,Team-oriented content-based concept,Beauty,Fragrances,Lewis-Smith,219.85,536.93,317.08,2.51,46x34x21,45,Harris-Morris,4.7,Assume series style culture program. Threat culture store development stop hear option. Staff accept debate indicate.,True
PROD_00473,Front-line regional array,Home & Kitchen,Home Decor,Cruz-Spencer,97.42,121.88,24.46,1.11,23x24x19,56,"Williams, Dudley and Garcia",4.6,"End rather effect let would office shake. Including student about key. Garden eight war director.
Official crime quite service keep.",True
PROD_00474,Fundamental radical access,Home & Kitchen,Home Decor,Simmons Ltd,222.46,378.09,155.63,6.22,17x36x9,12,Garza-Bauer,3.8,"After raise share she serious town. Four fear often.
More professor today forget join condition. Notice machine best clear government start politics.
Body detail fund trouble.",True
PROD_00475,Cross-platform multimedia intranet,Beauty,Skincare,"Wilson, Villarreal and Velasquez",132.2,237.42,105.22,7.87,21x36x20,16,Myers-Nelson,4.2,Standard sort budget cut senior stay tax. Base would soldier box. Type partner heavy activity dinner.,True
PROD_00476,Team-oriented secondary instruction set,Electronics,Cameras,Cooper-Ramsey,358.2,940.62,582.42,6.91,22x49x17,68,Mueller Inc,3.2,"Process thing wrong those job win front. Door opportunity produce American teacher.
Growth west care free gas. Other huge rock. Recently question evening natural short single.",True
PROD_00477,Centralized bottom-line middleware,Sports,Outdoor Gear,Mcintosh Group,188.53,243.55,55.02,0.7,41x23x21,56,Little-Murphy,4.4,"Follow present where. Capital talk this body. Win like how.
Group he have score process medical old. Hit common card represent far somebody if.",True
PROD_00478,Enhanced 24/7 protocol,Beauty,Hair Care,"Hood, Lucas and Gonzalez",86.46,238.01,151.55,8.21,38x34x40,86,"Fields, Sanchez and Rojas",4.4,"Range participant could manage like throw door. Shoulder out such tend anyone husband film clear.
Say military accept once sing just two. Sometimes thousand add.",True
PROD_00479,Quality-focused bi-directional help-desk,Beauty,Skincare,"Palmer, Thompson and Riley",60.11,84.68,24.57,7.97,21x19x20,56,Pugh and Sons,3.8,Gun citizen pressure wonder yourself. Rule no consider home truth weight raise. Everything news draw. Thought rest attack until church.,True
PROD_00480,Organic empowering installation,FASHION,Clothing,Bentley-Walsh,151.12,397.59,246.47,9.39,14x5x5,46,May Ltd,4.4,"Four ground often drive seven.
Response cover protect ball carry half same. Make five air represent ahead education Democrat.
People of sea. Likely purpose up response.
Maybe growth window arm idea.",True
PROD_00481,Fundamental grid-enabled collaboration,Electronics,Cameras,Bailey-Mcgrath,449.76,930.62,480.86,3.33,15x5x12,49,Nelson-Wilson,3.6,Themselves sound present. Industry language each buy say international. Bit building easy. Age talk believe source middle know build.,True
PROD_00482,Face-to-face bandwidth-monitored Local Area Network,Electronics,Tablets,Marshall Inc,280.29,566.07,285.78,7.65,43x17x43,22,Clark-Hayes,3.6,"These matter worry chair ago her follow. Provide hour fire.
Girl dog perhaps form. Include none doctor development. Him magazine feel summer ever production.",True
PROD_00483,Re-contextualized bottom-line moderator,Books,Fiction,Franklin PLC,316.8,640.88,324.08,0.49,41x6x18,29,"Warner, Walters and Rogers",4.8,"Matter management check tonight mission ball. Discussion far type seven build miss choice.
Board side cold new sit black. Crime vote research door. Player create cultural since rock politics.",True
PROD_00484,Cross-group interactive framework,Books,Children Books,Martin Group,109.62,254.81,145.19,9.89,9x29x47,48,"Jones, Garcia and Johnson",4.9,"Education seem service. Painting difficult force early participant early under.
Professor specific he their. Give this you fill build.
There travel space degree. Skin between few page capital.",True
PROD_00485,Ergonomic even-keeled hardware,Beauty,Skincare,Owens-Mahoney,313.47,732.86,419.39,3.13,8x10x19,27,Cuevas-Anderson,4.1,Should arrive suggest produce to open space. Car point summer others wear huge which.,True
PROD_00486,Seamless human-resource pricing structure,Beauty,Skincare,Montgomery-Miller,49.86,81.05,31.19,4.99,16x8x19,5,"Anderson, Travis and Ramos",3.7,"Page door avoid. President Republican list religious.
Other friend purpose election member window. Moment admit material training.
Cover consumer husband live.",True
PROD_00487,Programmable interactive middleware,Books,Non-Fiction,Grant LLC,424.76,664.92,240.16,7.08,24x47x7,38,"Johnson, Malone and Howard",4.1,"Actually culture account know there different. Nearly price world physical idea.
Fact effort sister. End several end great law. Cold if write thousand bed himself quality.",True
PROD_00488,Down-sized neutral migration,Books,Children Books,"Valdez, Peterson and Carlson",60.64,142.17,81.53,-1.0,23x11x29,29,Arnold PLC,5.0,"Water reason everyone college what. Civil character machine agency.
Near among real provide someone value section six. Also until enough player office.",True
PROD_00489,Re-engineered cohesive Graphical User Interface,Electronics,Cameras,Edwards PLC,389.09,702.81,313.72,8.7,12x39x32,60,"Smith, Gray and Snow",3.1,"Statement family development understand consider bad view. Meeting late remember.
Suffer half own agency. Doctor letter measure throw room large build protect. Meet at where.",True
PROD_00490,Profound upward-trending encoding,Fashion,Accessories,Reeves-Davis,370.97,1034.74,663.77,0.55,30x34x17,40,Miller PLC,4.6,Church throw lawyer network. Must tough tell short third range tax per. Establish day number figure card address song.,True
PROD_00491,Cross-platform upward-trending initiative,Home & Kitchen,Furniture,Gonzales-Anthony,157.63,317.19,159.56,3.18,27x13x15,40,Kerr LLC,3.6,Wrong drive claim day environmental. Five beat five others spring half during sound. Our next throw then security.,False
PROD_00492,Extended multi-tasking functionalities,Sports,Fitness Equipment,"Lawrence, Wade and Johnson",98.34,176.97,78.63,4.2,45x28x22,60,Spencer Inc,4.8,Attorney fact candidate meeting full with. Wear support magazine.,True
PROD_00493,Reactive 24hour pricing structure,FASHION,Shoes,Beck-Steele,406.55,646.43,239.88,2.14,41x30x23,57,"Hernandez, Snyder and Mitchell",3.3,"Understand letter write lose prepare his line. Cold wrong middle tonight market.
Left determine senior yet ten enjoy certainly. Film probably TV audience.",True
PROD_00494,Future-proofed tangible knowledgebase,Sports,Outdoor Gear,Ellis-Thompson,356.66,919.59,562.93,8.9,23x34x29,42,Travis LLC,3.2,Threat language stock public. This and quickly fire floor.,True
PROD_00495,Digitized mobile open architecture,Home & Kitchen,Lighting,,78.04,222.53,144.49,4.25,15x13x9,39,Hall-Donaldson,4.5,Run close style special difficult land. Catch people series west include different artist. Dream artist local interview specific remember choice.,True
PROD_00496,Robust foreground benchmark,Books,Non-Fiction,Johnson-Ramirez,297.2,556.36,259.16,4.93,12x28x44,0,"Holmes, Nielsen and Hernandez",4.7,"You rich character off training us. Gun lose third help list. Myself order instead.
Measure stop fly eight inside can. Need size short we accept recognize. Trade give much TV toward piece.",True
PROD_00497,Profound eco-centric policy,Beauty,Skincare,Gregory and Sons,256.52,389.17,132.65,3.82,18x38x8,55,"Barnes, Williams and Donovan",3.7,Idea debate light best speech quality himself. Condition plant month body everything. Which media move test player. Particularly PM despite hand factor though.,True
PROD_00498,Adaptive systematic concept,Books,Non-Fiction,"Roberts, Lopez and Jordan",499.45,645.1,145.65,6.71,29x24x26,0,Coleman PLC,4.7,"Staff step baby hit event. Decade seven enter. Maybe group partner beyond role.
Successful likely even card. Student move response some section identify. Eye work four war board.",True
PROD_00499,Seamless mission-critical approach,Fashion,Clothing,Pena Group,103.12,142.76,39.64,9.28,46x8x20,62,Reid-Jones,3.2,"Worker sometimes agree real state anything. Space watch night past film. Fast thought see man guess here state.
Trial realize whom six four offer. Million difference measure research nature.",True
PROD_00500,Polarized zero tolerance leverage,Sports,Fitness Equipment,"Singleton, Jacobs and Merritt",487.24,633.46,146.22,1.33,43x47x5,54,Thomas LLC,3.4,"Forward but poor eye. Again anything affect act sing author likely page.
Subject work military catch.",True
PROD_00501,Expanded 24hour focus group,Electronics,Cameras,Gould-Guerrero,427.46,920.37,492.91,4.66,19x49x6,32,"James, Graham and Long",4.0,Star official give education summer. Capital sport daughter skill write great bad. Enter move mean church. Never official because eight east hour number.,True
PROD_00502,Configurable logistical standardization,Books,Fiction,"Lawson, Sawyer and Smith",475.96,939.66,463.7,1.01,29x6x47,46,Russell-Gallagher,5.0,"Company coach animal morning huge. Right often today again inside address.
Fly spend Mrs imagine better process man. Material action direction manager. However cold spring understand.",True
PROD_00503,Organized foreground parallelism,Beauty,Fragrances,Robinson Group,359.1,822.76,463.66,-1.0,24x6x45,45,"Cantrell, Henry and Edwards",3.8,Offer until north. Themselves consumer green memory decide. Create my operation past partner number.,True
PROD_00504,Front-line 24/7 leverage,Sports,Fitness Equipment,Lindsey PLC,460.91,723.08,262.17,4.7,15x9x9,9,Patrick LLC,3.5,Certainly political street bring thing also science. Treat give box could already if. That method base dark.,True
PROD_00505,Enterprise-wide encompassing functionalities,Fashion,Watches,"Farrell, Williams and Rodriguez",355.89,951.91,596.02,6.25,40x14x36,89,Taylor Ltd,3.6,Provide investment yeah lawyer reason. His media land skin.,True
PROD_00506,Re-contextualized human-resource access,Home & Kitchen,Kitchen Appliances,Davis PLC,259.33,581.8,322.47,2.14,6x46x40,32,"Fox, Smith and Patterson",4.4,"Model anyone them fight college Mr. Writer forget put ground process.
Final keep theory meet factor. Morning condition program marriage director center commercial.",True
PROD_00507,Operative next generation function,Home & Kitchen,Home Decor,Reed PLC,283.74,362.87,79.13,8.86,47x47x44,73,"Miller, Rosario and Smith",4.2,"News report design six they management. Place then do finally physical cut.
Source own ball similar foot. Event way short develop other may would. Image keep character plan.",True
PROD_00508,Object-based bandwidth-monitored software,Electronics,Smartphones,,305.65,740.36,434.71,3.96,30x25x39,48,Martinez Group,3.3,"Recently between stop here general. Pull stand possible almost only.
Lead such difficult site service trip hundred recently. Here black together grow. Through campaign conference hospital pull eat.",True
PROD_00509,Universal national neural-net,Home & Kitchen,Kitchen Appliances,"Lee, Nichols and Garcia",222.42,455.28,232.86,9.42,45x42x18,39,"Jacobs, Vazquez and Foster",3.3,"Public others girl morning music. Seven capital floor I skill activity quite.
Deal less view far rock involve want up. None your development study can debate.",True
PROD_00510,Implemented composite concept,Electronics,Tablets,"Morris, Marshall and Morgan",121.94,360.91,238.97,740.0,31x20x36,41,"Garcia, Thomas and Brown",5.0,Real everyone career book star space base. Expect American and. Short support discover fire. Act sign career really.,True
PROD_00511,Pre-emptive local structure,Fashion,Clothing,Johnson Inc,352.29,770.69,418.4,0.25,15x25x29,30,Richardson Ltd,3.7,"Should most commercial step place likely. Word summer plant oil loss. Board anyone newspaper teacher yeah agreement.
Over job song perform give. Author civil describe more style kid.",True
PROD_00512,Compatible global open system,Beauty,Skincare,"Ruiz, Lee and Shea",195.35,549.3,353.95,1.51,46x24x18,40,Coleman-White,4.1,"Understand machine write above hard heavy system. American like card need.
Business song customer maintain approach. Wonder reflect pressure identify challenge lawyer.",False
PROD_00513,Switchable discrete interface,Electronics,Cameras,"Simmons, Clark and Dalton",259.03,351.79,92.76,0.59,47x32x45,69,"Harrell, Hatfield and Johnson",4.7,Our scientist represent win what tend. Because traditional seek evening bad. Toward meet already how operation school. Morning art six actually other.,True
PROD_00514,Networked real-time policy,Fashion,Watches,"Austin, Waters and Brown",108.82,231.98,123.16,3.84,24x21x46,77,Garza Inc,3.9,"Move voice require team lot. Structure agency listen have argue father. Member always of almost.
Like far draw southern laugh. Avoid practice what.",True
PROD_00515,Vision-oriented asynchronous initiative,Books,Educational,Diaz-Davis,93.55,255.52,161.97,4.08,38x42x24,46,"Moore, Henry and Williams",4.7,"Well scientist pick simple real. Family price thing usually price way public instead.
Move speech training race sure first. Particularly prove carry join.
Apply also start measure entire.",True
PROD_00516,Polarized zero tolerance product,Home & Kitchen,Lighting,"Mills, Osborne and Franklin",342.8,0.0,227.36,2.49,39x26x10,46,Chambers and Sons,3.4,"Education name method involve direction production authority. Sense now himself middle.
Pm particularly audience. Success like enough card. During all practice show ever.",True
PROD_00517,Expanded dedicated neural-net,SPORTS,Outdoor Gear,"Johnson, Mills and Horton",83.68,194.45,110.77,8.66,30x35x35,33,"Clark, Smith and Jenkins",3.2,"Such population such scientist. Serious tough site middle list soldier happy. Relate necessary area development out.
Citizen coach argue agency standard. Six investment authority leg important.",True
PROD_00518,Polarized logistical initiative,Home & Kitchen,Kitchen Appliances,King Group,430.57,852.38,421.81,4.17,12x13x15,16,Duran PLC,3.2,Recent democratic find. Sometimes listen run half eat rock. Building detail son stay value.,True
PROD_00519,Business-focused multi-state attitude,Sports,Fitness Equipment,Ball-Ward,273.66,457.78,184.12,9.35,47x33x14,10,Chen and Sons,4.1,Else within moment want beyond mouth. Under structure TV hold political since knowledge mention. As money section popular remain assume.,True
PROD_00520,Open-architected 24hour toolset,Fashion,Accessories,Lewis LLC,283.65,430.28,146.63,1.5,7x5x15,53,Rodriguez Inc,4.5,"He across bit leave. Ten television attack open another within leg. Fund from art if this head down.
Tonight than history military rich new. Attack work a about. Until sense star arm structure.",True
PROD_00521,Down-sized leadingedge application,Electronics,Smartphones,"Campbell, Patton and Stewart",364.43,826.72,462.29,0.32,38x15x13,95,Long LLC,4.5,"Miss involve total better billion. Republican Democrat school simply system. Baby government must how detail.
Remain job then down. Against perform reach close total hand conference realize.",True
PROD_00522,Extended background capacity,Sports,Outdoor Gear,Yang-Davis,402.23,1151.54,749.31,341.0,45x14x40,41,Bradford-Butler,3.7,"Evening party bank onto including. Tv right draw couple ground. For impact bed mission clearly. View very design land.
Follow upon large represent system. Partner investment prevent begin material.",True
PROD_00523,Cloned incremental challenge,Sports,Fitness Equipment,Deleon Group,70.86,155.31,84.45,1.14,15x5x48,82,"Benjamin, Banks and Hall",4.0,"Eye put box each near manage do. Imagine forget process son.
Just administration author peace. Present morning move learn sing hard entire.",True
PROD_00524,Reduced motivating parallelism,SPORTS,Outdoor Gear,Morrison-Mcintyre,422.11,668.82,246.71,1.6,9x14x40,43,"Young, Davis and Reeves",4.1,Activity go box speak Congress rest. Probably arrive everybody now fish. Traditional improve apply east require success thousand.,True
PROD_00525,Proactive fault-tolerant Local Area Network,Electronics,Headphones,"Lopez, Williams and Blanchard",167.45,412.15,244.7,6.82,37x14x49,52,Smith-Wright,3.5,"Grow prove performance person. Service improve without better course.
Treatment usually tonight of development. From staff onto get throughout everybody. With figure interesting already.",True
PROD_00526,Optimized 24/7 success,Sports,Team Sports,Pitts-Holt,184.88,546.7,361.82,5.52,49x21x42,54,Pearson-Young,3.5,Recognize start several in six. Lot kid turn usually. Whose me material receive step beautiful choice.,True
PROD_00527,Optimized 3rdgeneration circuit,Home & Kitchen,Furniture,Salazar-Carroll,217.54,585.24,367.7,7.04,46x38x39,74,Chandler Inc,4.3,Begin cup stage let baby. Bed former property floor. Fall huge church best.,True
PROD_00528,Cross-platform empowering parallelism,Electronics,Cameras,Rogers-Snyder,125.37,156.16,30.79,5.08,45x23x40,35,"Mendez, Gomez and Bauer",3.6,"Economic food building see around public whole place.
Democrat people news health home yourself day. Rich job morning technology. Interesting year effort million record.",True
PROD_00529,Re-contextualized system-worthy core,Electronics,Tablets,Martinez PLC,251.88,645.61,393.73,6.49,39x46x6,62,Patterson PLC,4.4,"Bag important officer risk indeed recent six color.
Including author sense social name. Approach without trade.
Source off some skin small. Run here she voice officer nice country.",True
PROD_00530,Re-contextualized transitional groupware,Fashion,Clothing,Harmon-Hayes,451.99,893.26,441.27,9.08,11x29x37,53,"Ramos, Rivera and Meyer",4.8,"Yes rich stay present. Positive last bill number character. Natural chair military indicate be.
Between value sign free. At information the commercial Mr run.",True
PROD_00531,Ergonomic bandwidth-monitored toolset,BOOKS,Fiction,House Group,88.92,115.41,26.49,4.22,41x23x44,60,"Bauer, Day and Garcia",3.7,"Threat but total agency. Civil manage everybody sister practice alone watch.
Buy kitchen image book. Letter politics eye worker before. Kid task dream clear various friend right only.",True
PROD_00532,Fully-configurable content-based task-force,Home & Kitchen,Furniture,Ramirez PLC,212.79,279.53,66.74,1.3,43x40x31,49,"Charles, Small and Clark",4.8,Own number commercial agreement have laugh picture plant. Side sea item. Stage avoid get notice voice though thus executive.,True
PROD_00533,Universal interactive software,Books,Non-Fiction,"Adams, Henry and Velazquez",301.63,484.42,182.79,9.04,48x16x35,11,Levine-Thompson,3.0,"Whose ever quite. Little movie war may play.
Star by budget. Challenge more record whose very your note.
Leader position various available know quality.",True
PROD_00534,Quality-focused transitional emulation,Books,Fiction,Patton-Castillo,411.07,606.43,195.36,0.94,32x12x25,101,Johnson PLC,3.8,"Quickly need citizen.
Best environment structure total lay sell.
Common war each claim color. Actually nothing fire market both. Then move miss large then make.",True
PROD_00535,Right-sized transitional function,Beauty,Hair Care,Morton-Gonzalez,285.68,849.13,563.45,8.79,47x26x46,60,Wallace Group,4.5,"Traditional program include end mother successful term. Born share establish give think even air.
Bill alone money. Stage tell lot follow start so.",True
PROD_00536,Visionary well-modulated database,Fashion,Watches,Jefferson Group,218.98,635.89,416.91,76.0,41x34x36,35,"Rodriguez, Montgomery and Holloway",4.6,"Visit friend mouth believe none member. Mind land serious series whether offer.
Feeling close anything. Friend result natural boy song hand money. Become reveal practice interview accept.",True
PROD_00537,Optimized global framework,Beauty,Skincare,Patrick-Robinson,448.83,1167.33,718.5,0.88,16x10x31,42,Snyder LLC,3.3,"Perform trip give.
Not or research. Get event environment white later from hold. Form answer you speech above involve section learn.",True
PROD_00538,Public-key content-based moratorium,Home & Kitchen,Furniture,,172.83,425.03,252.2,4.39,10x47x23,55,Bartlett-Anderson,5.0,"Sure also measure arrive cold offer. Job piece charge should plan here garden late.
Western population blood question government partner. Approach develop feeling get word store.",True
PROD_00539,Multi-lateral 24/7 installation,Books,Non-Fiction,Ward Group,28.99,69.5,40.51,5.9,14x34x20,38,Schmidt-Jackson,,"Add force necessary. Opportunity once manager center. Effort at position listen. Real especially account.
Religious traditional performance let ten eat society. Big home land participant act.",True
PROD_00540,Balanced actuating website,Beauty,Makeup,"Powell, Rodriguez and Grant",36.8,72.46,35.66,4.38,44x36x49,56,Smith Ltd,3.3,"Minute type light age quality themselves do. Human local else glass.
Receive describe individual. Rich under money food magazine share. Class break compare per political price whom.",True
PROD_00541,Multi-channeled upward-trending utilization,Sports,Team Sports,"Vance, Lee and Hernandez",494.06,1112.51,618.45,2.96,6x48x10,74,Mcgee LLC,4.8,"Lose decide movie about job stay. State church middle shake great loss test.
Agency believe fly debate small. Hotel issue southern technology throw player daughter report.",True
PROD_00542,Robust context-sensitive flexibility,Beauty,Fragrances,Mclean-Knight,290.86,357.42,66.56,5.4,29x33x44,48,Matthews PLC,3.6,"Listen respond red.
Star live protect conference kind who address line. Land huge peace activity. Sense American remain throughout record central side.",True
PROD_00543,Team-oriented 24hour customer loyalty,Electronics,Smartphones,Paul-Ramirez,34.02,53.13,19.11,4.54,48x19x6,34,Moody-Cervantes,4.1,"Book apply look wrong. Beautiful suggest short court. Opportunity admit write either until.
Bit describe determine. Pull page past follow despite ahead. East all officer yes management magazine.",True
PROD_00544,Multi-tiered high-level implementation,Fashion,Watches,"Flowers, Sanchez and Hayes",340.69,460.5,119.81,4.9,7x9x31,46,Hawkins LLC,3.8,"Expect worker whose religious recognize. Knowledge hundred every century media chair.
Need there traditional. Easy both increase throughout such artist air yourself.",True
PROD_00545,Triple-buffered solution-oriented workforce,Electronics,Smartphones,Abbott Group,125.98,336.61,210.63,1.06,44x26x43,86,Mills-Cruz,4.9,Off add end week land. Meeting like piece two oil traditional charge. Need front final anyone.,True
PROD_00546,Vision-oriented bifurcated adapter,Sports,Fitness Equipment,"Mcdonald, Nicholson and Conrad",271.65,518.97,247.32,1.33,29x44x43,61,Morrison PLC,4.9,Interest senior foot a behavior. Third must believe another hope stage.,True
PROD_00547,Extended fresh-thinking workforce,Sports,Team Sports,Hudson Group,291.29,607.17,315.88,5.89,35x16x15,52,Martinez and Sons,3.5,"Pay watch support market service suggest. Town reduce next national.
Operation event loss nothing.
Who way natural piece figure always water. Camera hospital carry effect Mrs.",True
PROD_00548,Devolved regional product,Electronics,Laptops,Garcia-Jones,268.77,349.36,80.59,3.29,30x8x35,51,"Mueller, Schmitt and Miller",4.8,"Including most then myself never. Here also with send. Painting music suggest author decide north sound.
Happy leader at forget blue. Party structure firm.",True
PROD_00549,Intuitive heuristic definition,Sports,Fitness Equipment,Smith-Best,405.48,681.54,276.06,3.71,36x28x41,48,Liu-Owens,3.2,"Sing old hand. News method thus reality save parent. Inside four through economic.
Peace consumer happen woman effect. Business floor meet which center.",True
PROD_00550,Sharable context-sensitive moderator,Electronics,Cameras,Atkins LLC,43.31,75.24,31.93,2.08,11x22x40,0,Woods-Mcbride,3.3,"Plan myself several art the weight.
Central finish election race middle authority. Off professional rather painting. Analysis seven type eye know.",True
PROD_00551,Switchable dynamic throughput,Electronics,Smartphones,,64.1,189.9,125.8,8.14,22x23x16,39,Allen-Davis,3.5,"Build marriage education. Blood end modern several.
Imagine view method top manage. Choose five point including week. Security interview number down various per them.",True
PROD_00552,Persevering solution-oriented protocol,Home & Kitchen,Lighting,Gutierrez-Marsh,324.49,661.71,337.22,1.7,42x40x21,107,"Davis, Munoz and Gonzales",4.6,"Billion nice age hospital though. Enter move sometimes condition. Then two myself response take sound garden.
Whole positive into happen. Style skill reduce especially effect price country fire.",True
PROD_00553,Synergized modular monitoring,Books,Children Books,Snyder LLC,294.37,529.66,235.29,3.96,37x28x25,32,"Ferguson, Jones and Ward",3.3,"Statement return listen room area friend already above. Bank prove it her food six. Son property hard be official.
Boy tend three subject treatment. Myself current throw real just six I.",True
PROD_00554,Function-based next generation intranet,Electronics,Headphones,"Mendoza, Rogers and Blair",219.46,483.56,264.1,1.12,29x34x36,80,Tran Inc,4.5,Find radio stock level land than year. Significant ask ahead partner.,True
PROD_00555,Persistent next generation encoding,Beauty,Fragrances,Vaughn PLC,330.03,986.99,656.96,6.44,7x15x13,50,Butler-Calhoun,3.0,"Condition walk for often ever voice consumer whole. Place sometimes those though return suddenly.
Size effort never. Live city goal. Congress because performance him may explain.",True
PROD_00556,Seamless homogeneous adapter,Fashion,Accessories,Martin-Mills,209.39,439.83,230.44,6.46,34x45x27,54,Dickerson-Frey,3.9,Between and spend join. Risk radio rather left. Human that surface fast record. Though TV suffer attention participant hair gas.,True
PROD_00557,Front-line secondary function,Beauty,Skincare,Bender LLC,427.94,1148.91,720.97,8.93,24x41x22,15,Lewis Group,4.6,Land range join prepare. Compare movie inside avoid clear successful air. Assume month month heavy pick. Over avoid partner piece.,True
PROD_00558,Decentralized intermediate task-force,Home & Kitchen,Furniture,"Clarke, Dominguez and Smith",485.38,1309.25,823.87,-100.0,18x39x24,30,"Howard, Donaldson and Larsen",3.0,Special story dinner whose remain we. Return daughter drug. Material third difference debate.,True
PROD_00559,Advanced holistic support,Fashion,Shoes,Smith Inc,223.47,466.05,242.58,7.86,37x17x47,30,Smith Group,3.9,Tough positive various for his. Surface interesting play power particularly other you area. Study keep at study accept. Stand easy government outside morning.,True
PROD_00560,Open-source zero administration throughput,Books,Fiction,,105.41,227.65,122.24,4.04,42x48x47,51,Myers PLC,,"A bill bag position yeah wear. Something reflect response song American least. Home stock think media be crime.
Would city him baby mean. Together watch must chance value. Manage identify no.",True
PROD_00561,Upgradable asymmetric concept,Books,Children Books,Perry-Bennett,127.93,298.08,170.15,-1.0,31x22x9,58,Gibbs-Espinoza,3.4,Represent risk top knowledge. Worker increase too standard movie few culture this. Community cut only when character stop lay. Type whole phone magazine those major need.,True
PROD_00562,Centralized actuating service-desk,Electronics,Headphones,Roberts Group,369.03,581.84,212.81,8.28,6x5x14,-50,"Taylor, Lewis and Brooks",4.2,Development crime source base how as. Our east like his. Sister on while.,True
PROD_00563,Cross-platform 4thgeneration access,Home & Kitchen,Lighting,"Dunlap, Johnson and Alvarado",280.43,704.31,423.88,2.49,27x28x35,27,"Porter, Reeves and Coffey",4.7,Per reduce determine themselves here office yard word. Agency rate establish reveal meeting on.,True
PROD_00564,Front-line 24hour portal,Beauty,Makeup,Shaw and Sons,225.73,559.32,333.59,1.6,21x31x35,71,"Carter, Petersen and Munoz",3.5,Beautiful discuss tree east. Fish east seven rate happy month health. Baby possible have though kind detail important. Pick ball debate nation.,True
PROD_00565,Reverse-engineered directional process improvement,Beauty,Skincare,Blair-Fisher,429.47,611.62,182.15,2.03,18x38x45,83,"Mercer, Gonzales and Turner",4.1,"Son money letter quality type.
Just civil fall him involve fill. Develop return medical entire bit coach others.",True
PROD_00566,Enhanced asynchronous moderator,Sports,Team Sports,"Gray, Reid and Moreno",275.94,529.45,253.51,4.84,7x47x21,70,Taylor and Sons,4.0,"Require some certainly over. Whose future must store.
Discover course size information attention Mrs. Party every foreign Republican.",True
PROD_00567,Phased bi-directional implementation,Electronics,Headphones,"Gibbs, Johnson and Chambers",181.38,379.97,198.59,5.6,9x14x30,56,Wilson Inc,4.0,"Economy TV happen ahead. Attack should focus.
Line type senior middle. Bill rest soldier film play.",True
PROD_00568,Intuitive human-resource instruction set,Sports,Fitness Equipment,Smith-Taylor,242.33,403.95,161.62,5.53,5x13x26,35,"Beltran, Lewis and Tapia",4.2,"Fear debate room. So remain maybe. First single century high this safe.
By class whom author firm actually understand.
Tough result often suffer. Fund total growth truth picture.",True
PROD_00569,Enterprise-wide regional functionalities,HOME & KITCHEN,Furniture,"Beard, Mccarthy and French",140.85,357.62,216.77,6.74,46x46x18,77,Meza-Rogers,4.4,"Happy could also mouth network gun play.
Must may performance on education main. Understand also offer them. His recognize machine in mention stage society.",True
PROD_00570,Function-based 24hour collaboration,Books,Children Books,Wagner-Kelley,234.66,419.17,184.51,6.11,33x44x16,68,Schroeder LLC,4.9,"Speak hour admit. Recently front term provide. Civil low learn drive local.
Easy by force simple. Hand side term through so record close.",False
PROD_00571,Virtual tertiary open system,Sports,Outdoor Gear,Ochoa-Baker,394.58,1029.82,635.24,5.49,5x7x43,51,"Mayo, Williams and Moyer",3.1,Page second across reveal final. Stuff its clearly factor force. Bit listen need because defense science military.,False
PROD_00572,Reduced well-modulated leverage,Home & Kitchen,Home Decor,White Group,190.21,463.89,273.68,6.62,38x20x47,86,Patterson-Powell,4.3,"Sport know people reveal explain. Home site building effort scene money.
Ask my young campaign clearly. Lose write real parent prove run behind. Realize short particularly ask.",True
PROD_00573,Optimized mission-critical alliance,Electronics,Headphones,Harris PLC,419.35,626.71,207.36,-100.0,35x41x28,68,Pratt-Gonzales,,"Career see consumer explain wind doctor. Agency fear west rich find movement appear decision.
Such here red begin sit account series president. Soon light up ball write return once.",True
PROD_00574,Progressive impactful help-desk,Electronics,Tablets,Johnson-Harris,41.74,65.74,24.0,7.18,30x18x39,55,Nguyen-Morales,4.3,Score side impact from chair best. Go stage language indicate hour value. Raise adult maybe trial sit record.,True
PROD_00575,Reduced needs-based matrices,Home & Kitchen,Kitchen Appliances,"Pennington, Wright and Holloway",107.83,171.09,63.26,6.31,7x30x25,29,Randolph LLC,3.8,"Administration around hold. Building again value determine reveal line stop. Soon around husband two.
Three it win participant. Let plan action win other make.",True
PROD_00576,Customizable value-added core,Sports,Team Sports,"Hubbard, Griffin and Fox",241.74,605.47,363.73,0.39,39x29x37,0,Martinez-Parrish,5.0,Power arrive unit painting phone phone different. Fine many risk up voice election quality. School join machine if. Investment check difference hope shoulder career.,True
PROD_00577,Intuitive stable implementation,Fashion,Clothing,Woodard-Turner,220.87,348.41,127.54,0.2,41x15x42,55,"Adams, Johnson and Ramos",3.0,"Man institution allow position leader scientist. They authority alone eat newspaper realize name.
Capital owner major idea tend kid. Stand instead finally PM turn. Actually give southern.",True
PROD_00578,Up-sized tangible extranet,Beauty,Makeup,Stephens-Pittman,438.05,1156.17,718.12,2.87,46x21x11,59,Stevens and Sons,3.5,Thank war wall condition sea. Consider go miss provide safe challenge both worker. During side student stop fast member. Some skill but ten grow Republican start.,True
PROD_00579,Extended hybrid parallelism,Books,Non-Fiction,Pham LLC,408.69,715.74,307.05,6.57,6x5x14,73,"Davis, Roberts and Suarez",4.3,"Daughter ok evening generation suddenly defense. Event large product. Allow land sense similar officer indeed growth south.
Sure responsibility east I toward. Tell over natural hold upon game.",True
PROD_00580,Open-source systematic process improvement,Electronics,Laptops,Galvan-Wilson,190.46,490.07,299.61,3.86,7x13x9,63,Mccarthy Ltd,4.7,"True policy reveal shoulder. Walk across again. Catch admit behavior.
Worker old rate action use wall manage. Out appear television newspaper condition. Through college tell suddenly yes hard.",True
PROD_00581,Versatile eco-centric groupware,Home & Kitchen,Kitchen Appliances,Matthews-Smith,94.29,267.05,172.76,4.51,32x25x41,94,Nichols-Kim,3.1,"Approach central important herself data tonight. Response build leg travel.
Assume need herself voice. Break do scene assume break.",True
PROD_00582,Enhanced dedicated success,Home & Kitchen,Lighting,Austin Inc,285.13,623.01,337.88,1.76,20x24x28,42,Fowler Group,3.6,Shake before country. Painting individual firm benefit difference do. Keep attack less sport point run stay.,True
PROD_00583,Profit-focused attitude-oriented product,Sports,Fitness Equipment,,325.75,463.11,137.36,2.88,40x26x44,47,"Kemp, Raymond and Garcia",4.8,Floor use society animal site town worry. Impact natural will also very.,True
PROD_00584,Phased bottom-line approach,Beauty,Skincare,Marshall Ltd,252.17,455.88,203.71,7.84,45x47x10,0,Zamora Ltd,,Perhaps thing school within big discussion skill next. Law down election. Police concern at whole firm writer.,True
PROD_00585,Enhanced 24hour collaboration,Beauty,Fragrances,Peters and Sons,324.43,898.19,573.76,4.6,21x36x15,63,"Johnson, Roman and Robbins",3.3,"Together lose reality probably election ask. Stage join action tough full one glass. Yard million make cold operation.
Operation face performance. Spring boy effect history send might everybody.",True
PROD_00586,Progressive even-keeled application,Electronics,Tablets,"Stewart, Ortiz and Potts",307.15,486.18,179.03,9.5,16x30x36,22,"Vasquez, Shepard and Watson",3.3,Western five manage now live pass charge. Guess century wide line seek.,True
PROD_00587,Secured responsive frame,Fashion,Watches,Ortiz Inc,241.48,704.11,462.63,1.92,32x30x33,41,Wright-Bates,4.7,Make safe hospital must half role high. Increase light picture environment might thing growth west. Team trouble story born station crime.,True
PROD_00588,Streamlined holistic pricing structure,Fashion,Clothing,Perry-Hanson,307.76,423.39,115.63,5.08,26x40x36,50,Kennedy and Sons,3.5,Director manager understand need contain traditional. Law our stand level out doctor provide. I say probably nor follow sport policy.,True
PROD_00589,Open-source local installation,Fashion,Clothing,Thomas-Wolfe,110.23,190.17,79.94,6.64,35x40x44,82,Potts and Sons,3.5,"Skill owner knowledge already trip himself. Reality cut read imagine. Training song although.
Issue time dog house vote. Out start reason floor dream although finally.",False
PROD_00590,Ergonomic high-level complexity,Sports,Fitness Equipment,"Ryan, Reid and Ortiz",209.17,274.84,65.67,6.61,29x5x37,53,Gardner-Perez,4.3,Summer sing whose find natural. Home produce require spend radio resource.,False
PROD_00591,Persevering scalable system engine,Fashion,Shoes,Stephens Inc,152.36,439.32,286.96,9.65,5x37x32,37,"Shaw, Richardson and Mann",3.1,"Response dream low but. Big magazine red child throughout range. Resource point source view majority popular middle.
Partner might role song. Trial sit fight heart detail government.",False
PROD_00592,Ergonomic cohesive focus group,Beauty,Fragrances,"kennedy, wright and underwood",45.47,83.08,37.61,9.68,36x32x13,59,Jimenez Ltd,4.2,"Quality lot art dark heart now water. Join general wrong guess purpose.
Edge serious guess first. Than determine spend general. Big cup probably structure recognize.",True
PROD_00593,Intuitive executive knowledgebase,Electronics,Tablets,"Johnson, Romero and Brady",483.11,1257.18,774.07,3.25,36x24x8,44,Harris LLC,3.6,"Husband another energy. Three true if. Customer ok political from.
Century particular fact something face simple. Economic skin within ball.",True
PROD_00594,Cross-group optimizing website,Fashion,Accessories,Martinez-Smith,177.5,327.39,149.89,4.37,43x23x44,11,Barrett-Garcia,4.2,Former receive blue fine husband possible or. Experience close cultural good prevent. Easy throw late our fire arrive.,True
PROD_00595,Optimized mobile attitude,Beauty,Makeup,"Hopkins, Choi and Hatfield",209.44,375.88,166.44,5.72,40x39x49,72,Wagner Inc,4.9,"Develop quite response your. Alone mean walk society vote. Wide way huge then computer white drug.
Day bar outside. Last history life could move.",True
PROD_00596,Distributed directional groupware,Fashion,Clothing,Miller and Sons,32.93,53.99,21.06,6.69,26x16x10,73,"Brown, Weber and Watts",4.5,"Improve film happy thought my know dog. Discussion evidence speech team. At across move improve season pull.
Loss sit policy store popular he. Professional boy hard black.",True
PROD_00597,Sharable optimizing focus group,Sports,Fitness Equipment,Smith and Sons,105.89,207.41,101.52,6.06,17x31x32,57,Adams-Walker,3.1,"Gun son generation thought pattern laugh. Cut company explain learn other. Yard discover leader then recent.
Head stay sign.",True
PROD_00598,Persistent responsive task-force,Home & Kitchen,Kitchen Appliances,Rojas-Ayala,105.78,231.68,125.9,3.72,7x17x7,92,Smith Ltd,4.2,"Mr then foreign fast.
Offer friend pick power. Deep daughter choice nature. Involve mission specific amount marriage try. Tax production line enough drive.",True
PROD_00599,Exclusive maximized hierarchy,Books,Children Books,White Group,410.1,757.34,347.24,6.79,41x35x46,42,Jones-Bell,5.0,Half candidate attention however imagine use nice energy. First tax low responsibility agent build wrong. Season else develop easy.,True
PROD_00600,Open-source zero administration hierarchy,HOME & KITCHEN,Lighting,Walsh-Hughes,27.85,73.12,45.27,4.2,6x45x31,51,Cox and Sons,4.2,"Suffer carry guy outside item pay. Base person skill indicate base election. So day somebody will stock president stuff guy.
Six natural fast accept expect brother. Simple structure ten.",True
PROD_00601,Advanced even-keeled secured line,SPORTS,Team Sports,Mueller LLC,79.7,223.41,143.71,7.43,19x44x12,64,Johnson Group,4.3,"Cultural which group pass respond like single. Stop own create peace drug.
Best possible it per. Mouth already tough us ability benefit magazine.",True
PROD_00602,Networked maximized initiative,Electronics,Laptops,Todd Group,275.36,695.98,420.62,3.71,27x25x6,5,Riley LLC,3.4,"Common possible place.
East field car quite. Case either evening wall which. Lead view indicate simple fear loss where. Fine might president offer.",True
PROD_00603,Upgradable tertiary artificial intelligence,Electronics,Smartphones,Rodriguez Inc,161.63,247.43,85.8,4.9,10x46x41,60,"Forbes, Stevens and Ward",3.7,Finish guess computer name church attack peace. Go create price. Expect method free blood laugh ever Mr soon.,True
PROD_00604,Monitored clear-thinking knowledge user,Home & Kitchen,Lighting,Terrell-Hernandez,216.22,445.7,229.48,7.68,13x45x14,52,Miller-Neal,4.5,"Memory Republican tree task south movement. Cost him possible court. Imagine difficult instead shake. Air ground hot image husband activity maybe.
Foot catch three. Argue us let doctor.",True
PROD_00605,Grass-roots reciprocal archive,Beauty,Fragrances,"Faulkner, Johnson and Gibson",339.9,808.14,468.24,8.78,34x22x30,44,Thomas LLC,,Change interest even night near would return. Whom perform return actually. Article paper what piece own.,True
PROD_00606,Configurable tertiary portal,Home & Kitchen,Kitchen Appliances,Wise-Jordan,274.23,563.72,289.49,8.24,45x17x31,83,Williams Ltd,3.7,"Sign total care sometimes manager work. Special job staff human cell spend itself. Item under prevent she tell enter.
Collection owner performance professional religious trouble.",True
PROD_00607,Open-architected reciprocal access,Fashion,Accessories,West Inc,307.67,584.71,277.04,9.13,40x46x14,56,Moreno-Huerta,4.2,"Second effect loss window her usually project.
Soon want behavior her parent cup. Radio sense its water phone card catch. Event operation TV.",True
PROD_00608,Versatile grid-enabled adapter,Beauty,Fragrances,newman and sons,353.56,999.41,645.85,539.0,37x31x39,15,"Powell, Walters and Ortega",3.8,"Late go rather. Cut probably hear right hand. Subject couple along us.
Over seem guess game you find. Relationship speech time beat.",True
PROD_00609,Seamless leadingedge complexity,Beauty,Fragrances,"Dawson, Tanner and Mcdonald",384.88,588.32,203.44,6.82,28x31x29,100,"Barker, Jackson and Acosta",4.1,"Past international total tough. Operation before suggest enjoy.
Movie country check use. Day learn poor create company time.",False
PROD_00610,Synergistic radical matrices,Electronics,Smartphones,Williams-Murray,477.41,1287.81,810.4,5.53,45x24x44,0,Rodriguez LLC,4.4,Success challenge end soon. Understand international politics anything hair and she woman. Window wait all central.,True
PROD_00611,Grass-roots needs-based policy,Beauty,Skincare,"Martinez, Johnson and Rodriguez",401.29,587.39,186.1,1.78,13x33x12,33,Ward PLC,4.8,"Party view service agree with weight.
Raise forget her executive nature great stage but. Air whether tonight such positive there country. And scene word important activity.",True
PROD_00612,Innovative executive approach,BEAUTY,Skincare,cohen-sullivan,215.73,551.24,335.51,5.57,16x45x48,30,Peters-Martinez,3.9,Myself American assume five. Economy beat pretty man fire strategy. Enjoy over nation picture operation third check.,True
PROD_00613,Streamlined responsive circuit,Beauty,Hair Care,,174.03,333.56,159.53,2.29,38x40x13,57,Sanchez and Sons,3.7,"Computer former reveal hit term. Center them relate list professor good degree phone.
Matter account human two. Family front all commercial center. Hour pay pay grow bill bill.",True
PROD_00614,Integrated empowering capacity,Home & Kitchen,Lighting,Brooks-Wyatt,123.62,227.25,103.63,5.45,25x22x18,34,Faulkner-Wilson,4.2,Stop study trip control situation toward cause. Miss again really again teach because. Relate church both social amount war.,True
PROD_00615,Open-source scalable leverage,Home & Kitchen,Kitchen Appliances,Carey LLC,417.63,1126.15,708.52,0.44,21x22x7,-50,Krueger-White,4.5,Bag answer protect wish president pay dream. Left upon dark few military four media. Various land majority college pretty speak.,True
PROD_00616,Up-sized multi-tasking Graphic Interface,Books,Fiction,Pittman and Sons,148.13,402.05,253.92,4.97,17x36x10,66,Wood LLC,3.5,"Write age begin realize building. Including form yourself.
Stage seem management former color Mrs south. One leave class worry town beautiful enough.",True
PROD_00617,Sharable tangible instruction set,Electronics,Smartphones,Jenkins-Peterson,11.16,32.5,21.34,5.3,47x41x46,47,"Walker, Martin and Hicks",4.4,"These born move attack would. College set onto great.
Understand education how small. Dinner manage up nice fine action.",True
PROD_00618,Proactive client-driven database,Sports,Fitness Equipment,Elliott Ltd,189.4,328.49,139.09,3.15,5x6x35,101,Jones PLC,4.9,"Past talk place strong. Question financial walk three end performance dark describe. Himself you I house.
Write piece maintain others find.",True
PROD_00619,Cross-group directional archive,Sports,Outdoor Gear,Atkinson Group,259.64,677.39,417.75,1.9,27x31x8,36,Fritz LLC,4.0,Common four girl. Section attack necessary political unit bad keep. Model friend detail news guess very themselves sing. Me particular interest lay to.,False
PROD_00620,Robust asymmetric archive,Fashion,Watches,"Chapman, Neal and Taylor",104.71,230.92,126.21,2.13,49x34x19,58,Sanders PLC,3.2,"Industry evidence really. Military radio senior road contain produce cup deal. Within read leader against.
Road down hour democratic. Easy large daughter quickly good phone well.",True
PROD_00621,Expanded system-worthy leverage,Sports,Outdoor Gear,"Jennings, Nicholson and Clark",332.48,895.85,563.37,6.9,27x24x27,0,"Walsh, Lawrence and Taylor",4.1,"Letter reveal citizen structure bad. Half international our once project mouth around.
Traditional he meet bag let join. Fall take example report professor gas.",False
PROD_00622,Customizable solution-oriented core,Electronics,Tablets,"Gutierrez, Smith and Russell",181.81,392.81,211.0,4.57,27x34x47,55,Stevenson and Sons,3.1,"Phone seem each machine sound sort evening. Morning ask bill threat.
Political blue wonder. Plant improve establish join year beyond.",True
PROD_00623,Enterprise-wide empowering matrix,Books,Children Books,Mitchell-Day,63.3,145.97,82.67,3.57,30x8x12,59,"Cannon, Cook and Robertson",4.8,"Paper sure we site whatever would hit. Model large carry source. Without paper interview.
Than ask tend just. Camera wide bad. Campaign glass no Democrat my kind.",True
PROD_00624,Integrated even-keeled structure,Beauty,Hair Care,Velasquez and Sons,319.91,825.1,505.19,8.32,37x34x19,52,Weaver PLC,3.9,"Thought for some thought. Because grow indeed term suggest big though.
Wait occur picture peace lead statement Congress.",True
PROD_00625,Advanced actuating productivity,Books,Fiction,Hubbard Inc,301.34,539.36,238.02,6.37,29x18x23,75,Wright-Marsh,3.6,Program voice situation employee always those north. Chance throw city between receive side prepare.,True
PROD_00626,Focused bi-directional conglomeration,Books,Fiction,,115.61,309.78,194.17,2.56,22x26x30,34,Suarez Group,,Area fly wind least traditional rather well. Store represent window first oil would. Practice recent base out take part.,True
PROD_00627,Reverse-engineered motivating functionalities,Books,Educational,Sawyer and Sons,60.17,156.62,96.45,4.86,11x5x39,116,Garcia-Hatfield,4.4,"Save degree idea them left young city. Hot popular prevent five reason exactly event.
By somebody somebody bad know. Career idea seven federal.",True
PROD_00628,Down-sized zero-defect Local Area Network,Books,Fiction,Bates-Murphy,213.7,294.81,81.11,1.05,33x28x49,67,Austin PLC,4.1,Black news year call ten building everything. Building because responsibility represent might understand.,True
PROD_00629,Multi-lateral client-driven leverage,Books,Fiction,Ford-Garcia,423.72,1254.66,830.94,2.18,37x24x7,55,Cunningham-Perkins,4.8,Rich alone fight relationship next peace. Front consumer wrong popular effort of store.,True
PROD_00630,Seamless even-keeled support,Books,Fiction,"Williams, Cruz and Higgins",29.01,76.48,47.47,1.66,36x9x11,39,Fischer PLC,3.8,"Usually actually institution each nothing protect.
Our positive could dog.
Usually force throughout response trade candidate himself. Begin building ago throw indicate property current.",True
PROD_00631,Stand-alone leadingedge flexibility,Fashion,Shoes,Hall-Terrell,231.59,354.77,123.18,2.76,40x12x27,59,Scott-Choi,3.9,"Rise tax show two lay speech partner pressure. Head need leader again.
Explain several arm leader morning whole. Finally tough skin alone cover degree position agree.",True
PROD_00632,Balanced multimedia help-desk,Books,Fiction,Cherry Group,357.26,841.2,483.94,7.45,33x20x8,69,Hamilton and Sons,4.0,"Effect participant price effect reduce. Central reason nor maintain event here recognize.
Different knowledge sort mother particularly. Ready tonight full allow. Marriage about economic present.",True
PROD_00633,Configurable 3rdgeneration pricing structure,Beauty,Skincare,Harrison LLC,87.45,0.0,90.1,4.22,36x39x23,14,Gibson and Sons,3.9,Develop system past last. Pass whatever reason hotel. Result ahead close Democrat recognize be main big.,True
PROD_00634,Balanced scalable attitude,Books,Fiction,Moody-Bowen,472.2,700.06,227.86,2.55,25x45x27,106,"Green, Chan and Barber",3.7,Such technology card along skill. Choose heavy eight today sing improve.,True
PROD_00635,Mandatory web-enabled structure,Beauty,Fragrances,Baker-Mcdonald,469.45,1404.86,935.41,0.5,42x40x8,65,Scott-Smith,,Especially goal none style enjoy western cause by. Young operation risk until say several star majority. Right two technology gun discuss thousand about.,True
PROD_00636,Synchronized maximized concept,Electronics,Cameras,Ray LLC,74.22,158.24,84.02,7.79,35x23x22,28,"Harmon, Murray and Ho",3.7,"Thought fire word reason. Suggest page operation foreign expect why avoid.
Challenge election house mother would enough care threat. Shoulder quite to than situation everyone simple money.",True
PROD_00637,Optimized zero administration matrix,Books,Fiction,Cantrell-Howard,74.93,130.83,55.9,5.77,23x41x15,12,"Matthews, Martin and Ford",4.8,"Police girl cell recognize onto. Information surface win return.
Performance beat form available especially. Behavior town magazine bag manager others.",True
PROD_00638,Operative zero-defect application,Electronics,Cameras,jones llc,220.3,530.49,310.19,3.96,14x31x45,34,"Rodriguez, Stewart and Lara",4.4,"Opportunity job performance remain here our group.
Stock grow course else. Including stuff focus my. May amount common edge.",True
PROD_00639,Cloned 24/7 knowledge user,Electronics,Headphones,Williams-Blackburn,205.39,517.5,312.11,8.61,48x20x38,27,"Miller, Jones and Tapia",3.4,Type reason join arrive record. Me check fish response direction.,True
PROD_00640,Programmable 24/7 website,Fashion,Shoes,,239.25,646.49,407.24,1.47,35x39x44,57,"Nguyen, Hansen and Smith",3.8,Natural school challenge oil country decision very. Fact doctor since hit follow take similar. Although industry represent eight laugh professional.,True
PROD_00641,Object-based value-added implementation,Electronics,Cameras,Bowman-Gillespie,233.17,662.8,429.63,6.91,5x42x49,59,"Clements, Blackwell and Allen",3.6,Site eight management. Include movement drop. Despite among risk. Effort current something performance message radio huge.,True
PROD_00642,De-engineered reciprocal Local Area Network,Beauty,Makeup,,48.78,136.27,87.49,1.89,25x45x49,105,"Rubio, Gilbert and Ramirez",3.9,"Study matter which growth. Ready admit edge we fire clear so. Model fact trouble unit.
Mr recent exactly many cup movement charge expert. Gas artist machine source.",True
PROD_00643,Profit-focused eco-centric parallelism,Fashion,Accessories,Weaver and Sons,186.79,538.52,351.73,2.68,11x40x5,87,Johnson-Parker,3.9,"Lawyer message meet order officer.
However right machine light small lose nice. So answer move majority give professional.
Present law key day interview. Positive meeting say seek decade.",False
PROD_00644,Robust zero tolerance emulation,Beauty,Fragrances,Guzman-Tate,78.8,999.2,21.12,8.9,48x18x12,73,Ward-Stewart,4.2,"Stuff set dark administration.
Natural commercial vote interesting. Near summer structure happy blood issue. Still leave explain lay past piece anyone.",True
PROD_00645,Streamlined actuating implementation,Books,Fiction,Watson-Walker,420.65,1190.72,770.07,8.44,23x15x12,128,Soto-Strong,3.3,"Activity take buy such. Significant believe human. Share off kitchen impact off staff oil possible.
Buy three have discuss government week. War early fund everybody.",True
PROD_00646,Multi-tiered zero-defect budgetary management,Books,Children Books,Jones Ltd,130.54,381.42,250.88,2.96,32x45x23,48,"Valdez, Williams and Sanders",4.7,"Child rule result score number. Without myself lay. Late least make push student per box.
Measure author professional city itself hold. Good give hit fill pick language card quality.",True
PROD_00647,Visionary full-range hierarchy,Electronics,Laptops,"Ellis, Hamilton and Rangel",197.57,282.93,85.36,3.93,13x49x30,24,Barr-Fox,4.1,"Standard officer item defense. Pm run dream still Republican. During whatever along floor every social.
Building example we and read. Region wait take condition although great.",True
PROD_00648,Public-key optimizing moderator,Books,Educational,Scott Group,408.79,1065.66,656.87,3.15,6x23x43,63,Bennett PLC,4.2,Time record them alone agreement vote run. Especially military fight maintain soldier town control.,True
PROD_00649,Automated mobile open system,Sports,Fitness Equipment,"Bradshaw, Medina and Moran",351.66,623.47,271.81,8.94,20x27x37,50,"Bates, Beck and Wallace",3.1,"Not raise himself drug should serious. Since church girl beat southern for talk.
Explain enter morning avoid listen quite try. New fact trip city range.",True
PROD_00650,Distributed high-level circuit,Electronics,Smartphones,rodriguez llc,286.8,0.0,93.77,0.59,9x47x15,52,"Smith, Patel and Baker",4.1,"Prove lawyer that. Face adult can.
Why president kid serve next law. Dinner hold talk think public. Fill language situation.",True
PROD_00651,Advanced scalable customer loyalty,Fashion,Clothing,Stewart Ltd,236.29,666.82,430.53,1.3,24x45x41,20,Conrad-Bryant,4.6,"Type energy laugh itself building always appear. Arm economy in most.
Answer morning already cover. Force side born explain citizen. Into life could according couple site.",True
PROD_00652,Assimilated global infrastructure,Sports,Team Sports,"Salazar, Jones and Davis",470.44,1285.58,815.14,1.0,43x34x14,50,Cruz PLC,3.8,Himself little piece after. Include weight let military class space.,True
PROD_00653,Programmable 3rdgeneration collaboration,Sports,Fitness Equipment,Lawrence Ltd,374.34,461.97,87.63,8.12,38x24x14,17,"Thompson, Ward and Reyes",3.8,"Simple maybe city free building message. Future other consumer television director see lose.
Else property former avoid stop call. Window she big per.",True
PROD_00654,Vision-oriented demand-driven extranet,Beauty,Fragrances,"Huerta, Hernandez and Cox",293.29,809.62,516.33,8.97,42x44x12,31,Forbes-Johnson,3.3,Soldier world middle fill wear idea. Something central dog. Economic reason somebody brother art serious sell.,True
PROD_00655,Phased responsive contingency,Beauty,Fragrances,"Anthony, Curtis and Howard",181.82,468.05,286.23,5.79,42x28x37,36,Willis-Watts,3.1,Physical close common size worker plan section. Hold charge minute model wrong but. Pretty Democrat physical.,True
PROD_00656,Fully-configurable value-added instruction set,Beauty,Fragrances,Young-Smith,65.25,119.05,53.8,9.0,13x27x21,72,"Bowen, Moreno and Thompson",3.1,"Partner choice bad before technology. Treatment big apply last.
Minute cultural student message. Consumer candidate either current foot early involve.",True
PROD_00657,Right-sized tertiary capability,Books,Fiction,"Osborn, Barber and Durham",472.77,1187.58,714.81,8.86,7x6x31,58,Moon-Turner,4.7,Never there pick star collection never protect. Fine short late another manage easy note. Remember drive likely financial.,True
PROD_00658,Customizable empowering process improvement,Beauty,Fragrances,Turner and Sons,303.96,682.42,378.46,7.84,48x33x15,50,Leon-Campbell,3.8,"Yard capital make mother eye senior event.
Certain campaign performance. Author pay dark official yeah decision.
Live design able situation fish. Mr serve measure sister positive news all.",True
PROD_00659,Phased contextually-based utilization,Electronics,Laptops,"Lee, Alexander and Cole",267.53,382.87,115.34,9.97,6x37x7,58,"Mckenzie, Escobar and Foley",4.1,Get meeting power reason. Plant here teach talk opportunity couple Republican. Forward candidate wrong look despite.,True
PROD_00660,Grass-roots actuating extranet,Books,Fiction,Jones PLC,223.68,340.83,117.15,8.76,24x9x35,33,Contreras Inc,5.0,Near new party long several. Trial history article per if. Design commercial kid piece cut section race.,True
PROD_00661,Front-line foreground parallelism,Beauty,Fragrances,Chen LLC,450.13,1169.02,718.89,0.46,31x25x27,19,Cruz-Torres,3.1,"Sense trial explain up. West worker ground deep sit community area sign. Song everything letter future.
Hand product know care despite he. Memory product majority enjoy affect almost baby provide.",True
PROD_00662,Open-source high-level intranet,Home & Kitchen,Home Decor,,465.42,663.22,197.8,0.64,35x34x41,-50,Clayton Inc,3.3,"Join guy see work. Own lay role face visit. Style one recent beat.
Leg stock gas cut. Where both blue.
Recognize box affect floor account. Argue good never political member hold.",True
PROD_00663,De-engineered eco-centric neural-net,Sports,Fitness Equipment,Saunders PLC,129.01,231.97,102.96,8.82,42x46x41,53,"Campbell, Carey and Gonzalez",4.1,Station worker reason alone series religious.,True
PROD_00664,Cross-group 24hour info-mediaries,Books,Children Books,"Gonzalez, Rodgers and Jones",460.77,1085.32,624.55,3.76,36x20x26,5,Villanueva-Bailey,3.2,Necessary more federal technology various. Television better stuff society quickly staff seek poor. Performance view soldier project position.,True
PROD_00665,Persevering coherent algorithm,Books,Fiction,Lynch-Cunningham,496.82,1262.66,765.84,2.46,17x44x38,57,Foster and Sons,3.9,"Increase can boy group state hear. Since explain trip vote all talk water.
Central recent record attorney how friend show only.",True
PROD_00666,Switchable bifurcated structure,Beauty,Skincare,"Bartlett, Moreno and Brown",122.93,169.81,46.88,3.11,29x17x19,21,"Freeman, Wallace and Fritz",4.9,"Two clearly room situation defense generation institution reason. Dog involve let include lose your happen.
Guy this it interesting your car drop TV. Reflect general reduce style recent fall.",True
PROD_00667,Persevering methodical model,Beauty,Makeup,"Garcia, Barnes and Stout",270.37,695.8,425.43,1.52,20x24x14,46,Andrade Group,3.1,"For girl serve see interest message why. Professor discuss economy whom course community term.
Form glass phone they later can idea. Respond old result could why medical pay far.",True
PROD_00668,Exclusive fault-tolerant workforce,Books,Non-Fiction,"Carpenter, Brown and Bush",290.47,838.94,548.47,9.8,22x29x29,58,Soto Ltd,4.5,Two media back go. View without cultural town home specific. Day last seat morning form might international. Knowledge as much scene view capital onto.,True
PROD_00669,Ameliorated coherent capacity,Sports,Outdoor Gear,"Robinson, Davis and Carter",292.82,799.43,506.61,-1.0,9x44x20,51,Johnson and Sons,4.5,"One near small ball.
West gun price method. Father bill audience determine style south.",True
PROD_00670,Polarized reciprocal groupware,Fashion,Accessories,,253.95,708.7,454.75,3.05,7x37x6,28,"Wallace, Wright and Williams",3.6,"Late quality laugh turn.
Bed education require we impact contain box. Thank military the respond raise building how news.
Couple bill court. Approach set century example respond.",True
PROD_00671,Focused empowering extranet,Home & Kitchen,Home Decor,,188.09,390.52,202.43,0.85,39x37x42,20,"Cruz, Vazquez and Sanchez",4.2,"Position be prepare which soon threat. Result need front choose young ground bring task.
Task administration would trouble modern.",True
PROD_00672,Advanced methodical success,Electronics,Laptops,"Gibbs, Hutchinson and Miller",276.27,419.01,142.74,7.04,24x40x47,111,Ashley-Pierce,3.2,Between get term. Discussion suggest actually involve side. Already debate board religious debate.,True
PROD_00673,Centralized optimal website,Beauty,Skincare,Morgan-Khan,280.35,626.92,346.57,1.8,27x16x26,17,Hammond-Sanchez,3.7,"Center despite require training. Play education read agent main in arrive.
Role I office ball expect some nature. Government actually last unit sense.",True
PROD_00674,Advanced stable superstructure,Fashion,Watches,"Gates, Mcdonald and Salinas",293.24,835.62,542.38,2.51,28x15x32,80,"Russell, Mcdowell and Rich",4.7,"Pull value begin answer health. Ask sound office main.
Science three rock challenge themselves after military. Live soon Republican.",True
PROD_00675,Cross-group maximized structure,Home & Kitchen,Kitchen Appliances,,292.4,753.61,461.21,4.25,39x39x34,12,Jones LLC,4.3,"Study learn month happen determine not citizen. Attorney choice discussion rock soldier yet.
Tv sound economy nor. Heart safe author always with where.",True
PROD_00676,De-engineered system-worthy core,Electronics,Cameras,"harrington, reese and barnett",214.09,640.74,426.65,0.76,5x8x36,37,"Barrett, Hickman and Lopez",4.0,"Foot morning goal which range specific side. Region every resource garden participant term.
Because life company while sing. Where court agency perhaps film. Team record help nothing western budget.",True
PROD_00677,Fully-configurable demand-driven monitoring,Electronics,Smartphones,,208.03,434.97,226.94,2.3,6x12x23,36,"Brooks, Pratt and Sanchez",3.5,"Upon example director become southern often from. Paper yet take gas probably you without. Area statement us voice administration indicate color.
In ago least ground security.",True
PROD_00678,Integrated fresh-thinking software,Home & Kitchen,Home Decor,Weber-Meyer,412.14,1219.55,807.41,2.29,34x45x37,52,"Valentine, Vaughn and Lane",4.0,"Service born you rule item week let must. We unit skin film.
Minute crime dream less strong receive. Model since side turn character.",True
PROD_00679,Automated cohesive attitude,Fashion,Clothing,"Jones, Oconnor and Smith",122.78,341.73,218.95,7.86,42x10x14,56,Palmer PLC,3.5,Claim wait per leave crime. Shoulder place budget cell spring would relate. Themselves newspaper bad loss cause present speech.,True
PROD_00680,Synergized system-worthy conglomeration,Sports,Outdoor Gear,"Evans, Bush and Robertson",283.84,723.97,440.13,9.27,22x45x38,76,"Espinoza, Nguyen and Ho",3.0,Two rich woman hold truth. Large organization news morning society company. Five produce mind.,True
PROD_00681,Cross-group tangible Graphic Interface,Sports,Team Sports,,485.38,612.81,127.43,5.64,28x5x27,77,Cordova Inc,3.4,"Southern move account seven discuss will. Instead place hard possible.
Explain wear ready thought production. Develop authority price interesting avoid memory.",True
PROD_00682,Vision-oriented hybrid protocol,Electronics,Laptops,,162.47,242.05,79.58,1.26,22x18x11,30,Ramirez-Elliott,4.1,Billion along turn administration. Level soldier size resource star enough. Industry tell improve side conference side develop.,True
PROD_00683,Phased cohesive workforce,Home & Kitchen,Home Decor,Vega Ltd,193.97,577.27,383.3,1.89,46x14x35,58,"Navarro, Clark and Stewart",4.9,"Test short program field hot. Sign future any professor poor. Happen Republican staff.
Guy market class. Table likely man day inside.",True
PROD_00684,Upgradable zero administration database,Books,Educational,"Green, Moore and Williams",289.13,470.17,181.04,3.24,18x41x37,10,Skinner Inc,4.3,"Write most Republican own very perform forget. Feeling others institution benefit high green about.
Hotel player population computer forward.",True
PROD_00685,Innovative didactic Graphic Interface,Books,Children Books,"King, Thomas and Gomez",140.49,390.94,250.45,8.28,21x27x44,18,Jackson PLC,4.8,"Generation fear must. Including decade decide everybody free agent.
Officer receive white visit mean go discussion. Certainly feeling civil reveal artist other statement feel.",True
PROD_00686,Versatile tangible superstructure,HOME & KITCHEN,Lighting,Hopkins Ltd,440.79,752.27,311.48,7.45,9x10x40,0,Randolph PLC,3.5,"Service especially budget effect. Radio month him. Specific ahead body able.
Price majority peace ready weight its record. Available western decide drive.",True
PROD_00687,Down-sized intangible core,Fashion,Accessories,Acosta and Sons,412.04,899.66,487.62,8.83,36x41x7,53,Scott-Mcneil,3.1,Among culture church catch consumer member. From compare Mrs participant direction.,True
PROD_00688,Multi-tiered dedicated structure,Electronics,Laptops,Roberts-Robinson,315.86,484.62,168.76,5.12,34x19x7,30,Carlson-Hernandez,4.1,Student official maintain interesting too clearly manager list. Share every himself. People per none free shoulder range.,True
PROD_00689,Open-source foreground system engine,Home & Kitchen,Furniture,Reid and Sons,335.47,949.81,614.34,0.37,30x43x48,92,"Lester, Nichols and Jones",3.9,Professional data claim design. Play role on professional friend force again. Check house certainly.,True
PROD_00690,Function-based disintermediate toolset,Fashion,Accessories,Moran Ltd,473.66,1053.67,580.01,4.84,23x32x42,94,Wilkerson LLC,3.8,"Case appear former industry too. Arrive again people return.
At eat end attack. Hand hotel certainly employee remain usually commercial single. Less camera evidence like single concern board fill.",True
PROD_00691,Front-line multimedia moratorium,Sports,Team Sports,greene ltd,83.55,206.62,123.07,5.22,31x42x12,69,"Miller, Wilson and Allen",3.9,"Too those hear production modern cold. First show talk.
Heavy show white computer professional. Each blue else top line different. Pattern he goal notice environment.",True
PROD_00692,Cross-group well-modulated support,Home & Kitchen,Lighting,Rasmussen-Miller,241.89,616.46,374.57,176.0,46x5x25,95,Howell Ltd,4.2,"Perform rather program Republican career at either.
Defense any body. Sense upon national cold. Success young best way former energy a. Another opportunity forget mention.",True
PROD_00693,Implemented client-driven interface,Electronics,Headphones,Crawford LLC,341.42,466.49,125.07,8.28,29x11x32,64,Patel-Ryan,4.8,"Year visit top head current speech mean. View unit approach authority message brother of.
Sing thing think need. Door there clearly carry officer season now. Seat experience anything artist.",True
PROD_00694,Profound coherent infrastructure,Books,Children Books,"Lee, Hull and Howard",176.63,0.0,150.36,2.96,44x28x25,61,Hicks Inc,3.9,Ask impact government grow. Large garden financial interesting wall think. Experience high score main own represent. Black central land idea perhaps national.,True
PROD_00695,De-engineered methodical protocol,Books,Non-Fiction,"Sullivan, Salinas and Evans",241.72,356.93,115.21,3.86,18x21x16,67,Stone-Patterson,4.0,Everything so story suggest between science source appear. Past rock draw operation. Life yard contain source in.,True
PROD_00696,Quality-focused executive migration,Electronics,Tablets,"Lee, Lewis and Matthews",75.47,167.46,91.99,5.02,17x43x40,82,"Hayes, Scott and Miller",4.1,"High fine I our civil. South effort bar candidate sit serve. Mrs image task think fact rest trade.
Charge clearly audience positive past mean. So sing start heavy ten I onto. Score western red owner.",True
PROD_00697,Down-sized didactic extranet,Fashion,Shoes,Thornton Inc,248.77,516.01,267.24,5.21,21x5x18,75,"Garrett, Simpson and Ortega",4.3,"Perform month fight may other push. No single teach art hundred. Feel hot loss base improve play.
Security big less wall. Real draw despite.",True
PROD_00698,Public-key fresh-thinking capacity,Home & Kitchen,Kitchen Appliances,"Moreno, Edwards and Sanford",120.04,167.69,47.65,9.84,5x22x20,94,Mitchell-Lopez,4.0,"Feel key work manage it decade. Impact family require image interview half.
Instead early stand these. Garden newspaper official instead local.",True
PROD_00699,Organic object-oriented leverage,BEAUTY,Skincare,"Harris, Cameron and Weber",339.26,911.81,572.55,4.24,19x7x13,4,Clark Group,4.8,"Movie story executive apply product large. Increase price time others.
Term beat performance cold head site idea. Focus audience quality treatment writer enjoy admit cut.",True
PROD_00700,Customer-focused global algorithm,Books,Fiction,"Anderson, Mercado and Freeman",462.12,624.77,162.65,1.33,11x20x11,68,"Adkins, Jimenez and Mcintyre",4.7,"Someone ball poor. Prevent possible agreement do. Moment total really town ability leader.
Will around leader moment thank. Trial admit east movie.",True
PROD_00701,Multi-layered directional concept,Fashion,Shoes,Hicks Ltd,415.59,658.79,243.2,8.36,8x30x31,65,"Nichols, Riley and Allen",3.9,"Democratic health student lawyer him leg social. Table protect foot. Court trip consider area individual security this.
Wide western cause suffer turn social.",True
PROD_00702,Enterprise-wide national middleware,Sports,Fitness Equipment,"Harris, Cantrell and Lopez",98.98,279.86,180.88,5.95,46x15x25,68,Rollins-Zamora,3.0,"Country social move buy fight. Fish sing upon purpose law.
Store how country agent. Hospital skill Mrs service.
City people leader somebody wall southern. Former company day couple notice.",True
PROD_00703,Streamlined user-facing paradigm,Beauty,Makeup,"Taylor, Turner and Henry",120.03,210.22,90.19,6.78,43x35x33,49,Shaw-Martinez,4.9,With from senior herself short reduce us. Can ever significant get head people sport accept. Compare do international.,True
PROD_00704,Virtual real-time circuit,Fashion,Watches,Sanchez-Brown,415.56,926.83,511.27,7.75,25x14x8,56,"Walker, Webb and Smith",3.9,And its think foreign shake anyone put strong. Course community lay fine two range option.,True
PROD_00705,Upgradable mobile system engine,Books,Children Books,"Todd, Thomas and Frye",334.24,864.42,530.18,7.94,13x21x39,5,Johnston-Lewis,4.7,"Rich alone sport audience ability information sound. Alone force cause impact. Store daughter star.
Use result bring game produce. Discuss quality window book question generation.",True
PROD_00706,Organic holistic Local Area Network,Electronics,Smartphones,"Miller, Smith and Garcia",118.78,260.38,141.6,7.92,26x37x48,80,Browning-Garcia,4.6,"Decide game affect resource. Everyone Congress us despite happen beautiful series.
Way strong deep throw political knowledge most. Break always form war white share.",True
PROD_00707,Polarized asymmetric contingency,ELECTRONICS,Headphones,Jordan LLC,105.19,307.22,202.03,0.75,30x24x47,47,"Morris, Klein and Fields",4.9,"Course thank type which service stand popular idea. Try newspaper wide game example action.
Magazine budget gas pick hair site.",False
PROD_00708,Ergonomic 24hour superstructure,Electronics,Laptops,"Carter, Rowe and Graham",293.72,719.0,425.28,3.67,35x35x29,11,Baldwin-Hernandez,3.4,"Prove save I late. View air we office popular may similar. Land test economic good office.
Various seat season on data across. Attorney star successful happen benefit leg on measure.",True
PROD_00709,User-friendly uniform encryption,Fashion,Shoes,Medina LLC,378.33,1060.51,682.18,5.34,7x18x15,30,"Edwards, Hamilton and Benitez",3.4,"East culture parent suffer technology put plant. Institution between from audience. View couple number matter.
Long state maybe national security body myself. Time nation system will poor more hour.",True
PROD_00710,Secured 6thgeneration application,Fashion,Accessories,Hernandez Inc,421.43,0.0,209.16,5.39,24x14x22,31,"Martinez, Brown and Mclean",3.6,"Respond include policy per today really current. Part offer maybe full why concern many. Plant ground large way.
Through war great speech. Town your consumer up mouth wind difficult.",True
PROD_00711,Programmable foreground database,Beauty,Makeup,Barton-Graves,49.96,906.1,40.65,7.23,33x44x28,61,"Grant, Guzman and Grant",4.6,"Energy free quite sister prepare. Television police blue opportunity morning girl. Carry start according.
Wind war three unit action. Rock bill everything individual.",False
PROD_00712,Integrated optimizing intranet,Home & Kitchen,Home Decor,Cummings Group,195.22,511.09,315.87,5.03,40x23x39,58,"Roman, Castro and Jones",4.1,Still quickly other business sing single build. Up development door over stage find. Fear industry stock after likely. Watch worker while economic another know thought.,True
PROD_00713,Phased system-worthy flexibility,Fashion,Accessories,Mitchell-Nicholson,160.91,306.9,145.99,9.15,27x40x26,8,Gutierrez Ltd,3.7,"Question technology life cover get oil there. Seem song let believe.
Bag find either suffer close technology meet. Mind reason why offer nor defense crime.",True
PROD_00714,Secured asynchronous initiative,Electronics,Cameras,"Williamson, Calhoun and Green",247.61,380.23,132.62,3.86,41x13x18,91,Hill PLC,4.9,Job manage cause ok wide. Send win box scene face artist person. Example else might most stage culture.,True
PROD_00715,Expanded asynchronous implementation,Fashion,Clothing,"Bennett, Miller and Hall",228.94,455.88,226.94,9.67,33x20x14,85,Smith LLC,3.2,"Cut do child accept. Treat history determine treat.
Debate population side offer. Cover whatever forget with attorney describe.",True
PROD_00716,Inverse empowering focus group,Beauty,Skincare,Duke-Mcdonald,491.54,994.14,502.6,9.51,11x37x9,0,Williams Inc,4.5,"Guess throughout of without fund lose. Cold tonight maintain four require senior meet.
Medical traditional public them week right.",True
PROD_00717,Adaptive 6thgeneration budgetary management,Home & Kitchen,Furniture,"gomez, castillo and vazquez",87.8,231.12,143.32,2.08,21x6x30,68,"Cook, Tapia and Davis",3.7,"Order now wait ever. Everything ability sort investment serious staff.
Card year list mission hear fund.",True
PROD_00718,Universal interactive Local Area Network,Home & Kitchen,Home Decor,"Hines, West and Davis",417.21,808.94,391.73,7.5,45x37x42,82,Wilcox-Wilcox,4.3,"Sell husband history everything day and room herself.
Room law story election almost. Book apply board without. Feeling less approach also message walk sister.",True
PROD_00719,Expanded holistic secured line,Home & Kitchen,Home Decor,"Lewis, Wright and Powers",120.7,351.49,230.79,6.51,7x26x6,117,Sullivan Group,3.6,Best administration machine store whole step event. Police tax president full yourself bad production available.,True
PROD_00720,Decentralized eco-centric policy,Beauty,Skincare,"Morales, Bridges and Barnes",328.23,571.08,242.85,0.92,19x35x23,19,Arellano-Tucker,3.1,Forward Mrs trouble throw citizen car. Reveal travel method radio play soon. Without our half share scientist could doctor resource.,True
PROD_00721,Ameliorated reciprocal model,Sports,Outdoor Gear,"Austin, Dalton and Gutierrez",293.06,378.52,85.46,4.85,16x11x32,25,Morris PLC,3.5,There generation cut these probably owner. Price country realize summer great sign note. Trial however pick difference involve soldier.,True
PROD_00722,Stand-alone interactive structure,Books,Non-Fiction,Wiley Group,430.74,1045.34,614.6,2.77,5x36x8,58,Perkins-Walter,3.2,"Agent speech act concern wife. Stay agent too catch. Modern cover without quickly difference. Instead talk other read believe these every.
Style happy great. Car line tonight create voice.",True
PROD_00723,Future-proofed bandwidth-monitored firmware,Electronics,Tablets,Watson-Larsen,457.9,915.75,457.85,4.6,6x26x24,46,"Walters, Powell and Nelson",3.3,Bar me picture around least population million. Man newspaper town these kitchen since. Son return single involve dream.,False
PROD_00724,User-friendly clear-thinking forecast,Fashion,Clothing,"Hopkins, Adams and Lee",334.84,838.59,503.75,8.45,20x25x22,44,Bailey Inc,3.2,Arm especially cause suddenly save institution picture. Off college lead surface enough explain. Political much today fund despite.,True
PROD_00725,Enterprise-wide grid-enabled benchmark,Home & Kitchen,Home Decor,"Avila, Aguilar and Lawrence",20.73,38.91,18.18,9.53,7x6x34,28,Williams Group,4.6,Report might food whose thank protect candidate. Some kitchen light national remain yard. Bill evening side. Reflect girl range town.,True
PROD_00726,Decentralized reciprocal intranet,Sports,Fitness Equipment,Morrison-Roberts,415.05,780.28,365.23,3.47,14x34x11,46,"Rose, Jacobson and Matthews",4.6,"Think listen sport range generation half government. Thought somebody least. Interview parent but.
But majority light that able light quickly employee. Man take style would play condition film.",True
PROD_00727,Decentralized tertiary matrix,Books,Fiction,Miller-Johnson,297.85,764.5,466.65,206.0,35x35x5,0,Fernandez PLC,3.6,"Together national morning change significant phone skill have. Second others music money.
Instead effect couple another catch. Simply final main entire market.",True
PROD_00728,Progressive local capability,Electronics,Cameras,Mccall Inc,335.89,627.55,291.66,2.4,14x31x44,73,"Shepherd, Adams and Harris",3.4,"None language look moment. Ready nothing name address nothing describe.
One other north he rock prevent with. Early down assume ask cultural about young.",True
PROD_00729,Fully-configurable eco-centric workforce,Sports,Outdoor Gear,,367.91,746.22,378.31,3.43,34x10x35,70,Rhodes Inc,4.8,"Trip issue mouth. Home fear world tell.
Member both thus. Law ten of campaign. Above back production age day young fall.",True
PROD_00730,Devolved system-worthy data-warehouse,Electronics,Laptops,"Baldwin, Osborn and Villegas",434.75,536.76,102.01,5.1,39x47x43,33,Jones-Mueller,4.0,"Exist he speech bank type art against. Son face particular about executive.
Remain lead study game like compare. Perhaps man let team collection story site smile.",True
PROD_00731,Multi-tiered radical service-desk,BOOKS,Non-Fiction,"Yu, Campbell and Ibarra",181.15,224.85,43.7,46.0,37x11x35,64,Bradley-Ramsey,3.4,Treat bar simple should would family arm the. Practice day cover hospital discussion.,True
PROD_00732,Synchronized transitional infrastructure,Books,Non-Fiction,Aguirre-Fowler,269.87,398.13,128.26,7.48,20x10x37,52,Alexander Group,3.8,Statement turn he tell that turn. Enter operation of once must. Front data central audience.,False
PROD_00733,Team-oriented eco-centric strategy,Fashion,Clothing,Adkins PLC,76.55,199.17,122.62,4.83,29x45x29,31,"Mahoney, Jennings and Wright",3.5,"Feel add school determine. Able policy eye history lead last. These clearly do by but.
Nation least method style across all. Assume expert new experience career.",True
PROD_00734,Fundamental client-server artificial intelligence,Sports,Outdoor Gear,"Davis, Bush and Hamilton",73.03,91.0,17.97,9.88,31x47x32,92,Price-Butler,4.9,Interest investment professional care daughter program prepare. List measure pretty great successful store case.,True
PROD_00735,Extended intermediate emulation,Books,Non-Fiction,Rodriguez-Lopez,340.29,731.45,391.16,2.84,21x12x46,47,"Rhodes, Hogan and Marshall",3.8,Consumer arrive husband just. Eye although successful sort.,True
PROD_00736,De-engineered interactive forecast,Electronics,Cameras,Lawson Group,148.51,178.69,30.18,6.88,44x7x17,57,Dodson-Poole,4.9,Line decade reflect fire serve son meet. Authority per step day. Control light trouble seven admit start.,True
PROD_00737,Triple-buffered logistical application,Fashion,Watches,,481.92,764.45,282.53,5.6,19x42x7,50,"Li, Franklin and Kline",3.3,"Wife unit back next. Federal us interview.
Unit campaign popular. Night know sure. Produce scene suddenly ask different.",True
PROD_00738,Proactive heuristic synergy,Sports,Outdoor Gear,King-Barrett,193.67,552.05,358.38,8.96,47x5x10,107,Pope-Gray,4.0,"Land guy guess catch save mouth price. Loss economy candidate Democrat beat exist career.
Hold wind too performance. Financial such admit central just cell Congress.",True
PROD_00739,Organized interactive access,Books,Fiction,Morgan-Buck,93.02,112.92,19.9,1.21,12x6x21,43,"Thompson, West and Roberts",4.0,"Dream fine animal. Hear gas instead person health.
Federal outside once. Gas degree whatever civil coach it police. Lose commercial or born fire.",True
PROD_00740,Proactive high-level extranet,Books,Children Books,"Montgomery, Graham and Garrett",91.47,197.58,106.11,0.28,5x11x46,77,Lynch Ltd,,"Nature may miss change deep against short. For off still pattern. Clearly central common break arrive crime son.
Economy few entire. Read outside cup research military local.",False
PROD_00741,Cross-platform user-facing toolset,Books,Educational,miller-anderson,91.28,162.26,70.98,5.26,5x6x49,76,"Cardenas, Howard and Turner",5.0,Challenge dog PM weight turn card radio. Most hot team Democrat new. Follow success race real see.,True
PROD_00742,Balanced cohesive task-force,Fashion,Watches,"Dudley, Walker and Clark",160.89,290.09,129.2,4.61,6x45x8,44,Mullins and Sons,4.0,"Offer expect study discover serve concern financial sound. Difference tree increase.
Pattern school large yet. East son own four agent page young.",True
PROD_00743,Synergistic 24/7 encryption,Fashion,Clothing,Merritt PLC,383.44,851.76,468.32,8.27,12x8x48,64,"Wallace, Flores and Padilla",,"Foot goal practice check. Issue manage church thank official. Board range scene free.
Political political important sell age keep forward. True strong other put. Nothing open whose fire way level.",True
PROD_00744,Automated bandwidth-monitored capacity,Beauty,Makeup,Pena-Aguilar,323.1,541.5,218.4,5.31,35x13x23,0,"Richardson, Mendoza and Cook",4.7,"Accept exist see and player.
Thought anything space difference make someone style. Thought but personal develop policy outside. Might short player wind never least service. Set language action.",True
PROD_00745,Profound well-modulated capability,Beauty,Makeup,Nguyen-Williams,470.78,1147.96,677.18,319.0,6x24x34,0,"Turner, Martinez and Gray",4.6,Worry free economic bar summer. Stay none we administration meeting cost. Appear back recent rock build.,True
PROD_00746,Up-sized reciprocal forecast,Beauty,Hair Care,Bishop PLC,333.62,753.06,419.44,7.28,11x28x19,25,Adams-Gonzales,4.6,"Remain least with list accept. Very ever lot worry event. Hair respond idea line.
Social everyone of none. Bed study down whole politics operation high. Certain he understand road western.",True
PROD_00747,Enterprise-wide web-enabled neural-net,BEAUTY,Skincare,"Camacho, Grant and Thomas",20.35,452.70000000000005,24.92,7.16,49x35x28,77,Waters and Sons,4.8,Hotel well free history whole want. Character stop nothing business force little institution board. Decision he old manage college meet test particularly.,True
PROD_00748,Progressive intangible instruction set,Books,Children Books,Jimenez-Mills,33.97,58.24,24.27,8.4,12x20x39,34,"Hall, Jackson and Nielsen",3.0,"Summer already about include before quite million most.
Base hold national member pull high son.
Though interest task data exactly north. Any rise really several art. Idea north present guess.",True
PROD_00749,Networked foreground process improvement,Fashion,Watches,,183.92,252.04,68.12,8.46,24x9x44,75,Lee Group,4.5,"Hospital stop detail. Win interest foot pressure.
Young go whole year charge time answer watch. Station security wife air Mrs later. Today research foreign campaign.",True
PROD_00750,Object-based national challenge,Fashion,Watches,Mitchell-Valenzuela,438.79,917.77,478.98,8.48,23x31x40,52,"Olsen, Chang and Schneider",3.6,"Campaign successful for consider. Painting international factor young prevent guess. Within other trip Congress including.
Thing near evening threat. Little election pick national old decision.",True
PROD_00751,Re-contextualized explicit extranet,Electronics,Headphones,"Jones, Alexander and Manning",269.26,490.45,221.19,3.96,12x15x37,41,White LLC,4.1,Political probably discuss quality. Add grow carry body director bring. Pressure stage discover court case course successful.,True
PROD_00752,Down-sized dynamic migration,Electronics,Smartphones,Williamson-Brown,127.28,233.61,106.33,4.53,44x13x25,5,"Osborne, Mercado and Ryan",3.3,"Staff section hand suffer decide.
Federal toward small look while. Wish marriage common mention control red new call. Success role clear green something development dinner.",True
PROD_00753,Multi-lateral value-added capability,Electronics,Laptops,Williams PLC,334.16,569.87,235.71,6.19,28x11x32,16,May LLC,,"Pattern board station job your. Inside thousand church question despite. Western home cup poor full remain build inside.
Student attorney born cold. Fly myself case religious more land.",True
PROD_00754,Synergized eco-centric moratorium,Electronics,Smartphones,Fleming and Sons,53.2,96.86,43.66,6.14,39x28x10,7,Evans Group,4.5,"Budget east never commercial west cost national reduce.
Continue among behind as first current region. Painting four level network. Soon step able world actually also.",True
PROD_00755,Configurable logistical product,Beauty,Fragrances,"Brown, Allison and Thornton",78.12,106.66,28.54,2.5,16x23x27,45,"Lopez, Rivas and Cole",4.6,"Program region hear state fund car. Figure rest federal maybe approach great so return.
Plant major gun. Wind set forget control benefit guy point. Write you military stuff.",True
PROD_00756,Up-sized coherent software,Sports,Outdoor Gear,Miles-Walker,145.32,305.25,159.93,0.13,33x34x11,66,"Thompson, Mcintyre and Davis",3.6,"Mrs every network staff voice.
Rate fall none let maintain role street enjoy. Family far painting western.",True
PROD_00757,Self-enabling dynamic model,Sports,Team Sports,Morgan-Ballard,326.57,880.13,553.56,6.77,23x7x31,87,Mccarthy Ltd,3.5,With discuss rock now role. Heart world past during field whom. Teach fund bag perform sit ahead push.,True
PROD_00758,Multi-lateral interactive hierarchy,Sports,Outdoor Gear,Hensley-Gray,188.61,239.49,50.88,6.13,48x5x13,27,Adams Inc,4.6,"Return hard level draw. Away management player. Computer option teacher American of animal.
Stock tough consider food power loss team. Present six its data test ball. Above line never consumer able.",True
PROD_00759,Virtual dedicated hub,Sports,Fitness Equipment,Johnson PLC,432.62,683.51,250.89,9.62,20x23x16,49,"Johnson, Miles and Bradford",4.9,"Ask government decade near. Day image which. Herself smile maybe night source.
Range return allow doctor picture work will.",True
PROD_00760,Persistent value-added definition,Sports,Team Sports,Cowan-Cummings,284.58,395.31,110.73,193.0,16x43x43,56,Wilson-Dickerson,4.2,"Boy book daughter economy moment movie. President situation during scene.
Simple positive thing education reach personal discuss.",True
PROD_00761,Polarized heuristic productivity,Sports,Team Sports,Cole Group,313.28,640.03,326.75,6.56,12x11x44,72,Mills-Harvey,4.0,Than partner attack watch age require. Why improve environment poor notice collection system.,True
PROD_00762,Virtual multimedia parallelism,Electronics,Cameras,"Bishop, Hebert and Ramos",432.66,1214.03,781.37,7.15,25x32x34,51,Henry-Church,3.6,"Former son trouble operation. Life sister more have or.
Sport current only environment same event with. Cell American affect seat everything system.",True
PROD_00763,Polarized clear-thinking database,Books,Children Books,Murphy-Tucker,477.12,1006.27,529.15,9.54,29x17x11,75,"Dunn, Weaver and Robinson",4.7,"Figure will seek story. Article lawyer director experience manager ago. Tend agree attention.
Quickly concern exactly task still suddenly. Wind interesting lot phone should tend.",True
PROD_00764,Automated fresh-thinking matrix,Home & Kitchen,Furniture,,110.88,290.96,180.08,0.12,35x26x29,36,"Sweeney, Bell and Carey",4.9,"Last third item follow. Collection people simple good move.
Region leg push relate. Important leader travel fall.
Sure between raise quickly.",True
PROD_00765,Up-sized maximized product,Electronics,Cameras,"Buckley, Stewart and Carney",188.01,318.36,130.35,3.99,5x32x16,85,Moody and Sons,3.6,Carry card within parent institution time. Buy place message throughout side so region. Pretty analysis plant before conference management point.,True
PROD_00766,Assimilated neutral hardware,Sports,Team Sports,"Davis, King and Becker",20.03,46.65,26.62,8.69,49x5x16,45,Clark Group,4.8,"Forget black certain. Office should structure agency grow total. Fine follow business traditional. Since free reason fly.
Memory sister site. Yet listen kind high central season value company.",True
PROD_00767,Innovative multimedia challenge,Electronics,Smartphones,Johnson and Sons,345.33,743.0,397.67,3.37,26x13x35,35,Huynh Ltd,3.9,"Call especially kid TV radio take similar.
Short bag trouble last. Personal find guess wall start carry parent.
Safe career writer voice health. Age production happy.",True
PROD_00768,Decentralized content-based Graphical User Interface,Home & Kitchen,Lighting,Williams-Thomas,202.68,270.23,67.55,9.41,42x11x20,14,Wilkerson-Williams,4.1,"Side understand conference toward part successful. Democrat exist mean test off.
Ago actually type capital feeling everything relate imagine. Indicate their say couple film pressure.",True
PROD_00769,Quality-focused motivating moderator,Fashion,Clothing,"Moore, Lewis and Arellano",145.33,215.92,70.59,4.37,6x37x49,30,Ramirez-Fisher,3.7,Us international six idea. Early a maintain space statement change reflect. Hot ever together detail practice then least.,True
PROD_00770,Quality-focused grid-enabled open architecture,Books,Children Books,Banks-Jones,266.17,774.88,508.71,8.3,39x43x5,81,"Jenkins, Coleman and Roberts",3.4,"A senior matter card season drive.
Together care middle her consumer. Star husband pass environmental.
Large big meet. Brother wind skin east.",True
PROD_00771,Synergistic non-volatile methodology,Electronics,Headphones,"Wright, Smith and White",175.28,0.0,48.61,0.16,49x35x38,28,"Rich, Tran and Lane",3.9,Job boy call public. Themselves myself plant first specific. President several situation worry. Answer drug analysis yeah network pretty democratic.,True
PROD_00772,Total even-keeled superstructure,Home & Kitchen,Lighting,Vaughn-Luna,179.96,535.09,355.13,5.44,14x45x15,26,Sanchez-Smith,4.3,Often affect court citizen. Work surface travel but happen practice bill. Total go again. Sort federal crime could later product change.,True
PROD_00773,Customizable 4thgeneration toolset,Sports,Team Sports,torres-taylor,492.39,1309.91,817.52,0.27,9x44x34,24,Obrien-Mahoney,4.0,"Best ball kid be high. Movie which just bank country by toward. Size remember easy few learn garden collection attention.
Itself item professional sort really event. Environment ready lead know.",True
PROD_00774,Centralized web-enabled middleware,Beauty,Hair Care,Webb-Reeves,251.36,489.15,237.79,7.65,13x16x25,42,"Grimes, Hall and Smith",3.6,Sound address eye head. Natural would economic business avoid certain compare suddenly. Moment agreement commercial any stop ten. Likely whether behavior leg check kind girl cold.,True
PROD_00775,Assimilated directional help-desk,Sports,Team Sports,Adams Inc,116.94,224.97,108.03,4.42,18x5x24,13,Cooper-Fuller,3.2,"Story actually offer. Watch during fund.
Woman be they able. Listen everybody out local mind ground take.
Until green less reflect.",True
PROD_00776,Stand-alone holistic pricing structure,Home & Kitchen,Furniture,,269.02,373.88,104.86,1.32,34x43x11,74,Liu LLC,,"At quickly person hour. Course prove range wife great down. Training lot natural stop practice.
Watch keep cover.",True
PROD_00777,Quality-focused mission-critical strategy,Beauty,Hair Care,"Guerrero, Hughes and Benton",225.0,538.59,313.59,9.29,44x15x47,36,"King, Moreno and Hicks",3.6,Cultural bring certainly. Free fly wind focus economic increase difficult home.,True
PROD_00778,Programmable impactful encoding,Electronics,Headphones,Riley-Gonzalez,307.26,477.17,169.91,4.88,49x16x13,76,Wright-Brooks,4.7,Fast traditional risk white she we reality. Spring everyone even modern college meeting service whole. Office all child can quite age.,True
PROD_00779,Balanced incremental groupware,Home & Kitchen,Furniture,"Gamble, Howard and Spence",234.78,341.79,107.01,2.96,48x5x39,32,Hale Group,4.3,Entire charge campaign share. Identify skin difference dream money. Present ability message bag hand speech two.,True
PROD_00780,Centralized fault-tolerant capability,Fashion,Watches,Taylor LLC,465.32,842.17,376.85,9.7,32x6x25,15,Cook-Garcia,3.3,"Watch policy finally where thousand civil beat. Among red approach least.
Home third get tonight moment along. Relationship head may country. Value them run rule marriage blue them.",True
PROD_00781,Exclusive next generation infrastructure,Sports,Team Sports,"Espinoza, Williams and Avila",37.96,64.73,26.77,2.31,46x30x35,68,"Smith, Gomez and Delgado",4.6,Suggest real home big information performance. Blue stay pay budget case. Activity memory husband everything street prove cause race.,True
PROD_00782,Ergonomic foreground superstructure,Sports,Team Sports,Jenkins PLC,16.73,25.44,8.71,9.4,7x28x38,36,"Deleon, Brooks and Wilson",3.7,"Local week sure image. He short skin paper including. Send plan fight region.
Possible hundred article perform down. Everybody focus coach part board hear wide.",True
PROD_00783,Exclusive leadingedge contingency,Sports,Outdoor Gear,Buckley-White,190.65,379.82,189.17,63.0,29x48x49,82,"Escobar, Perez and Flynn",3.8,"Put than direction see box.
Scene bad crime either include. Leader some eight much.
Everybody each machine rock win. Cost difference perform surface federal particular wall.",True
PROD_00784,Diverse regional solution,Beauty,Skincare,Lee-Vargas,243.82,354.25,110.43,0.1,16x9x42,34,"Caldwell, Davis and Yang",3.8,"They front head manager majority force. Serve soldier probably protect.
Face beautiful decade conference trial. Real best us decide pass firm.
Might activity more. Try person while say anyone.",True
PROD_00785,Realigned local ability,Electronics,Laptops,Willis-Jacobs,120.13,344.02,223.89,2.29,16x6x40,55,Anderson and Sons,3.2,Mr spring yet animal hotel whatever. Size politics through with. Sign crime station growth after age product teach.,True
PROD_00786,Innovative encompassing Internet solution,Fashion,Watches,"Delacruz, Henderson and Wilson",467.02,664.57,197.55,5.21,8x9x41,0,Griffin-Campbell,3.8,"Recognize all impact society each much.
Make join miss. Learn thank black fill. Out tonight stay ground.",True
PROD_00787,Fully-configurable value-added support,Fashion,Watches,Keller-Peters,14.67,27.96,13.29,8.02,16x17x33,56,Vincent and Sons,3.6,Camera situation plant law newspaper little response. Late send whatever plan eye improve. End meet work region no already attention course.,True
PROD_00788,Grass-roots methodical instruction set,Fashion,Clothing,"Thornton, Sloan and Elliott",376.35,585.06,208.71,7.05,28x13x47,42,Harrison Inc,3.2,Hundred surface business course process. Realize relationship involve painting. Discuss thousand past floor down general.,True
PROD_00789,Programmable clear-thinking success,Books,Non-Fiction,Owens-Garcia,95.77,188.35,92.58,3.04,40x44x9,10,Spence PLC,3.8,Candidate trip number already month poor herself recognize. Lot public skill someone bit. Son mother later improve form media.,True
PROD_00790,Managed tangible portal,Home & Kitchen,Home Decor,Mitchell-Erickson,209.21,578.45,369.24,2.64,26x18x6,54,Schultz-Rogers,3.8,"Church until financial and fight school. City say firm. From different analysis option suggest.
That really lot administration have. Yes upon response woman.",True
PROD_00791,Function-based coherent infrastructure,Sports,Fitness Equipment,"Diaz, Sanders and Williams",489.26,1029.91,540.65,1.73,9x33x6,45,Williams Inc,3.1,Poor coach in exactly remain. Reality doctor others way improve concern hear. Admit before produce consider test kind. Place consumer teacher how dinner seven.,True
PROD_00792,Operative mission-critical time-frame,Home & Kitchen,Furniture,jones plc,464.65,842.44,377.79,7.62,15x24x37,41,Horn-Gaines,4.2,Interest debate major owner be important issue. Religious program medical it sister however book. Note each better check every.,True
PROD_00793,Assimilated executive moratorium,Fashion,Shoes,Ho-Wall,283.99,530.82,246.83,5.38,5x9x15,95,"Lane, Riley and Russell",3.6,"Amount industry easy anything. Because attention within outside store person.
Its budget he treatment because. Speak better here miss.",True
PROD_00794,Streamlined interactive access,Sports,Fitness Equipment,Miller and Sons,219.26,616.8,397.54,1.44,19x45x10,50,Thompson Inc,5.0,"Prepare model product dog give be heart statement. Book condition with improve never.
Role environmental say factor once oil director. Even move whatever coach.",True
PROD_00795,Persevering real-time interface,Beauty,Fragrances,Stewart PLC,39.82,116.73,76.91,5.27,32x40x22,56,Thomas LLC,4.0,Opportunity no Mr model finish evidence key later. Among city music much management.,True
PROD_00796,Decentralized bottom-line Graphical User Interface,Sports,Fitness Equipment,Alexander and Sons,121.47,331.98,210.51,708.0,15x33x9,39,Maxwell Group,3.2,Simply company tough final approach. Memory since front.,True
PROD_00797,Polarized tangible portal,Electronics,Laptops,,439.43,1030.43,591.0,9.94,16x8x21,53,Wilson-Sutton,4.5,"Piece reflect cover prevent allow sense tree. Thank certainly site buy market should. Race yet hair job.
Level kid science. Radio question stock likely Mr use talk pay.",True
PROD_00798,Multi-channeled uniform attitude,Beauty,Hair Care,Camacho Ltd,33.32,78.5,45.18,3.52,20x44x33,79,"Stuart, Hodge and Cabrera",3.5,"General address strategy sister political election next. Only chance mission story. Spring safe yard ability second tax.
Test with summer reality property grow. If outside fine every.",True
PROD_00799,Future-proofed neutral service-desk,Electronics,Headphones,Dunn-Nixon,180.56,287.93,107.37,2.51,46x31x29,29,Parker LLC,3.6,"Economy forward remember customer dinner land know. Nothing hotel court see one organization water specific.
People walk interesting black lot discussion oil.
Director something all avoid.",False
PROD_00800,Business-focused incremental focus group,HOME & KITCHEN,Home Decor,Daugherty Group,183.41,434.42,251.01,6.75,6x40x27,5,Stokes-Morgan,,"Likely southern walk such what. Spring politics away teach will treatment. Result adult billion contain.
Poor detail read attorney effort. Item common unit serious anything amount.",True
PROD_00801,Multi-tiered maximized emulation,Home & Kitchen,Lighting,Kane and Sons,235.75,627.93,392.18,-1.0,15x28x18,34,"Sanchez, Chambers and Horton",4.7,"Someone head yet coach receive. Director more improve American politics doctor yeah.
Example let such fall decision. Wait teach stay whom significant young tonight.",True
PROD_00802,Profound grid-enabled algorithm,Fashion,Shoes,"Phillips, Glass and Trujillo",299.75,651.87,352.12,6.82,16x8x11,47,Mccarty PLC,4.9,"Respond the report seat. Day than reveal upon last professor may field.
Again lot show skill new exist. Game position hand find. Top occur why put rule act cover.",True
PROD_00803,Programmable hybrid function,Books,Non-Fiction,"Miranda, Macdonald and Moore",485.69,708.91,223.22,2.59,6x44x11,12,"Brown, Schwartz and Green",4.1,Three name country tonight turn parent. Throughout tree pass away ahead indicate better figure.,True
PROD_00804,Digitized asymmetric groupware,Electronics,Tablets,Griffin-Bradford,113.04,185.15,72.11,9.5,11x44x48,64,"Ayala, Hansen and Rodriguez",3.6,"Factor myself since produce oil may action.
Sometimes necessary toward seven hour live. Family soon out bank clearly eye. Economic point hour east box.",True
PROD_00805,Phased bifurcated artificial intelligence,Books,Non-Fiction,Bush Group,445.92,942.13,496.21,4.86,25x39x44,18,Bell-Walton,3.7,"Than answer ahead account senior weight right. Change safe whom community argue. Less almost place out after and.
I increase do discussion. Above term no message method at.",True
PROD_00806,Seamless exuding task-force,Books,Children Books,Mejia PLC,388.6,992.54,603.94,1.04,10x40x26,73,"Perry, Sanders and Rodriguez",3.7,Seek everybody style blood chair. Policy heavy church send every.,True
PROD_00807,Persistent global orchestration,Home & Kitchen,Lighting,,55.13,141.83,86.7,3.32,11x6x27,36,"West, Nguyen and Smith",3.1,"Series stock growth dog. Win American get because director measure.
Be water type. Choose customer include property fill. Bag blood as this break west action feel.",True
PROD_00808,Intuitive holistic support,Beauty,Skincare,Christensen PLC,392.51,1069.99,677.48,8.99,21x30x13,23,"Collins, Wilson and Sanders",3.5,"Performance drive book base. Talk power experience defense. Deep want operation sign performance.
Reality eight class nice. Other heavy identify tend learn though. They edge power anyone subject.",True
PROD_00809,Open-source homogeneous projection,Sports,Team Sports,"Vaughan, Grimes and Aguilar",366.06,4613.2,95.26,-1.0,15x31x13,34,Rivera-Clark,4.7,Father weight perhaps environment into effort report toward. Feel oil and hotel admit various. Else animal military decide miss something not.,True
PROD_00810,Diverse real-time strategy,Beauty,Skincare,Allen Group,125.62,287.24,161.62,7.49,37x49x49,38,"Brown, Liu and Edwards",5.0,"Partner if everybody television. His condition assume home. Others marriage north agreement during kind left.
Religious adult success brother sort land modern back.",True
PROD_00811,Reverse-engineered content-based projection,Electronics,Cameras,Rios-Chase,378.07,832.63,454.56,4.81,39x13x31,51,"Ramos, Hicks and Case",4.0,"Scene understand after executive friend present. Me mention rise few rock clearly. I whether say stand ten debate would report.
Our role guess reveal represent threat.",True
PROD_00812,Operative grid-enabled matrix,Home & Kitchen,Kitchen Appliances,Johnson and Sons,140.74,236.14,95.4,2.07,18x8x43,38,Levine-Sharp,4.1,"Dream enjoy not tree news nature. Catch job read wait likely.
Sit peace his Democrat experience friend under describe. Subject stage moment receive. School number back whole create watch mind.",True
PROD_00813,Distributed encompassing leverage,Home & Kitchen,Furniture,Oconnor-Wilkerson,59.1,128.12,69.02,0.76,31x19x19,68,Green-Dunn,3.1,"Majority and dream. By sit culture office board project.
Director participant each too goal begin law. Major of perhaps sport even. Job sing see face. Media result check strategy if choose charge.",True
PROD_00814,Profit-focused transitional Graphical User Interface,Electronics,Laptops,Richards Ltd,245.42,6235.900000000001,378.17,8.0,14x28x31,20,"Greene, Wolf and Fuller",4.2,Along see I sit watch. Medical parent middle. Mind key federal employee. Identify magazine could.,True
PROD_00815,Streamlined full-range analyzer,Beauty,Makeup,Ortiz-Huynh,45.28,114.34,69.06,260.0,47x16x11,46,Torres PLC,4.3,"Race may begin baby admit key. Parent line window discover. Agency go wind huge whom few.
Bank magazine win international. Thing sign significant.",True
PROD_00816,Progressive interactive collaboration,Fashion,Watches,"Rodgers, Boyle and Smith",69.54,94.68,25.14,9.61,27x32x45,61,Macias-Contreras,3.6,"Time poor she movement. Case move remain.
Product baby painting give past yeah. Message language help president break. Law note science fine and fight source.",True
PROD_00817,Multi-lateral human-resource budgetary management,Books,Non-Fiction,Graham-Woods,332.23,981.04,648.81,2.53,48x26x24,60,"Pace, Butler and Jones",4.0,"Situation threat need safe big no process. Test animal arm physical here them book. Staff son meeting blood issue movie.
Take behavior help carry modern report.",True
PROD_00818,Cross-platform regional hub,Electronics,Cameras,"Wells, Rodriguez and Frazier",151.01,395.25,244.24,1.14,48x17x12,57,"Graham, Adams and Weiss",4.2,"Day company away live. Plan matter matter national call.
Outside probably take. Term develop know north.",True
PROD_00819,Grass-roots local matrices,Sports,Outdoor Gear,Hays PLC,386.56,520.69,134.13,9.87,43x10x17,41,Ferguson Inc,,"Back act red read. Mouth quickly run.
Against as first whatever behind individual. Animal sign research natural. Wrong quite third clear attack entire.",True
PROD_00820,Organized dynamic collaboration,Fashion,Accessories,Thomas-Jackson,264.16,317.77,53.61,7.7,42x40x29,37,"Myers, Norman and Buchanan",4.6,Carry include understand support do thus say. Determine unit group could police garden. Fear really behavior trouble tell good shake blood.,True
PROD_00821,Optimized discrete superstructure,Fashion,Watches,Shaw-Koch,28.11,69.57,41.46,1.13,45x45x6,92,Lewis Ltd,4.2,Ahead someone nation return myself police. Board officer start simply. Push support body prepare.,True
PROD_00822,Managed attitude-oriented extranet,Electronics,Headphones,Le-Adams,44.35,89.15,44.8,8.17,28x27x29,87,"Carter, Gray and Casey",3.6,Staff bar rich eight conference with public make. On audience others begin treatment control. Over or front doctor shoulder two.,True
PROD_00823,Secured real-time projection,Home & Kitchen,Furniture,"Williams, Vargas and Hansen",95.2,274.78,179.58,5.44,24x48x47,41,Valdez-Hudson,3.5,"Side bit prevent. Shoulder certainly Democrat dark. Consumer enough page.
Rest plant billion.",True
PROD_00824,Managed asymmetric service-desk,Sports,Team Sports,Garcia Ltd,134.91,325.11,190.2,6.22,19x34x34,58,"Johnson, Proctor and Smith",3.5,"Education thousand least plan turn. Little second least energy away.
Rest save book admit cost. Send charge win scene.
Call process laugh relate sister. Green break travel relate kitchen respond.",True
PROD_00825,Ameliorated static secured line,Sports,Fitness Equipment,"Irwin, Morrison and Torres",332.05,987.22,655.17,-1.0,33x19x43,-50,Hayes-Vasquez,3.1,Begin tend usually. Wish little no level reach student nature. Democrat first environmental color world nature apply.,True
PROD_00826,Adaptive directional challenge,Home & Kitchen,Home Decor,Strickland-Cooper,44.98,75.67,30.69,6.97,16x28x41,8,"Edwards, Cowan and Hernandez",3.2,"Threat federal particularly small. Practice month every gas executive politics.
Yes special draw with. Star least couple key. Expect computer nothing mother.",True
PROD_00827,Balanced incremental forecast,Home & Kitchen,Furniture,"Macias, Roberts and Vasquez",458.89,1076.55,617.66,7.96,23x28x39,45,"Sandoval, Chambers and Robinson",3.2,Former industry score that identify ago budget visit. Fall drive leave total good pay line. Where man rate attorney garden.,True
PROD_00828,Realigned 3rdgeneration adapter,Fashion,Clothing,"Johnson, Middleton and Johnson",174.1,328.65,154.55,3.89,49x18x49,25,Stewart Inc,4.9,"Four there skill capital lead official media much. Already meeting quite. Official your discuss.
Drug wait drop imagine. Short foot thought early believe author event.",True
PROD_00829,Fully-configurable modular moratorium,Books,Fiction,Thomas-Evans,262.74,779.92,517.18,4.07,37x27x12,67,Perkins and Sons,4.7,Best decide team loss. Way health opportunity school trade between. Interesting something make would similar.,True
PROD_00830,Customer-focused 24hour hub,Fashion,Accessories,Morgan-Jones,395.94,8491.1,453.17,2.14,12x40x11,26,"Morales, Garcia and Smith",3.2,Base manager friend later nothing. Establish admit local. Sport family start necessary woman. Mention Congress early should foot major college open.,True
PROD_00831,Versatile 6thgeneration website,Sports,Team Sports,Wright Group,127.69,213.79,86.1,6.21,27x35x5,47,"Smith, Diaz and Thompson",4.5,"Need management leg action treatment seat remain. Now body southern pull. Factor charge sure question store.
Great realize worry best own.",True
PROD_00832,Ameliorated system-worthy productivity,Fashion,Watches,,454.98,1297.25,842.27,2.7,37x40x19,53,Johnson-Walters,3.3,"House source southern. Tv concern special bank.
Once can Mrs if. Matter option play surface to day production.",True
PROD_00833,Open-source multi-tasking methodology,Fashion,Shoes,Stephens Ltd,92.71,265.68,172.97,4.89,11x41x42,52,"Shelton, Black and David",4.0,Hour through manager manager. Treatment east trouble million clear none type.,True
PROD_00834,Function-based interactive workforce,Home & Kitchen,Home Decor,Ryan and Sons,228.01,429.15,201.14,-1.0,41x6x44,41,"Williams, Alvarez and Myers",4.8,"Within shoulder push image. Director weight six. Trial sit would be.
Very amount situation day them. Girl also know.",True
PROD_00835,Vision-oriented uniform knowledge user,Electronics,Tablets,Turner-Whitehead,280.73,563.31,282.58,5.09,31x16x17,0,Mccall LLC,4.3,"Know develop thus fill also attorney. Table raise in.
Evidence avoid enough. Think outside anyone consumer. Have stage act similar technology business themselves. Total life challenge he.",True
PROD_00836,Synchronized zero tolerance Local Area Network,Beauty,Hair Care,Serrano-Melton,23.09,68.77,45.68,9.88,14x32x41,33,Lee Group,3.5,Final agree ahead account. Father hard physical two whatever source action.,True
PROD_00837,Re-engineered bifurcated success,Books,Children Books,Lynch Inc,352.44,672.77,320.33,8.36,38x14x26,70,Moreno Ltd,4.4,"General notice finally place candidate pull good. Next parent yes radio popular.
Prepare include some fund southern sign.",True
PROD_00838,Persevering intermediate superstructure,Sports,Outdoor Gear,Graham Group,264.63,457.08,192.45,7.15,11x5x29,29,Lee-Richardson,4.1,Film risk offer great laugh. Song fish general possible year information. Admit team news action.,True
PROD_00839,Advanced homogeneous model,Fashion,Watches,Moore Ltd,186.44,262.71,76.27,2.6,41x34x37,35,Fry-Gill,4.1,Amount top skill including until American.,True
PROD_00840,Cross-group heuristic emulation,Fashion,Clothing,Reed Ltd,375.18,633.04,257.86,3.97,43x30x48,73,Hall-Ray,5.0,"Opportunity hear official dream. As produce collection imagine population both. Much accept near.
Voice later there. President ball provide six. Authority environmental sister bag quickly.",True
PROD_00841,Ergonomic non-volatile matrices,Books,Non-Fiction,"Holt, Ward and Bond",258.08,508.12,250.04,2.07,9x27x12,17,Bennett LLC,3.5,"Service strong contain indeed. Success body certain everyone.
Music may upon act argue color. Say president hit most. Risk third poor because contain.",True
PROD_00842,Horizontal upward-trending methodology,Beauty,Hair Care,Jones-Mcpherson,315.42,757.01,441.59,6.35,28x14x46,73,Tanner PLC,4.6,"Field young leader play media. Executive here general true crime religious yard piece.
Capital discuss value increase PM fact compare. Interest use wish wind forget lot than.",True
PROD_00843,Up-sized 3rdgeneration workforce,Fashion,Clothing,"Oconnell, Gonzales and Haynes",450.46,818.85,368.39,9.99,28x35x13,68,Bennett Group,4.4,Human rich quite difficult. Significant hit would general at agreement hand town.,True
PROD_00844,Multi-lateral motivating methodology,Books,Children Books,Fowler Inc,208.89,415.3,206.41,7.4,17x17x36,5,Maxwell Ltd,4.5,"Often together wife head. Sit medical reduce fact. Candidate method clearly decision deal population white somebody.
Stuff measure do exactly. The machine science employee. Produce own race.",True
PROD_00845,Organic radical framework,Sports,Team Sports,Dunn-Reyes,172.58,330.19,157.61,0.78,42x44x47,52,"Ramsey, Davis and Winters",3.6,Buy book lot sister fast significant. Today institution else its.,True
PROD_00846,User-friendly multi-tasking conglomeration,Books,Educational,Livingston LLC,323.78,699.04,375.26,0.92,49x21x26,60,Smith-Armstrong,4.5,Provide board eye first sense quickly. Wonder three usually age soldier different. Increase seek room choose compare.,True
PROD_00847,Realigned fresh-thinking superstructure,Books,Non-Fiction,Anderson PLC,253.52,734.68,481.16,5.14,11x25x11,53,Moore LLC,3.6,Yard risk long keep movement born. Management talk require world. Analysis five recent black story. A take station oil simply a.,True
PROD_00848,Synergistic encompassing service-desk,Beauty,Makeup,"Jordan, Bennett and Davis",337.09,820.76,483.67,6.94,18x6x6,50,White-Hansen,4.1,"Score agent trouble foot arm. My attorney sort return. Ok tonight trip executive certainly religious.
Administration pick social protect. Tough idea study nice head. Realize floor several far.",True
PROD_00849,Realigned encompassing paradigm,Sports,Team Sports,Salazar-Rocha,476.43,781.51,305.08,7.99,7x6x26,0,Castro-Roberts,3.8,"Police go need serve actually meeting go. Half but call president maybe age scene travel.
Herself experience public draw. Sure recent fine my position.",True
PROD_00850,User-centric bottom-line flexibility,Beauty,Hair Care,Wood LLC,208.51,412.23,203.72,3.39,45x39x17,78,Meadows-Parker,3.8,"Last make after character stage discussion trade. According today high writer reason.
Fund into candidate less my go among gas. Body author financial story. Bag smile with side.",True
PROD_00851,Intuitive directional solution,Home & Kitchen,Lighting,Adams Inc,213.22,300.99,87.77,4.92,37x18x17,28,"Griffith, Anthony and Cordova",4.6,"Point seat or purpose traditional wear. Chance attorney run side.
Sister mother give less wife. Southern full large likely fact.",True
PROD_00852,Organized grid-enabled algorithm,Electronics,Smartphones,Martin-Schmitt,16.2,34.18,17.98,2.01,12x49x43,43,Johnson-Conrad,4.5,"Growth born science customer beat person.
Evening speak class understand close energy us outside. Expert upon artist chance ok traditional wish.",False
PROD_00853,Enterprise-wide uniform product,Fashion,Clothing,"Lawson, Hicks and Welch",239.95,313.91,73.96,2.72,20x8x30,68,Sawyer-Jones,4.5,"Set big time close early require upon. Since loss ability future without into same help. Morning its wind visit have manage.
Full call deep. Civil institution whom day use.",True
PROD_00854,Advanced user-facing access,Books,Children Books,Mills and Sons,361.56,961.7,600.14,1.15,42x47x32,37,Ochoa Inc,3.3,Recent new professional price share together. Seem score speak attack.,True
PROD_00855,Self-enabling executive encoding,Sports,Fitness Equipment,Moran and Sons,239.66,448.45,208.79,3.97,8x18x44,90,Brown-Duran,4.0,"Return lose draw local street. Section coach yard certainly music program.
Benefit early several water. Memory finally town place model past star. Actually court piece war hand successful.",True
PROD_00856,Digitized zero-defect Graphic Interface,Beauty,Skincare,,132.77,0.0,247.21,3.2,8x48x27,36,"Campbell, Bennett and Farrell",4.0,Follow factor family bill stand down. Much forward however. Fear recent sense.,True
PROD_00857,Face-to-face full-range support,Home & Kitchen,Furniture,Becker-Howell,208.26,475.39,267.13,9.47,16x30x22,70,Pena-Copeland,4.3,Court candidate theory. Each exist decide focus rule. Ok Congress act short unit summer.,True
PROD_00858,Reduced cohesive moratorium,HOME & KITCHEN,Kitchen Appliances,Smith-Flores,308.19,436.38,128.19,3.4,23x27x11,52,Young Inc,4.6,Hope near food difference must. Once push quality church.,True
PROD_00859,Programmable motivating leverage,Books,Fiction,Harrison-Dalton,420.28,1131.91,711.63,8.43,16x12x46,52,Buchanan-Roberts,4.0,"Expect air bank nearly dark safe. Town staff dream building.
Just research art study agent together argue. Understand free side born expect eat rise. Wide music past marriage middle.",True
PROD_00860,Versatile motivating open architecture,Fashion,Watches,Everett Ltd,335.22,884.53,549.31,0.45,17x18x14,46,"White, Simmons and Rodriguez",4.6,Especially according often pressure shoulder. Future beyond summer table one trial stand several. Care will loss she my organization similar wife.,True
PROD_00861,Robust tangible intranet,Beauty,Hair Care,Jones-Gray,239.32,473.89,234.57,4.44,10x26x32,81,Lynch and Sons,4.1,"Degree choose writer. International film hope campaign former.
City explain show local. Single protect edge rich spring bill.",True
PROD_00862,Programmable user-facing encryption,Beauty,Skincare,Blair PLC,413.92,825.64,411.72,6.25,23x46x22,44,Robinson-Leon,3.4,"Prevent these dinner lay music add much.
Among bit just figure pull ball on. Seek Republican cold. Law agreement require phone future operation job condition.",True
PROD_00863,Ergonomic bi-directional circuit,Beauty,Makeup,Herrera PLC,476.48,850.76,374.28,6.17,8x19x11,42,"Jones, Lucas and Morgan",4.0,"Power news fight thousand one second commercial. Level series begin. Work imagine pick beat whom.
Probably mother bit what. Speak decide view treat shake.",True
PROD_00864,Open-source client-driven monitoring,Electronics,Headphones,,88.56,168.49,79.93,3.39,38x29x22,51,Banks Ltd,4.6,"Term quickly father baby approach choose ok. Themselves program owner bad.
Involve network technology new. Movement case attention specific city per word. Evening discover product.",True
PROD_00865,Centralized scalable Internet solution,Beauty,Hair Care,,209.23,322.88,113.65,1.56,33x31x17,52,Cortez Group,3.2,"Over allow rich party after. South political door data wear manager.
Pattern trial season doctor degree enter usually. Discover idea politics attention middle.",False
PROD_00866,Progressive high-level flexibility,Fashion,Clothing,Mendez and Sons,169.4,259.28,89.88,6.76,19x49x10,69,Gardner PLC,4.0,"Board drive management those newspaper stuff. Nice reflect be become use account for.
Decide billion trip color him spring.",True
PROD_00867,Open-source disintermediate intranet,Fashion,Watches,Allen and Sons,388.05,1030.84,642.79,1.94,16x28x17,79,Cruz-Benson,4.2,"Camera threat draw part main. Establish share tell hand change edge. Bit many network certain none alone.
Look service leave past. Science raise nearly resource several few possible.",True
PROD_00868,Triple-buffered transitional approach,Electronics,Smartphones,"Mosley, Jones and Harrison",320.8,611.71,290.91,1.98,12x8x35,63,Hall Group,3.8,"Beat evening century pay nothing. Avoid reason campaign art world exist program.
Within bad first career employee. Safe able bad adult.",True
PROD_00869,Inverse exuding ability,Beauty,Hair Care,Johnson-Parks,56.22,97.11,40.89,1.35,41x16x36,-50,Gutierrez PLC,4.3,Laugh benefit it current onto spend. Mother project sure argue state try guy. Edge tonight most worker budget.,True
PROD_00870,Public-key zero-defect parallelism,Books,Fiction,Thompson Inc,61.83,129.83,68.0,8.23,38x8x12,31,Harris and Sons,5.0,Perform fish risk view coach next improve. Research over course between finally. Personal system new suddenly. North national on option trade easy easy.,True
PROD_00871,Face-to-face methodical analyzer,Fashion,Watches,"Browning, Drake and Kelley",204.04,380.29,176.25,8.7,31x16x20,14,"Ortiz, Jacobs and Jackson",3.2,Gas smile food decide impact unit decision. Spend over into stop then paper.,False
PROD_00872,Object-based well-modulated process improvement,Sports,Outdoor Gear,"Wilson, Ortiz and Morton",462.48,621.13,158.65,2.26,36x20x10,83,Davis-Porter,,"Your sit third special resource degree someone. Nation down recognize charge realize. Under address late since.
Pick mother reflect within. Test may why machine.",True
PROD_00873,Synergistic heuristic challenge,Books,Fiction,,262.7,702.96,440.26,9.43,42x10x18,98,Molina LLC,3.3,"Really heavy bed military expert wide popular. According language something goal fish picture night. Note environmental black name task fear apply step.
Visit participant discussion service.",False
PROD_00874,Virtual well-modulated hierarchy,BEAUTY,Skincare,"Young, Hood and Fischer",107.91,167.86,59.95,1.54,16x46x34,80,"Jones, Ortiz and Hall",3.3,"Lead else left play a huge. Hold simple hundred example give.
Space contain assume guy. Move news century treatment other. Green capital pick building mention. None cultural newspaper tax.",True
PROD_00875,Virtual system-worthy initiative,Electronics,Tablets,Bradley-Morgan,204.26,356.2,151.94,9.15,22x13x7,28,Garrett-Johnson,3.8,"Why bad first. Hundred have own American radio interview police keep. Ability film whose bad upon kitchen.
Ground fact consider leg buy.",True
PROD_00876,Networked 24/7 customer loyalty,Beauty,Fragrances,Gonzales-Morris,234.11,682.2,448.09,7.24,8x45x15,4,Curtis-Bell,4.0,"Small unit pull agreement shoulder. Voice condition bring.
Work full low foot stage medical. Agreement determine available off. Enter concern if drug wife.
Lawyer identify probably for.",True
PROD_00877,Ergonomic even-keeled function,Beauty,Skincare,"Phillips, Hill and Blake",495.82,712.36,216.54,8.98,42x6x5,81,"Stein, Moore and Valencia",4.3,"Happen issue them father remain reflect. Maintain professional form able him fall reveal.
Sure heart position east meeting. Material hear guy crime bag community store.",True
PROD_00878,Intuitive tangible website,Books,Educational,Carson and Sons,172.3,346.04,173.74,2.42,48x10x7,45,Smith-Curtis,4.6,"Remain teach case health. You however environmental spring.
Until free matter. When increase check.",True
PROD_00879,Adaptive empowering conglomeration,Electronics,Cameras,Rivera Ltd,418.6,638.53,219.93,9.9,14x5x42,83,Ingram Group,3.2,"Film health month across lay per southern. Eat Congress sometimes away.
Choose may million individual actually else. Let camera character lay leg church heavy eye.",True
PROD_00880,Profound empowering service-desk,Home & Kitchen,Home Decor,"Chambers, Robinson and Koch",75.42,218.7,143.28,1.34,37x48x14,39,Hanson LLC,4.2,"According day bag nearly lot detail TV. Current clearly cause tough poor report. Marriage wish believe rise growth age pass.
Activity on avoid detail. Star leg simply seem. Once go even improve.",True
PROD_00881,Fundamental tertiary circuit,Beauty,Fragrances,Hardy PLC,468.81,637.22,168.41,4.96,23x16x21,21,Flores PLC,,Stock sure house group. Beyond with threat always. Road prove before.,True
PROD_00882,Devolved user-facing parallelism,Electronics,Laptops,Garcia-Fisher,218.78,651.16,432.38,9.97,38x14x16,97,"Whitaker, Vazquez and Anderson",3.9,"Today defense difficult natural. Face catch by response pull thing kitchen. Product will today hold.
Process current administration well.",True
PROD_00883,Persevering 5thgeneration orchestration,Beauty,Skincare,Salas-Vazquez,223.69,383.46,159.77,5.0,41x5x14,76,"Gibson, Medina and Morton",,"Hospital hair fine simply record. Write boy voice market.
Create oil mother including hospital. Their Mr approach shoulder. Since sit control wish nearly character.",True
PROD_00884,Extended scalable Graphical User Interface,Sports,Fitness Equipment,Rivera Ltd,479.98,1093.2,613.22,8.04,32x29x32,18,"Allen, Gutierrez and Espinoza",4.5,Together any campaign pass but answer follow. Also thing TV team. Piece region amount change set difficult.,True
PROD_00885,Re-contextualized value-added help-desk,Home & Kitchen,Lighting,Jenkins PLC,61.07,172.94,111.87,7.07,23x37x21,14,"Johnson, Harris and Woods",4.5,"Name final should west test word attack. Media cultural many onto listen south forward.
Environment herself ten theory huge four.",True
PROD_00886,Inverse radical implementation,Beauty,Hair Care,,163.92,296.93,133.01,3.96,32x24x20,15,"Simmons, Martin and Hansen",4.0,Whose size determine best. Past join common teacher. Throw tree toward worker story use.,True
PROD_00887,Right-sized disintermediate Graphic Interface,Electronics,Cameras,Atkins and Sons,53.22,138.59,85.37,1.4,28x37x15,17,Walter-Gutierrez,4.8,"Once for need society wind into never. Stage and nice religious region.
Director machine these kitchen. Whom street member important positive. Increase security quality design probably room.",True
PROD_00888,Configurable heuristic flexibility,Fashion,Clothing,Brown LLC,16.36,23.82,7.46,3.44,21x24x22,20,Pope-Moore,4.8,"Result recently name mission. No charge some style such.
Old reflect stock example eat low. Dog ask view treatment.",True
PROD_00889,Secured well-modulated structure,Fashion,Accessories,Williams-Cross,296.53,819.46,522.93,2.75,10x44x30,33,Thomas-Davis,4.8,"Job daughter project main. Mouth shoulder TV full drop. Onto full benefit interesting show.
Blood perhaps specific radio follow. Moment just bad box career black anyone. Nearly list travel piece air.",True
PROD_00890,Operative foreground ability,Sports,Team Sports,Berg-Hardy,150.49,400.92,250.43,7.59,34x25x32,61,Curtis-House,,"Significant election ten mean themselves member other.
Start upon across our moment focus talk. Owner hear particularly scene practice about. Member full time surface guy father.",True
PROD_00891,Mandatory empowering system engine,Fashion,Watches,"Hodge, Welch and Bryant",437.79,832.32,394.53,9.07,7x42x7,22,"Wright, Roy and Graham",3.3,"Cell message big until contain catch. Cup then cultural owner economic feel bank.
Yard lose trade design painting form. Fall daughter follow society.",True
PROD_00892,Universal content-based throughput,Sports,Outdoor Gear,Odom-Walters,220.06,603.58,383.52,3.29,21x31x33,39,"Martinez, Jones and Sanchez",3.5,"Mention challenge special land seven. Agency weight region ahead.
Administration for education job support. Less will spend TV reality just.",True
PROD_00893,Progressive asynchronous archive,Home & Kitchen,Furniture,Larson Ltd,442.74,1131.69,688.95,1.01,5x49x33,21,Thomas and Sons,4.3,"Weight different last leader baby fly. Class economy pattern identify beautiful look more hold.
Entire require any cause seven him.
Country choose fight stock difference enough.",True
PROD_00894,Mandatory holistic artificial intelligence,Fashion,Shoes,Nunez-Cook,207.45,612.64,405.19,9.24,8x49x35,58,"Smith, Barrett and Franco",4.2,"Support career phone far scientist. Statement including very tough describe next rule.
Onto effort woman former audience here where. Peace music race friend tough.",True
PROD_00895,Up-sized didactic knowledgebase,Home & Kitchen,Furniture,Chapman-Morris,417.08,1002.15,585.07,5.27,37x21x37,72,Brown-Hall,4.7,"Themselves everybody risk impact school really offer I. Kid third politics management child. Walk good huge thought.
Still ahead on pull.",True
PROD_00896,Organic mobile conglomeration,Home & Kitchen,Lighting,Gutierrez Inc,375.01,0.0,230.52,7.3,43x28x21,78,Burke and Sons,4.2,"Life magazine pull. Usually yet yet new station public head.
Address try energy trade financial. International challenge price.",True
PROD_00897,Implemented methodical frame,Books,Non-Fiction,Miles Inc,14.67,38.78,24.11,4.66,34x13x19,53,Rodriguez-Marshall,3.9,Service believe that summer. National it effect similar ten represent.,True
PROD_00898,Robust optimal Internet solution,Home & Kitchen,Home Decor,Paul-Cooper,20.11,52.61,32.5,9.31,24x33x14,110,Clark-Lopez,4.8,"Not almost whether true. Ok president production others huge amount process shoulder.
Truth will wait camera able effort kid very. Speak husband interview matter.",True
PROD_00899,Managed system-worthy analyzer,Sports,Fitness Equipment,Smith-Rose,286.3,786.68,500.38,4.69,14x26x28,75,"Stevens, Rowland and Snyder",4.7,"Hotel floor not somebody man. Ago wrong oil charge cut. Research might church relate sort.
Work college crime power rest. Field road against site follow onto computer. Child free campaign listen.",True
PROD_00900,Team-oriented methodical array,Sports,Outdoor Gear,Williams-Hughes,120.73,155.79,35.06,3.53,49x22x17,1,Garcia-Hayes,3.2,"Enjoy wrong beautiful action firm red. Wait sea lead recently level.
Sell strategy teacher car glass difference. Relate word until make. Artist job skin.",True
PROD_00901,Centralized logistical budgetary management,Electronics,Smartphones,Murray-Rivera,156.11,212.95,56.84,1.02,34x22x38,61,Ellis-West,3.3,Town turn head likely. Organization mouth suddenly recently will study star should.,True
PROD_00902,Devolved needs-based installation,Books,Fiction,Moses Ltd,456.9,1178.37,721.47,9.26,34x22x43,50,Thomas Ltd,4.1,With impact risk bring fund style lot movement. Tonight hear central development per debate. Money race politics four TV affect.,False
PROD_00903,Re-engineered disintermediate productivity,Fashion,Clothing,"Snyder, Bell and Tanner",225.15,561.1,335.95,8.86,32x27x46,64,Gilmore Ltd,3.7,"Fund yourself focus mention hair bit across.
Natural once raise marriage compare yes suddenly. Customer glass easy enough office scientist their.",True
PROD_00904,Reactive demand-driven solution,Fashion,Accessories,,14.43,25.42,10.99,6.49,13x15x11,61,Santos-Joseph,3.6,"Receive dog world. Must suddenly me wide though per dream.
Once stand five capital.
Deal including watch career Republican year could.",True
PROD_00905,Reduced tertiary emulation,Sports,Fitness Equipment,"Lewis, Anderson and Harris",495.95,1137.05,641.1,2.02,33x42x41,34,Bush Inc,3.3,Think same probably upon network. Statement number show unit weight.,True
PROD_00906,Visionary context-sensitive neural-net,Books,Educational,"Fleming, Hammond and Luna",394.57,662.7,268.13,9.92,34x28x38,8,"Foley, Kemp and Hamilton",3.6,Subject recently inside former. Production stand official attack body must.,True
PROD_00907,Centralized asymmetric contingency,SPORTS,Fitness Equipment,Moran PLC,54.7,153.54,98.84,6.45,31x27x37,19,"Collier, Williams and Terrell",4.7,"Kitchen pressure from usually side early project tend. Job behind year early.
Whole result always message. Catch our process.",True
PROD_00908,Switchable 6thgeneration definition,Electronics,Laptops,"Allen, Young and Skinner",108.54,211.92,103.38,3.22,35x43x43,31,Rasmussen PLC,4.6,"Cup beyond himself eye something something business. Region find control class total.
Skill beyond time start sell professional. Free rate provide almost politics. Today than man theory pull.",False
PROD_00909,Sharable next generation conglomeration,Home & Kitchen,Home Decor,Lyons Inc,200.29,573.67,373.38,5.44,36x15x24,-50,Avery Group,,"Response sport job theory administration.
Stock outside three turn. Against seek sometimes.
Account realize level season he heavy large. Camera wind power security vote against go music.",True
PROD_00910,Versatile systemic knowledgebase,Fashion,Accessories,Villa-Black,427.53,912.08,484.55,7.31,28x36x16,26,"Fisher, Payne and King",4.3,Environment condition health system recently off scientist. Under so success anything particularly family. Oil miss soon wrong ability fear leader.,True
PROD_00911,Open-source directional strategy,Beauty,Makeup,"Martin, Crosby and Orr",247.86,631.65,383.79,7.56,13x10x33,84,Smith Ltd,4.2,"Worker than television night paper.
Box catch put capital letter across night. Cause compare change determine door mind clear. Easy crime city issue point court.",True
PROD_00912,Digitized user-facing artificial intelligence,Fashion,Accessories,Rogers-Brooks,412.73,661.86,249.13,8.1,44x35x27,62,Schmitt-Villanueva,4.2,"Arm nation voice after since quickly table standard. Agree information indeed Mr practice morning.
Yard every more size walk really. Heart painting mission certainly name.",True
PROD_00913,Focused 5thgeneration customer loyalty,Beauty,Skincare,Watson-Lawson,97.42,280.58,183.16,0.93,41x7x28,62,"Stewart, Mitchell and Fuller",3.5,"True of stay together agreement recently. Each away every fear. Can cover animal late understand involve none.
Thank despite red drop society none. Few west whose serve stuff instead however.",True
PROD_00914,Synergized asynchronous frame,Home & Kitchen,Lighting,Kennedy-Hayes,301.29,875.36,574.07,6.06,48x35x37,75,"Smith, Clark and Juarez",3.0,"Edge threat owner ball few suggest stay than. Certain indicate mouth nature. Although glass forget product enter benefit.
Message mouth data. Spring represent hit.",True
PROD_00915,Triple-buffered contextually-based parallelism,Electronics,Cameras,"Hood, Cook and Curry",41.25,90.42,49.17,3.42,32x40x27,61,"Dawson, Hill and Odonnell",4.6,"Form cut bit. West what apply establish method party let although.
Deep theory contain world successful product put doctor. West character ten ago why.",True
PROD_00916,Horizontal coherent strategy,Home & Kitchen,Lighting,"Gross, King and Mooney",424.43,981.87,557.44,2.11,17x34x17,68,Jones-Wong,3.5,"Human box voice senior. Story hair charge pay official.
Any eye benefit five only nothing run. Experience final town peace.",True
PROD_00917,User-centric zero tolerance hub,Beauty,Makeup,Herring-Dawson,326.4,611.31,284.91,0.2,29x12x37,81,"Bennett, Schultz and Wilson",4.2,"Model big Republican to crime.
Crime major own.
Evening sense only student I of window message. Market nor like could challenge old party.",True
PROD_00918,Realigned multi-state system engine,Fashion,Watches,Holmes-Guerra,22.78,61.42,38.64,0.11,22x29x24,29,Anderson-Silva,3.4,"Economy continue pull yes cause.
Degree house represent region least discussion student. Challenge step former into American star reveal.",True
PROD_00919,Vision-oriented bottom-line capability,Sports,Outdoor Gear,"Carrillo, Valencia and Anderson",356.97,1003.06,646.09,9.93,33x6x30,67,Davis-Hill,4.8,"Ask institution bag fall so any. Share decision bad less.
Agent body own size person. Company international cup wall middle as place soon.",True
PROD_00920,Down-sized uniform time-frame,Beauty,Hair Care,Armstrong-Williams,344.86,717.49,372.63,3.09,23x32x27,70,"Perez, Sheppard and Barnes",3.1,"Long machine garden staff art trip. College high small everything.
Pay city material must first someone peace civil. Tend wall data music example party.",True
PROD_00921,Progressive full-range Graphic Interface,Electronics,Laptops,,200.2,314.13,113.93,2.38,20x18x14,18,"Knight, Arias and Wilson",,Professor guy challenge something woman example particularly church. House road know sell when.,True
PROD_00922,Switchable multi-tasking Local Area Network,Home & Kitchen,Home Decor,Ortiz-Cox,239.35,516.79,277.44,6.17,39x5x21,76,"Wilson, Palmer and Weber",3.2,Lay day and medical defense body Mr. Marriage sister century event difficult hear right record.,True
PROD_00923,Open-architected logistical moratorium,Sports,Team Sports,"King, Carroll and Cummings",121.17,360.61,239.44,-1.0,14x45x28,51,Oliver-Johnson,4.9,On ball music agree toward. Skill stuff middle long claim. Data eye many beautiful.,True
PROD_00924,Multi-lateral user-facing definition,Books,Educational,Berger Ltd,135.65,359.09,223.44,5.1,11x27x41,20,Hayes Inc,3.9,"Upon type ground amount. Kid possible action continue career the audience. Visit choice worry nice draw area know.
Base task million reach.",True
PROD_00925,Programmable exuding capacity,Home & Kitchen,Furniture,Nguyen LLC,67.1,180.97,113.87,4.79,21x26x42,38,"West, Edwards and Keller",3.8,"Girl people small turn factor performance. Arrive sea staff executive. With lay ball go sound. Blue soon boy us goal who beyond.
Mention professional single their word.",True
PROD_00926,Organic asymmetric emulation,FASHION,Watches,"Bolton, Brooks and Gomez",142.33,354.93,212.6,0.67,48x29x44,42,"Fernandez, Collins and Black",4.2,Every carry plant assume theory travel. Itself national than spring trouble cold kid purpose. Crime Mr ready off begin head.,True
PROD_00927,De-engineered local superstructure,Sports,Team Sports,"Taylor, Wallace and Brown",61.06,137.57,76.51,1.6,44x13x16,79,Dixon-Evans,3.9,"Early cup film window involve. Age serious board behavior even pattern.
Return message cost individual season true. Organization near south response choose partner.",True
PROD_00928,Enterprise-wide global synergy,Beauty,Makeup,Hopkins-Roberts,167.26,258.46,91.2,8.19,35x21x21,65,Rodriguez-Keith,4.3,"Pretty talk brother. Government although fire theory.
Yourself pick debate name father.",True
PROD_00929,Intuitive needs-based methodology,Books,Fiction,Johns Ltd,12.46,15.01,2.55,5.26,9x12x19,32,"Thompson, Johnson and Cardenas",4.7,Mother have sit could account happen organization hand. Enough soldier per. Around present choice reality character.,True
PROD_00930,Adaptive full-range leverage,Books,Fiction,Lewis-Jackson,494.07,1060.71,566.64,0.12,32x7x13,38,"Cruz, Phillips and Hernandez",4.4,However community family student bar citizen. Mind recently one majority. Last trip window ten whom be without field.,True
PROD_00931,Synchronized reciprocal circuit,Electronics,Smartphones,"Fitzgerald, Mcdonald and Barrett",466.3,766.34,300.04,8.6,36x28x43,41,Watson-Beard,3.2,"Hot light still remain. Cup participant behavior drop.
Animal service six quality activity bar set risk. War buy sport yet interview moment artist. Than our meeting strong character.",True
PROD_00932,Future-proofed national capacity,Home & Kitchen,Kitchen Appliances,"Eaton, Ramirez and Miller",460.65,590.48,129.83,2.03,30x45x19,39,Stout-Jones,3.5,Early understand source month southern serious. Wear student explain future listen military yourself. Participant phone throw.,True
PROD_00933,Secured discrete software,Fashion,Watches,"Snyder, Walker and Mcguire",347.59,615.38,267.79,7.02,9x48x41,61,Dalton-Elliott,3.5,"Special represent official hand wrong commercial decision. Bar production it production learn fly tend. High style clear.
Light movement seek over interview little food.",True
PROD_00934,Reduced tertiary application,Beauty,Hair Care,Hall-Davila,134.83,390.51,255.68,2.36,18x30x23,14,"Smith, Morris and Martinez",3.8,"Happy participant our opportunity scientist.
Might wrong very body. Pass upon by coach. Interview however art policy civil.",True
PROD_00935,Mandatory mission-critical toolset,Books,Children Books,,128.42,175.92,47.5,3.71,25x45x37,65,"Jones, Garcia and Ferrell",3.1,Purpose beautiful way. Moment would question east nothing set for. Heavy finally idea politics law someone.,True
PROD_00936,Customer-focused tangible structure,Books,Non-Fiction,Harrison-Ball,6.77,17.74,10.97,2.03,21x13x23,48,Washington Inc,3.5,Eat a later Mrs. Price him under enjoy least still majority. Heavy month successful line coach news.,True
PROD_00937,Enhanced intermediate website,Home & Kitchen,Lighting,Coleman LLC,292.67,626.95,334.28,0.71,28x22x21,69,"Kirby, Sanchez and Navarro",3.2,"Quality measure deal cup fight human opportunity. If provide data kitchen look network. These scene so remember base response.
Week occur message amount high. Series country pay.",True
PROD_00938,Robust fault-tolerant Graphic Interface,Electronics,Headphones,"Riley, Cox and Alexander",410.38,1177.9,767.52,3.29,37x19x43,37,Steele-Edwards,3.3,"Government factor end south wide believe detail. Mrs leader thought argue experience.
Fly note hope light simply. Drug pressure draw. Unit recently development media ready despite.",True
PROD_00939,Persevering demand-driven complexity,Fashion,Watches,Smith-Harris,157.64,306.07,148.43,634.0,16x49x46,61,Jensen Inc,3.8,"Baby suddenly during budget. International doctor part. Republican away this specific bring fine.
Brother far change. Thank large large oil.",True
PROD_00940,Programmable fresh-thinking moderator,Home & Kitchen,Home Decor,Walton Group,205.04,300.21,95.17,6.75,39x20x23,96,Massey and Sons,4.4,"Set nothing either director. Set peace white not still movie scene give.
Author who situation commercial go soldier choose create. Guy later various left. Official act our education.",True
PROD_00941,Operative static structure,Home & Kitchen,Kitchen Appliances,Taylor and Sons,364.03,628.62,264.59,8.08,48x7x16,67,Ho-Bell,4.2,"Assume likely truth can president ago table. Add help sense say outside.
President anything vote room analysis indeed. Positive however him only lay matter owner. Most explain notice suddenly.",True
PROD_00942,Persistent disintermediate frame,Fashion,Shoes,Campbell-Johnson,332.21,606.44,274.23,5.3,37x5x12,60,Cooley Group,5.0,"Oil learn environment success. Often any stay.
Truth claim choice better behavior discussion clearly. Foot with onto eye film trouble adult. Up decade money people stock.",True
PROD_00943,Customer-focused bifurcated emulation,Home & Kitchen,Kitchen Appliances,"Payne, Flores and Stewart",86.38,251.13,164.75,7.47,34x43x41,33,"Figueroa, Williams and Lyons",,Style religious wear affect born parent when. Both rate they she hit himself best. Blue off financial kind finish pressure.,True
PROD_00944,Inverse reciprocal success,Sports,Outdoor Gear,Gates LLC,110.74,134.12,23.38,1.31,20x26x43,62,"Moran, Jackson and Beltran",4.8,"Must yourself president raise fire.
Level response than couple so child. Sing support possible piece.
Position enough effect seek read this girl. Camera prepare fall social who.",True
PROD_00945,User-friendly web-enabled pricing structure,Electronics,Tablets,"Martin, Schneider and Kim",80.19,205.55,125.36,0.57,45x6x42,24,"Harper, Mathews and Johnson",4.9,Around black within body. Ever shoulder front must deal. Charge he agency game threat. Sound size will sport.,True
PROD_00946,Robust leadingedge collaboration,Sports,Team Sports,Whitaker-Ross,268.91,593.74,324.83,3.45,35x48x30,53,Rhodes and Sons,4.0,Watch story whatever rise foreign shake media rise. Page task above do mean card film.,True
PROD_00947,Decentralized background infrastructure,Books,Children Books,Williams-Herman,298.28,851.61,553.33,5.19,16x24x26,43,"Simmons, Meyer and Blackburn",3.6,Everything there necessary bank never. Dinner cause help respond sport among. Economic blood medical stage become ready admit. History early gun what factor produce bank.,True
PROD_00948,Streamlined cohesive implementation,Books,Non-Fiction,"Hurst, Kerr and Miles",417.32,1080.46,663.14,2.44,39x47x24,48,"Ferguson, Willis and Miller",3.6,"Half call dog there within wife.
Democratic much care require officer day. Point international hotel.",True
PROD_00949,Proactive background productivity,Beauty,Fragrances,"Myers, Stewart and Lucas",394.88,565.27,170.39,8.26,48x41x29,61,Reese PLC,3.2,Leave beautiful especially exist heavy reveal visit. Population car experience finish establish push they anyone.,True
PROD_00950,Visionary next generation core,Books,Non-Fiction,"Wells, Holt and Martinez",174.44,446.56,272.12,2.01,16x22x48,43,Carter Group,3.1,"Him human cover someone along job standard theory. Would director return line east truth environmental already.
Would husband without sometimes this head degree high. Simply let test do cold.",True
PROD_00951,Secured zero-defect orchestration,Fashion,Watches,Hampton and Sons,454.48,1223.28,768.8,3.81,35x38x18,67,Oneal LLC,3.5,"Certainly expert energy you. Table for agency American. Technology soon company.
Story myself size off. Charge sure spring increase music consumer never.",True
PROD_00952,Diverse mission-critical solution,BEAUTY,Skincare,Nelson-Jackson,73.48,187.75,114.27,1.63,44x47x45,79,Grant-Butler,4.3,"Message minute write money doctor its. Size personal similar per.
Issue position so result me. Sign see type under water expert feeling. Almost rise history argue note until wear.",True
PROD_00953,Multi-layered dynamic flexibility,Beauty,Makeup,,350.77,796.29,445.52,7.98,28x29x19,17,Williams-Jenkins,,Act positive relationship offer control change. Goal on draw thought attack often. If form soon provide.,True
PROD_00954,Universal multi-tasking Graphical User Interface,Fashion,Watches,"Khan, Miller and Chen",142.09,343.05,200.96,6.47,27x16x33,15,"Manning, Lyons and Foster",3.8,"Far year some most beyond investment. Beyond network development happen production just. Executive trade network service American voice.
Maintain throughout there beyond start.",True
PROD_00955,Profound client-server conglomeration,Books,Children Books,Allen LLC,423.25,511.8,88.55,0.12,12x37x24,59,Brown-Bond,4.1,Practice focus floor. Reflect ground just defense. Cover herself participant development agent national industry sure.,True
PROD_00956,Visionary heuristic software,Fashion,Shoes,Ryan-Baker,452.73,999.49,546.76,1.62,42x15x36,84,Thompson Inc,4.6,"Daughter those television. Federal floor class middle.
Check painting me mean car truth young yourself. Young major another civil decide participant article.",True
PROD_00957,Organized foreground pricing structure,Electronics,Smartphones,"Johnson, Henry and Payne",294.89,479.95,185.06,8.56,21x23x35,42,Jacobs-Blake,3.2,"Any anything plan blood born. Everyone who ahead every force site. Place shake investment school.
Check enter example. Crime up moment through wife least key.",True
PROD_00958,Multi-tiered uniform product,Home & Kitchen,Kitchen Appliances,Cook Inc,451.02,765.72,314.7,7.69,28x42x30,48,Hatfield-Rivera,3.8,"Summer paper a wide. Summer recent statement image.
Sometimes table bring bag school lead.
Fine thing ready environmental. Clearly base challenge white. Wife camera art simple.",True
PROD_00959,Multi-lateral 3rdgeneration paradigm,Sports,Outdoor Gear,Copeland-Orozco,15.23,39.18,23.95,8.58,25x23x31,38,Rodriguez-Robinson,4.4,"Instead carry money speech.
Strategy weight major partner visit social mention operation. Letter adult drive will.",True
PROD_00960,Sharable eco-centric migration,Fashion,Watches,Garcia Inc,243.81,491.74,247.93,8.38,47x27x36,20,Boone-Brown,4.6,"Know current rock central piece box major. Student cold hot.
Cell stop manage the mother. Lay candidate each read government. Art mention environmental describe.",True
PROD_00961,Synergistic zero-defect moderator,Electronics,Headphones,"Barnes, Ortiz and David",243.31,484.19,240.88,3.08,37x15x20,16,Clark-Carr,4.9,Moment style every term purpose difference. Ten space image attention data such exist million.,True
PROD_00962,Focused scalable approach,Beauty,Skincare,Lutz LLC,487.81,1432.98,945.17,3.04,49x32x32,32,Sanchez-Jones,3.2,Get help necessary strategy study detail group. Guy social growth. There education establish Congress popular.,True
PROD_00963,Progressive empowering success,Fashion,Accessories,"Edwards, Watts and Perez",119.96,222.7,102.74,9.09,25x27x5,73,Tucker-Coleman,3.5,Stock relate office out exactly fight sign. Magazine interest another however hospital. Operation everyone particular spend wide experience. Mother yeah strategy issue Mr.,False
PROD_00964,Self-enabling 5thgeneration benchmark,Electronics,Smartphones,"Browning, Sanchez and Hunt",411.06,936.56,525.5,2.59,15x38x38,44,"Chapman, Bartlett and Johnson",4.4,"While nor test. Teacher admit analysis police drug report man. Front civil purpose painting difficult fine.
Part three three business simple. Beautiful create church full would probably off student.",True
PROD_00965,Customizable context-sensitive protocol,Home & Kitchen,Furniture,"Garcia, Jackson and Hernandez",160.39,368.98,208.59,9.36,25x45x31,72,Hill-Clarke,3.1,Quickly large drive range huge. Necessary respond eye bed my minute organization. Skill up hotel. You item like open add.,True
PROD_00966,Balanced content-based emulation,BOOKS,Non-Fiction,Scott-Davenport,155.72,368.51,212.79,0.28,47x13x43,38,"Curtis, Sanders and Simpson",4.4,Play someone again several west learn while get. Serious star everybody social brother western. Direction down age computer. Medical reflect report realize.,False
PROD_00967,Realigned zero-defect array,Fashion,Shoes,Williams-Bishop,54.76,88.44,33.68,0.3,45x32x24,48,Rowland-Freeman,4.9,"Listen determine partner require young group reality. Size protect wind.
Full series thank stage position. To week view foreign perform. Ability building goal mind game.",True
PROD_00968,Vision-oriented solution-oriented support,Beauty,Hair Care,Alexander Group,486.58,1155.87,669.29,2.4,43x32x42,54,Welch and Sons,4.5,Radio beat character write bring good claim. Weight stock water kid. Weight media piece bank professor.,True
PROD_00969,Organized mission-critical firmware,Sports,Fitness Equipment,Stewart-Barnett,265.56,495.36,229.8,9.9,34x39x49,50,Young LLC,3.4,"Apply light rise player indeed bring. Discuss fine beyond brother daughter.
Space window candidate.",True
PROD_00970,Monitored web-enabled product,Home & Kitchen,Kitchen Appliances,Washington-Martinez,39.71,74.55,34.84,4.55,27x47x12,9,Taylor-Knapp,4.0,"Understand key raise rise nearly black.
No party then. Well bar its management. Street window head soldier. Light explain sell everybody small talk sometimes surface.",True
PROD_00971,Organized incremental success,Electronics,Smartphones,Brooks-Rios,457.84,857.71,399.87,2.01,24x43x38,28,Webb PLC,3.8,"Support week authority southern bill. Management piece professor table eight six. Operation special practice behind collection describe.
Space turn report wind. Who eye financial enough like student.",True
PROD_00972,Ergonomic grid-enabled policy,FASHION,Watches,"Wilson, Hunter and Cervantes",138.18,269.41,131.23,2.47,20x46x16,78,Elliott-Foley,3.1,Yard network appear amount. Also cold type despite term tree glass. Call economic assume that weight organization.,True
PROD_00973,Optimized zero tolerance hardware,Sports,Outdoor Gear,Smith-Wilson,237.52,363.17,125.65,9.38,27x35x36,1,"Bauer, Peterson and Lewis",3.5,"Exist read social type. At music least institution.
Say white choice dog customer suddenly. Determine travel according nation ever majority. Key help political food talk necessary same go.",True
PROD_00974,Open-architected discrete encoding,Beauty,Makeup,Simon Group,76.67,201.25,124.58,0.21,14x19x49,53,"Hampton, Gutierrez and Hood",3.6,"Best watch prevent scene just music. Wall short dream treatment. Wish indeed within painting region.
Organization require million vote. Politics must impact lead together suggest.
Less arm true hour.",True
PROD_00975,Multi-channeled eco-centric interface,Fashion,Watches,Lewis Ltd,346.26,565.87,219.61,4.77,11x13x11,68,Garcia Ltd,3.3,"Ability evening feel prevent. Short decide record real town college. Quickly cold social receive challenge yet.
Program health position quickly prove religious appear. Seven be by expect rise left.",True
PROD_00976,Universal explicit parallelism,Fashion,Accessories,"Harris, Peters and Brady",44.66,85.86,41.2,9.7,40x5x20,45,Martin-Graham,4.6,"Catch within strong arrive over ball what trial. Network traditional I score.
May evidence event discover. Question meeting guess effect social.",True
PROD_00977,Persistent bottom-line orchestration,Fashion,Shoes,Dominguez-Garcia,403.5,763.08,359.58,6.57,35x13x10,0,Stout and Sons,3.9,My piece dark center significant while. Agree personal sit education. Door standard common clear accept look require. Staff something because.,True
PROD_00978,Synergistic multi-tasking workforce,Fashion,Clothing,"Johnson, Cobb and Jensen",65.46,83.76,18.3,8.04,32x40x47,-50,Hernandez LLC,3.0,"Hand white PM cultural former score politics. Debate coach establish cultural heavy support move light.
Build everyone use may. Similar majority move.",True
PROD_00979,Devolved value-added strategy,Books,Fiction,Howard and Sons,383.78,508.54,124.76,6.82,42x15x24,62,"Banks, Rios and Foster",3.7,"Owner specific design. Ahead perhaps majority really term wonder alone.
Apply suggest someone reveal spend group important. Identify environmental trial leg service.",True
PROD_00980,Progressive incremental frame,Fashion,Accessories,Cameron Ltd,44.84,125.41,80.57,6.45,5x38x30,76,"Williams, Herrera and Casey",4.6,"World door share. Student half TV ball. Start better hotel sometimes. Series star about budget.
Information anyone once wrong show often. Catch away see response reveal. Poor sure growth want drug.",True
PROD_00981,Assimilated client-server policy,FASHION,Shoes,Ayala-Bonilla,475.48,1255.37,779.89,2.95,30x24x7,72,Campbell-Charles,4.7,"Guy paper sister activity. Leave investment try magazine.
Firm third specific before. Form buy address town soldier tough.",True
PROD_00982,Switchable disintermediate hardware,Home & Kitchen,Kitchen Appliances,"Wilson, Carter and Caldwell",134.34,386.0,251.66,0.18,30x8x30,44,Oconnor PLC,3.6,"Picture dog nature form high challenge consumer coach. Night certain student born former direction. Face discussion section book claim.
Center suggest effort free.",True
PROD_00983,Extended interactive collaboration,Books,Children Books,"Stevenson, Cortez and Jones",346.41,936.42,590.01,3.27,49x28x17,41,Juarez-Evans,3.7,"Matter several development level have right worker. Occur consumer argue available Mrs. Picture agent apply it.
Anything scene be standard seek involve life three. Enter alone stock century onto no.",False
PROD_00984,Progressive bandwidth-monitored initiative,Fashion,Accessories,"Hansen, Brown and Chan",473.05,1133.04,659.99,7.33,27x23x24,40,Washington Ltd,4.6,"Thus total form red across human. Newspaper lead more tree sure.
Public money nearly. Now receive certainly so study.
Tonight owner finish recent cultural. Represent age turn behavior better truth.",True
PROD_00985,Enterprise-wide executive knowledgebase,Books,Children Books,Cooley-Walker,444.31,793.97,349.66,1.88,48x28x11,57,Valenzuela Ltd,3.6,"Break yeah who but follow really. Finally establish employee sense.
Enjoy newspaper daughter despite. Else continue national. Eight young contain action trial.",True
PROD_00986,Centralized directional algorithm,Beauty,Skincare,Wright-George,289.93,443.19,153.26,2.7,24x36x20,45,"Rice, Johnson and Gonzales",3.4,Fine because laugh situation training arrive. Camera certainly stand treatment health fish. Service class plant yeah trial.,False
PROD_00987,Optional encompassing extranet,Sports,Outdoor Gear,Spence-Adams,353.7,651.33,297.63,7.88,28x19x24,0,"Fuller, Griffin and Rice",4.1,"Blue down forward. Ground every stage successful behavior onto former economic.
Take glass specific agreement include everyone south. Section nation evening.
Nothing your score century program.",False
PROD_00988,Fundamental object-oriented help-desk,Books,Children Books,"Myers, Jenkins and Collins",428.78,748.74,319.96,4.9,17x26x17,35,Perez and Sons,4.7,Particularly identify other authority well perform majority. Pretty research leader share item investment.,True
PROD_00989,Automated 3rdgeneration hierarchy,Beauty,Makeup,"Diaz, Jenkins and Gentry",86.83,160.5,73.67,4.76,22x44x13,25,Stephens LLC,3.8,"Stock start account over director pay describe.
Material week hundred close local education free. Modern step more final face the else. War political option side.",True
PROD_00990,Progressive grid-enabled benchmark,Books,Non-Fiction,Simmons-Wolf,321.65,520.62,198.97,3.67,42x36x12,55,Nichols Group,4.0,Almost outside prevent yard approach nor his. Center everything a box car relate trouble whom. Me wife song speak.,True
PROD_00991,Future-proofed clear-thinking task-force,Books,Non-Fiction,"cain, owens and ayala",198.2,581.43,383.23,5.77,34x40x27,81,Merritt-Gilbert,4.0,Budget his anything eight from work. Toward common build and thousand power. It four word stage.,True
PROD_00992,Multi-channeled grid-enabled paradigm,Electronics,Smartphones,Collins Ltd,60.33,170.01,109.68,516.0,5x19x25,33,"Berg, Herring and Lee",4.4,"Machine song example.
Whole individual Congress.
Exactly pass number huge note recent. Treatment source open finally. Federal wear gas and artist country short.",True
PROD_00993,Fundamental human-resource productivity,Beauty,Skincare,"Ayers, Mcpherson and Martin",99.82,129.65,29.83,5.6,40x32x27,56,"Peters, Washington and Murphy",4.8,"Value trade he set recently by practice. Suffer film course pretty forget.
Bar exactly as statement. Degree citizen scene Mr outside star.",True
PROD_00994,Implemented intangible data-warehouse,Sports,Outdoor Gear,Williams-Gibson,468.83,1127.85,659.02,1.88,36x22x32,-50,Miller-Noble,3.9,"Example with lot who.
Artist pay Republican learn art risk early. Do source too research after response. Table put interview say deep country three.",True
PROD_00995,Advanced demand-driven migration,Electronics,Smartphones,,38.21,99.38,61.17,6.26,31x6x27,60,Conrad-Wiggins,3.4,Trade establish present economy section. Church physical control office.,True
PROD_00996,Team-oriented hybrid emulation,Fashion,Accessories,Frye and Sons,389.0,868.79,479.79,7.5,23x27x43,38,Alvarez PLC,3.8,"Particular image special common amount allow. Authority life challenge much project sea. Part different as explain.
Expect minute special save above. Second talk up decision consider amount.",True
PROD_00997,Mandatory encompassing methodology,Home & Kitchen,Home Decor,"Martinez, Daniels and Rios",238.81,582.42,343.61,2.31,9x45x26,32,Giles-Hernandez,3.0,"Always fund edge myself nearly. Meet similar watch box player. Name level fine onto lawyer in administration.
Food data hand pass. Character protect positive own foot tend.",True
PROD_00998,Re-engineered high-level middleware,Fashion,Accessories,May Group,499.08,920.12,421.04,2.85,38x18x8,18,Anderson and Sons,4.3,Six doctor push very. Can center only this what. And believe service gun their citizen.,True
PROD_00999,Re-engineered high-level contingency,Books,Non-Fiction,"Herrera, Johnson and Turner",166.95,477.41,310.46,2.64,30x12x32,24,"Fox, Bailey and Baker",3.7,Wide ever study leader American beautiful trouble indicate. Receive right guy visit. Institution decide staff somebody offer behind.,True
