customer_id,first_name,last_name,email,phone,age,city,registration_date,customer_segment,credit_score,total_spent,last_purchase_date
CUST_00000,Danielle,Johnson,john21@example.net,001-581-896-0013x3890,40,Annaba,2024-03-18,Standard,636.0,6786.35,
CUST_00001,Joshua,Booth,helenpeterson@example.org,651.216.1559,29,Sidi Bel Abbès,2024-06-21,Standard,704.0,11496.74,
CUST_00002,Teresa,Gray,maria95@example.net,610.934.1316,24,Batna,2023-05-09,Standard,508.0,5959.11,
CUST_00003,Michael,Santiago,lynchgeorge@example.net,527.264.8350,27,BATNA,2024-01-25,Standard,620.0,16259.63,
CUST_00004,Carl,Gentry,jason76@example.net,724.523.8849x696,37,Constantine,2024-05-23,Standard,454.0,3706.01,
CUST_00005,Christopher,Williams,hernandezernest@example.net,(791)366-9784x80184,33,Blida,2024-03-02,Standard,619.0,3533.88,
CUST_00006,Shawn,Mckay,teresa28@example.org,+1-948-293-2528x8095,26,Oran,2025-08-26,Premium,711.0,12598.18,
CUST_00007,Natasha,Decker,,671-882-2782,38,Annaba,2025-08-26,Standard,747.0,9231.1,
CUST_00008,Karina,Vaughn,raymond57@example.net,213.331.5098x393,39,Algiers,2023-07-20,Basic,585.0,11994.66,
CUST_00009,Rebecca,Heath,palmerjoshua@example.com,582.399.7376,36,Oran,2024-11-03,Standard,620.0,6986.04,
CUST_00010,Michael,Jenkins,nuneztracey@example.org,4658133387,25,Constantine,2023-09-13,Basic,599.0,3590.01,
CUST_00011,John,Leblanc,jmorton@example.org,5808132677,26,ALGIERS,2023-05-11,Standard,617.0,22875.020000000004,
CUST_00012,Aaron,Myers,smitchell@example.net,+1-272-734-3098,30,Algiers,2023-01-05,Basic,569.0,2535.57,
CUST_00013,Thomas,Calhoun,,291-336-1939,18,Sétif,2024-11-01,Standard,647.0,11232.7,
CUST_00014,Annette,Stewart,james53@example.com,(524)675-1079x9118,34,Constantine,2025-08-30,Basic,533.0,23185.02,
CUST_00015,Nicole,Suarez,justin78@example.net,698-608-4124x1182,42,Tlemcen,2023-06-30,Premium,850.0,10650.27,
CUST_00016,Matthew,Watts,william40@example.org,+1-264-300-5242x7868,18,Oran,2025-09-12,Standard,656.0,5762.91,
CUST_00017,Hannah,Hernandez,davenportbrandi@example.org,(420)545-0533x15869,44,Constantine,2025-10-16,Basic,526.0,9018.78,
CUST_00018,Lisa,Keith,whitesandra@example.com,+1-534-221-6073x37543,20,Annaba,2024-01-22,Standard,517.0,13920.74,
CUST_00019,Joshua,Jones,michael86@example.net,+1-350-814-2940,38,Batna,2025-01-18,Premium,578.0,26506.78,
CUST_00020,Lee,Obrien,cruzbarbara@example.com,7607883561,48,Oran,2025-01-08,Standard,567.0,7585.240000000001,
CUST_00021,Kevin,Parker,snguyen@example.com,+1-823-266-2994,34,Blida,2023-09-22,Basic,684.0,9185.22,
CUST_00022,Russell,Carpenter,steven73@example.net,221.248.9513x4332,22,ANNABA,2025-10-25,Basic,698.0,483.56,
CUST_00023,Cheryl,Mack,operry@example.net,567.463.2016,24,Biskra,2024-04-04,Basic,498.0,1726.83,
CUST_00024,Angela,Lowery,bryantlaurie@example.net,589.657.9868x72774,35,Biskra,2024-04-26,Basic,535.0,4672.01,
CUST_00025,John,Gonzales,jimmy55@example.net,822-736-2316,41,Biskra,2024-04-05,Basic,850.0,12923.449999999999,
CUST_00026,Bryan,Wall,lstein@example.net,5969705466,29,ANNABA,2023-09-07,Standard,658.0,2141.7799999999997,
CUST_00027,Todd,Price,dramsey@example.org,+1-280-669-9016x272,35,Sétif,2023-11-05,Basic,542.0,7026.370000000001,
CUST_00028,Shawn,Rogers,aramirez@example.com,270-580-5310,18,ANNABA,2025-05-19,Basic,668.0,28573.2,
CUST_00029,Christine,Allen,kcaldwell@example.org,645.829.9124x190,20,Sétif,2025-09-08,Standard,616.0,4755.78,
CUST_00030,James,Vargas,curtisbarton@example.net,+1-819-905-8651x850,60,ORAN,2024-03-01,Standard,753.0,367.66,
CUST_00031,Michael,Snow,bzimmerman@example.org,001-684-998-7769x4531,40,Annaba,2025-02-11,Standard,727.0,6075.77,
CUST_00032,Ashley,Barnett,anthony52@example.com,554.354.9480,29,Annaba,2025-01-09,Standard,663.0,3472.95,
CUST_00033,Tracy,Chang,fbrewer@example.com,9147363495,35,Sétif,2025-11-08,Basic,611.0,1904.87,
CUST_00034,Andrea,Bell,qnelson@example.org,635-618-2337,38,Oran,2025-05-12,Premium,587.0,17717.72,
CUST_00035,Kenneth,Ward,alexis82@example.com,6089427109,45,Sidi Bel Abbès,2024-03-08,Standard,680.0,3922.7000000000003,
CUST_00036,Jack,Williams,ewilson@example.com,519.802.2941x3186,50,Sidi Bel Abbès,2025-08-03,Standard,590.0,6005.549999999999,
CUST_00037,Kenneth,Chapman,ntorres@example.org,+1-213-834-1232x812,50,Sidi Bel Abbès,2024-12-06,Standard,652.0,6619.0,
CUST_00038,Terry,Johnson,jasmine71@example.net,649.436.1832,36,Oran,2023-01-16,Standard,709.0,24944.74,
CUST_00039,Laura,Larson,scott74@example.net,(248)387-7190x6594,34,Annaba,2025-10-01,Premium,560.0,25165.5,
CUST_00040,Mary,Johnston,keyemily@example.com,001-802-978-7429,25,Oran,2024-04-10,Premium,674.0,3918.58,
CUST_00041,Ricky,Morris,hodgemark@example.net,246.980.7154x5168,18,Sétif,2023-01-10,Basic,509.0,12128.1,
CUST_00042,April,Dean,wgarrett@example.org,548.424.7710,45,Blida,2024-07-07,Premium,634.0,4680.15,
CUST_00043,Andrea,Davis,murraydavid@example.org,448.346.7737x8263,-1,Blida,2025-03-07,Basic,803.0,5050.66,
CUST_00044,Melissa,Morgan,lori44@example.net,001-872-978-7558,37,Batna,2025-06-22,Premium,651.0,13055.880000000001,
CUST_00045,Tina,Allen,xhall@example.com,7573662702,45,Sidi Bel Abbès,2023-03-01,Premium,668.0,6898.900000000001,
CUST_00046,Renee,Smith,,874-759-6158,18,Sidi Bel Abbès,2025-06-25,Standard,597.0,7867.9400000000005,
CUST_00047,Barry,Jones,wendy16@example.org,001-517-824-0050x45562,24,Tlemcen,2024-11-28,Basic,699.0,0.0,
CUST_00048,Hector,Thompson,pharvey@example.com,001-623-474-7407,49,Oran,2024-03-10,Basic,603.0,0.0,
CUST_00049,Michael,Matthews,dvaughn@example.com,667.613.6959,18,Algiers,2025-10-18,Premium,590.0,4755.74,
CUST_00050,Dominique,Hill,lozanojulie@example.com,001-739-453-3942x10470,29,Oran,2025-08-04,Standard,712.0,22618.969999999998,
CUST_00051,Mark,Perry,davidryan@example.com,784.324.7451x71236,38,Sétif,2022-11-27,Standard,575.0,3705.63,
CUST_00052,Amanda,Gibson,brenda51@example.net,970.698.5931,42,Sétif,2023-03-19,Standard,,5564.16,
CUST_00053,Brandon,Johnson,pwilson@example.net,(367)958-6926,31,Tlemcen,2024-02-02,Standard,721.0,20061.42,
CUST_00054,Stephanie,Johnson,jeff73@example.com,958-350-6431,18,Annaba,2024-10-15,Standard,644.0,5522.24,
CUST_00055,Carla,Smith,john29@example.org,283-693-3529,39,Constantine,2025-10-29,Standard,556.0,34588.92,
CUST_00056,Amber,Lindsey,guerreroanthony@example.org,(339)950-2402x681,28,Sidi Bel Abbès,2025-03-13,Standard,570.0,18853.899999999998,
CUST_00057,William,Rodriguez,soniawilliams@example.net,447.300.7661x77115,26,Constantine,2023-09-09,Basic,671.0,628.05,
CUST_00058,Cynthia,Kelley,oscar98@example.com,789.961.1836x736,31,SÉTIF,2024-02-10,Standard,419.0,4760.97,
CUST_00059,Cody,Simmons,nicholas27@example.org,711-361-5280,71,Sétif,2023-12-04,Premium,761.0,8165.28,
CUST_00060,Elizabeth,Christensen,schmittcaroline@example.com,798-332-7315,27,Blida,2024-08-02,Premium,541.0,2369.11,
CUST_00061,Lindsay,Bruce,lynchdiane@example.net,302-444-5502x296,53,Algiers,2023-02-20,Standard,703.0,20640.15,
CUST_00062,Alyssa,Bennett,xpeterson@example.com,001-859-991-0229x0147,18,Tlemcen,2024-03-10,Premium,706.0,9021.47,
CUST_00063,Joshua,Fischer,reeddaniel@example.net,+1-497-684-0369x00343,35,Blida,2023-11-06,Standard,566.0,18247.19,
CUST_00064,Adrian,Burgess,davidpatel@example.org,885.816.0607x15969,41,Blida,2023-03-18,Basic,552.0,8804.05,
CUST_00065,Andrew,Nguyen,xcollier@example.org,(313)369-6816x45352,18,Biskra,2024-05-23,Premium,654.0,2495.2,
CUST_00066,Rebecca,Bailey,joelthomas@example.org,(992)712-7799,24,Batna,2023-04-26,Premium,611.0,10935.76,
CUST_00067,Carlos,Ramos,laura90@example.com,814.977.0054x11998,18,Tlemcen,2024-07-11,Standard,570.0,68.77,
CUST_00068,Latoya,Huang,kstout@example.net,759.378.2071,36,Biskra,2024-10-20,Standard,634.0,9394.96,
CUST_00069,Benjamin,Zimmerman,nwarren@example.org,(854)666-5905x151,38,Blida,2025-01-13,Standard,850.0,38790.28,
CUST_00070,Diane,Escobar,mathewaguilar@example.org,(346)829-1486x528,35,Biskra,2023-12-13,Standard,817.0,4737.72,
CUST_00071,Michael,White,matthewmiranda@example.org,222.714.1888,18,Tlemcen,2023-04-04,Premium,764.0,10976.82,
CUST_00072,Nicholas,Martin,jenniferwilliams@example.com,+1-937-994-7383x47359,44,Blida,2025-03-13,Premium,564.0,863.64,
CUST_00073,Wesley,Barnes,lisasolis@example.org,907-458-1814x124,31,Sétif,2023-02-20,Basic,552.0,24282.559999999998,
CUST_00074,Renee,Velasquez,sarah60@example.com,653.961.5305x15220,25,Constantine,2025-02-20,Standard,525.0,3165.34,
CUST_00075,Taylor,Gilbert,smithjason@example.org,+1-298-561-4341,64,Sétif,2024-10-12,Premium,662.0,4711.9800000000005,
CUST_00076,Cindy,Brown,bcarlson@example.net,793.324.6095x39621,57,Biskra,2024-06-30,Standard,784.0,2180.26,
CUST_00077,kristin,Romero,myerstheodore@example.net,(754)705-1531x9520,35,Constantine,2025-05-10,Standard,759.0,11462.73,
CUST_00078,Gail,Pollard,zwelch@example.org,670-843-0305,44,Biskra,2024-04-13,Standard,657.0,22114.98,
CUST_00079,Benjamin,Lucas,michael05@example.com,956-767-6527,18,BISKRA,2023-08-31,Basic,644.0,1987.77,
CUST_00080,Christopher,Coleman,lmorrison@example.net,951-215-4479x6275,31,Batna,2024-09-15,Premium,539.0,11453.43,
CUST_00081,Ryan,Fowler,jonesdana@example.com,220.429.7021x35569,28,Sidi Bel Abbès,2025-09-16,Premium,595.0,15277.099999999999,
CUST_00082,Nathan,Hines,alyssasanders@example.net,931-502-7868x144,49,Tlemcen,2023-09-20,Standard,442.0,1626.1399999999999,
CUST_00083,Sabrina,Henry,taylorcharles@example.org,001-771-555-1884x422,46,ORAN,2025-10-26,Premium,777.0,6851.389999999999,
CUST_00084,Laura,Young,jjohnson@example.net,(878)329-1146x786,20,Constantine,2025-10-12,Premium,721.0,14505.369999999999,
CUST_00085,Dawn,Cole,david89@example.org,001-626-380-1824x22535,42,Blida,2023-06-15,Premium,619.0,14142.59,
CUST_00086,Stephanie,Hill,christina18@example.net,(299)222-9959,28,Oran,2022-12-31,Standard,754.0,11943.669999999998,
CUST_00087,Darlene,Ray,katiebutler@example.net,9783447364,37,Algiers,2023-05-04,Basic,640.0,11170.789999999999,
CUST_00088,Robert,Marshall,catherine55@example.net,(962)558-8153x714,38,Constantine,2023-02-26,Standard,478.0,14593.22,
CUST_00089,kelly,Cruz,kwright@example.com,001-953-227-8774,37,Oran,2025-09-12,Standard,552.0,8289.94,
CUST_00090,William,Levy,brandywilliams@example.com,297.848.0162x4565,38,Algiers,2024-07-29,Standard,748.0,7417.29,
CUST_00091,James,Tran,hughesshannon@example.net,599-812-1655x852,41,Biskra,2022-12-26,Premium,577.0,12447.470000000001,
CUST_00092,Benjamin,Reeves,jstone@example.net,925.695.2694x95888,23,SIDI BEL ABBÈS,2025-04-24,Standard,850.0,5866.550000000001,
CUST_00093,Micheal,Nunez,ysilva@example.net,001-809-474-9930x972,65,Annaba,2022-12-16,Standard,640.0,1912.3899999999999,
CUST_00094,Stacy,Rodriguez,alexanderrobert@example.com,001-936-889-7028x385,43,Batna,2025-09-25,Basic,593.0,11686.32,
CUST_00095,Steve,Patel,erica49@example.com,934.784.3443,34,Sidi Bel Abbès,2023-11-29,Standard,712.0,12014.42,
CUST_00096,Sarah,Pope,keith98@example.com,(652)640-4157x4733,34,Constantine,2023-03-11,Standard,483.0,147.89,
CUST_00097,Joyce,Allen,santiagoamanda@example.net,401.865.7120,22,Sidi Bel Abbès,2024-04-18,Basic,755.0,4607.76,
CUST_00098,James,Maynard,justin01@example.net,001-938-402-6206,36,Blida,2025-06-29,Standard,603.0,7137.85,
CUST_00099,albert,Bradley,hebertmatthew@example.com,+1-688-472-8743x1527,52,Algiers,2025-01-27,Standard,669.0,17246.5,
CUST_00100,Krystal,Bradley,gregorychase@example.com,(585)916-1227x53046,35,Blida,2025-09-22,Basic,756.0,5736.49,
CUST_00101,Kevin,Sharp,greenmichael@example.org,6177426841,29,Tlemcen,2023-07-12,Standard,795.0,13340.59,
CUST_00102,Susan,Mendoza,madkins@example.com,(387)283-3918x78519,34,Biskra,2025-07-28,Standard,673.0,3873.5299999999997,
CUST_00103,James,Herrera,markmeyer@example.org,+1-239-971-8707x28679,34,Blida,2025-01-12,Standard,717.0,9637.77,
CUST_00104,Randy,Velasquez,bethwilliams@example.com,001-718-801-7046x226,27,Sidi Bel Abbès,2025-06-22,Standard,596.0,14386.67,
CUST_00105,Rebecca,Bennett,desireebailey@example.org,+1-868-823-0047,52,Annaba,2023-08-10,Standard,592.0,14806.45,
CUST_00106,Michael,Hill,johnsondonna@example.net,001-903-531-1907x90306,27,Biskra,2023-07-08,Basic,611.0,14040.369999999999,
CUST_00107,Michelle,Brown,jim95@example.net,+1-453-842-8364x408,18,Biskra,2024-05-08,Standard,576.0,5193.4400000000005,
CUST_00108,Teresa,David,ufloyd@example.net,(862)846-2873x34270,65,Biskra,2024-06-14,Basic,596.0,1332.21,
CUST_00109,Paul,Scott,deborah75@example.org,+1-530-546-9901,44,Sidi Bel Abbès,2023-06-28,Standard,700.0,7046.11,
CUST_00110,Rebecca,Turner,lewisjames@example.net,673-893-6385,-1,Sidi Bel Abbès,2024-06-18,Standard,664.0,7003.960000000001,
CUST_00111,Michael,Green,zowens@example.net,853.655.6093x2048,37,Constantine,2023-06-15,Standard,654.0,6106.04,
CUST_00112,Jerry,Hudson,victorpena@example.net,247-377-2522x87280,33,Algiers,2025-02-26,Standard,677.0,2965.6699999999996,
CUST_00113,Robert,Kirby,carloshernandez@example.org,275.609.9770x08860,36,Biskra,2025-10-18,Standard,579.0,10967.98,
CUST_00114,Andre,Li,ldrake@example.org,682-833-9845,53,Oran,2023-12-25,Standard,643.0,2986.6800000000003,
CUST_00115,Richard,Cunningham,kevinclayton@example.org,+1-801-766-6870x0217,22,Tlemcen,2025-10-18,Premium,720.0,3493.21,
CUST_00116,Terri,Jacobson,hallrachel@example.net,001-474-701-4890,57,Algiers,2025-09-30,Standard,542.0,0.0,
CUST_00117,Brenda,Goodwin,thickman@example.org,001-739-268-5621,19,Oran,2024-03-05,Basic,794.0,12405.04,
CUST_00118,Mary,Peterson,,+1-647-573-5866x2961,42,Oran,2023-02-09,Premium,782.0,6923.93,
CUST_00119,Eric,Dawson,jodistewart@example.org,404-875-4121,26,Sidi Bel Abbès,2024-07-14,Standard,830.0,12675.42,
CUST_00120,William,Garcia,gomezchristopher@example.net,460-646-6183x98262,29,Blida,2023-09-02,Standard,407.0,7925.4,
CUST_00121,Dustin,Jackson,robert71@example.com,737-899-3712x406,34,Batna,2024-03-08,Standard,534.0,0.0,
CUST_00122,Ryan,Colon,kevinmorrison@example.net,575.726.5479,22,Sétif,2023-09-15,Standard,621.0,7481.76,
CUST_00123,Kristi,Diaz,brittanygardner@example.net,001-480-873-7416x72434,35,Sétif,2023-02-01,Standard,585.0,20550.01,
CUST_00124,Vicki,Mendoza,sferguson@example.com,+1-405-289-1135,50,Tlemcen,2025-10-25,Standard,669.0,5668.389999999999,
CUST_00125,Erica,Ross,tammy61@example.org,943-788-8993,31,Sétif,2024-04-02,Basic,692.0,26037.62,
CUST_00126,Erin,Vaughn,michaeljohnson@example.org,961-312-5457x3875,35,Sidi Bel Abbès,2025-01-11,Standard,662.0,7705.9,
CUST_00127,Shaun,Jones,patrickdarin@example.com,+1-812-438-2825x8673,29,Constantine,2024-10-13,Standard,807.0,27381.71,
CUST_00128,Ryan,Johnson,shannonjordan@example.org,001-933-341-9182x553,47,Blida,2024-11-16,Basic,646.0,19078.89,
CUST_00129,Tracy,Church,candice96@example.net,355-479-2499,27,Batna,2023-03-21,Standard,689.0,5106.87,
CUST_00130,Kevin,White,williambarnes@example.org,001-966-627-8282,41,Constantine,2023-06-05,Standard,612.0,3079.25,
CUST_00131,Megan,Harvey,stephanie72@example.org,(588)676-7677x2190,19,Algiers,2023-09-09,Basic,766.0,1922.17,
CUST_00132,Amanda,Jackson,xcunningham@example.com,+1-281-991-4858,46,Biskra,2023-07-09,Standard,600.0,6049.45,
CUST_00133,Ronald,Fitzgerald,kennethkidd@example.com,451-571-3395x962,31,Annaba,2025-04-12,Basic,850.0,3987.96,
CUST_00134,Ashley,Patel,mariopadilla@example.com,001-448-512-6042,43,Constantine,2024-12-30,Premium,655.0,2734.76,
CUST_00135,maria,Juarez,kburns@example.net,766-271-1684x577,45,Oran,2025-01-21,Standard,684.0,11502.48,
CUST_00136,Stephen,Beck,melissa86@example.org,(237)345-4589x29750,42,Sidi Bel Abbès,2022-11-29,Basic,544.0,5035.88,
CUST_00137,Sarah,Moore,bsmith@example.org,001-824-624-1541x520,36,ANNABA,2024-02-25,Standard,686.0,2947.59,
CUST_00138,Christopher,Davis,thomasanderson@example.org,370.705.1627x13611,42,Batna,2025-07-04,Standard,535.0,35.48,
CUST_00139,Derrick,Ayala,darlenebyrd@example.org,390.492.7532x69731,38,Oran,2024-08-19,Standard,692.0,12990.380000000001,
CUST_00140,Patrick,Richmond,kylie34@example.net,538-599-9404,31,Sétif,2023-10-01,Basic,,20585.260000000002,
CUST_00141,Brian,Hurst,troyrodriguez@example.com,+1-491-980-5526x9658,23,Oran,2022-11-30,Standard,434.0,8436.73,
CUST_00142,Carlos,Baker,livingstonstacy@example.com,348.566.6188x92414,46,Constantine,2024-06-21,Standard,617.0,3061.6099999999997,
CUST_00143,peter,Walters,collinssamuel@example.org,6314617990,51,Oran,2022-11-25,Basic,706.0,14682.2,
CUST_00144,Derrick,Smith,hbenton@example.net,001-642-352-4105x6481,36,Sidi Bel Abbès,2024-03-24,Premium,643.0,11980.01,
CUST_00145,Michael,Porter,michaelscott@example.org,001-913-780-0030,37,Sétif,2025-08-16,Standard,789.0,6493.95,
CUST_00146,Harold,Horne,tranrobin@example.net,+1-263-453-6541x9518,36,Annaba,2025-04-11,Standard,516.0,8662.99,
CUST_00147,Tina,Finley,wileymichelle@example.com,918-570-5349x49375,36,Biskra,2025-02-22,Basic,607.0,17422.37,
CUST_00148,John,Smith,ijohnson@example.com,+1-405-606-4138x3670,20,Oran,2022-12-30,Basic,580.0,16403.21,
CUST_00149,Jesse,Bruce,xhaynes@example.com,001-519-618-2619x9062,20,BLIDA,2025-06-01,Standard,680.0,13931.84,
CUST_00150,Sara,Long,louis43@example.org,729.812.1277,28,Oran,2024-06-21,Standard,513.0,13816.58,
CUST_00151,Tami,Clark,,+1-649-403-5213x56804,41,Algiers,2025-09-20,Standard,812.0,18864.07,
CUST_00152,Melissa,Hawkins,codygarcia@example.org,600-332-3651,35,Algiers,2025-11-08,Premium,573.0,12889.060000000001,
CUST_00153,James,Brewer,christopherboone@example.com,207-802-9667,49,Sétif,2023-05-20,Basic,529.0,8758.1,
CUST_00154,Jason,Lopez,sean20@example.net,+1-493-847-6870x146,41,Annaba,2024-10-16,Standard,557.0,596.37,
CUST_00155,Laura,Wright,mayokimberly@example.com,587.259.8564x2059,21,Blida,2023-01-15,Basic,618.0,4832.99,
CUST_00156,Victoria,Moreno,terrigarcia@example.net,448.503.9652,36,Tlemcen,2023-10-26,Basic,634.0,4690.0,
CUST_00157,Joanna,Howard,warnermichael@example.net,001-229-337-8427,18,Algiers,2023-07-24,Standard,700.0,8714.24,
CUST_00158,Jeffery,Fox,riverachristina@example.org,325-700-2921x85156,35,Blida,2023-10-31,Standard,640.0,2789.68,
CUST_00159,Theresa,Oconnor,fconner@example.net,828-295-3926x44220,41,Constantine,2024-09-02,Standard,560.0,9928.74,
CUST_00160,Samantha,Ponce,daniellegarcia@example.com,(951)235-5215,51,Blida,2023-06-29,Standard,705.0,10644.740000000002,
CUST_00161,Heather,Bell,lebrandon@example.com,001-462-967-6586x1793,35,Oran,2025-04-05,Basic,702.0,8478.410000000002,
CUST_00162,Arthur,Smith,,(821)481-5997x0629,53,Algiers,2023-03-02,Standard,771.0,7228.09,
CUST_00163,Jamie,Lee,,8693872050,27,Blida,2025-05-02,Standard,619.0,6057.92,
CUST_00164,Colleen,Castillo,johnsongeorge@example.com,871-446-7741,18,Batna,2025-07-09,Premium,743.0,9374.2,
CUST_00165,Mike,Griffin,scott43@example.com,001-502-211-5869,-1,Sétif,2025-04-26,Premium,390.0,3197.0,
CUST_00166,Robert,Nichols,parmstrong@example.com,416-508-9899x2172,34,Annaba,2023-03-30,Premium,707.0,7927.68,
CUST_00167,Rodney,Mcneil,oharris@example.org,+1-945-211-6868x548,32,Tlemcen,2024-08-16,Standard,821.0,6119.86,
CUST_00168,Kimberly,Rodriguez,eddiematthews@example.org,991-948-5646,27,Algiers,2023-05-19,Standard,832.0,24956.01,
CUST_00169,Richard,Montgomery,vwilliams@example.net,607.945.0544,50,Oran,2025-10-12,Premium,806.0,11184.2,
CUST_00170,Jeremy,Turner,,001-469-313-7367x8508,30,Blida,2024-12-28,Premium,668.0,8870.38,
CUST_00171,richard,Deleon,thompsonnancy@example.org,9308705345,22,Oran,2024-11-27,Standard,703.0,7932.039999999999,
CUST_00172,John,Burns,ethompson@example.net,+1-255-424-1406,46,Tlemcen,2025-03-15,Standard,574.0,3386.4900000000002,
CUST_00173,Jason,Walker,ericaadams@example.com,800.772.2903x49446,27,Sidi Bel Abbès,2023-08-15,Basic,742.0,4878.77,
CUST_00174,Steven,Byrd,asilva@example.net,+1-658-699-4417x15454,22,Annaba,2023-04-25,Standard,453.0,763.75,
CUST_00175,Kathy,Yoder,rguerrero@example.org,001-507-944-6660x9935,45,Batna,2024-05-21,Basic,591.0,6802.599999999999,
CUST_00176,Megan,Pittman,kellyruiz@example.net,682-651-3534x655,42,Sidi Bel Abbès,2025-06-01,Standard,767.0,18428.96,
CUST_00177,Thomas,Delacruz,kennedyjames@example.org,+1-768-446-0223x56972,28,Oran,2024-04-29,Standard,708.0,15799.380000000001,
CUST_00178,Crystal,Thompson,smithjoshua@example.org,001-827-912-9666,44,SÉTIF,2022-11-17,Standard,688.0,0.0,
CUST_00179,Amanda,Cross,mcclainkatherine@example.net,800.633.5421,32,Constantine,2023-01-22,Basic,564.0,1967.76,
CUST_00180,Brandon,Fry,,262-457-5326x03323,33,Oran,2023-12-18,Basic,651.0,8642.64,
CUST_00181,Debra,Johnson,kelsey90@example.net,6109016761,43,Constantine,2023-06-25,Basic,612.0,6115.25,
CUST_00182,Gina,Smith,qstanley@example.net,999-526-1891x411,18,Tlemcen,2023-06-18,Basic,776.0,2717.6400000000003,
CUST_00183,Jose,Mills,michaelortiz@example.org,3873375300,59,Tlemcen,2024-11-14,Standard,770.0,712.31,
CUST_00184,Edward,Davis,cummingscraig@example.com,+1-837-344-7012x0455,43,Oran,2025-06-01,Basic,745.0,3965.3599999999997,
CUST_00185,Pamela,Smith,elizabethjackson@example.com,894.915.5216x674,53,Sétif,2024-10-23,Basic,713.0,0.0,
CUST_00186,laura,Wilson,jarvismegan@example.org,(397)897-2965x90277,30,Sidi Bel Abbès,2023-01-01,Standard,758.0,15619.15,
CUST_00187,Jose,Edwards,tiffanysantiago@example.com,489.916.3756x28900,36,Sidi Bel Abbès,2025-06-21,Standard,473.0,14603.7,
CUST_00188,Charles,Vasquez,markramirez@example.net,986.363.1779,20,Sidi Bel Abbès,2024-03-15,Premium,362.0,2336.56,
CUST_00189,David,Jimenez,garciarobert@example.net,+1-901-799-4883,23,Batna,2025-05-04,Basic,680.0,15379.659999999998,
CUST_00190,Lisa,Richard,ann99@example.com,001-757-311-3055x488,32,Algiers,2025-07-21,Standard,686.0,10098.550000000001,
CUST_00191,Travis,Underwood,nrodriguez@example.org,216.337.3516,18,Sidi Bel Abbès,2024-03-27,Standard,738.0,8716.2,
CUST_00192,Bridget,Gordon,vsmith@example.org,+1-369-878-2922,45,Tlemcen,2024-09-06,Basic,558.0,16453.760000000002,
CUST_00193,Marc,Keith,spetty@example.org,765-547-2269x848,25,Annaba,2023-06-29,Standard,618.0,11141.900000000001,
CUST_00194,Jennifer,Parks,tinasantos@example.org,385.215.8799x68460,31,Sétif,2023-04-20,Standard,665.0,8354.0,
CUST_00195,Ellen,Gonzalez,tonyavega@example.org,5438805719,29,Annaba,2024-05-24,Standard,850.0,12430.64,
CUST_00196,Laura,Horton,housepaul@example.net,580-604-3973x59893,27,Sidi Bel Abbès,2023-05-25,Standard,710.0,12451.16,
CUST_00197,Felicia,Lopez,jillwilson@example.org,(748)242-2940x57202,30,Tlemcen,2025-05-24,Standard,701.0,3033.4799999999996,
CUST_00198,Kevin,Tyler,charles58@example.org,(381)782-6886,23,Annaba,2025-07-07,Standard,649.0,10302.92,
CUST_00199,Elizabeth,Rivera,jeffery98@example.com,+1-201-757-3993,39,Sétif,2025-08-11,Standard,786.0,30084.46,
CUST_00200,Sierra,Cruz,angel85@example.net,377.504.3581x12880,45,Annaba,2025-06-16,Basic,607.0,6121.3,
CUST_00201,Roger,Garcia,elucas@example.net,+1-520-675-0110x24819,32,Sétif,2024-01-11,Standard,533.0,5552.93,
CUST_00202,Crystal,Hamilton,pricedavid@example.org,+1-691-990-1581x4491,48,SÉTIF,2024-01-19,Standard,793.0,15963.5,
CUST_00203,Donna,Wells,derekmyers@example.net,824-350-8821x0099,25,Blida,2023-06-30,Basic,709.0,23545.63,
CUST_00204,Judith,Swanson,robertbrewer@example.net,(222)939-4312,33,Biskra,2023-01-31,Basic,425.0,9107.02,
CUST_00205,Emily,King,jessicafreeman@example.com,(623)414-9135x775,27,Tlemcen,2024-07-25,Standard,447.0,4439.92,
CUST_00206,Lindsey,Benjamin,adamsanchez@example.org,001-364-452-5777x547,39,Tlemcen,2023-02-09,Standard,570.0,7736.5599999999995,
CUST_00207,Juan,Serrano,josemercado@example.org,001-910-480-9969x3084,51,Batna,2024-01-16,Standard,751.0,6618.610000000001,
CUST_00208,Patricia,Lawrence,dennis88@example.org,(458)903-9282x7229,43,Batna,2022-12-26,Standard,716.0,4303.11,
CUST_00209,Kathleen,Hall,mike03@example.net,(467)870-0518x449,36,Sétif,2023-12-17,Standard,760.0,5016.81,
CUST_00210,Denise,Houston,nicholas38@example.com,(657)579-0827x231,29,Constantine,2023-06-04,Basic,725.0,6774.52,
CUST_00211,michael,Love,guerrerorobert@example.com,001-417-477-3926x0302,42,Biskra,2022-12-24,Premium,611.0,29607.1,
CUST_00212,Ashley,Brown,sandra86@example.net,001-404-513-7977,18,Sétif,2024-08-31,Standard,727.0,25928.68,
CUST_00213,Laura,Hoover,,001-857-499-1366x2103,33,Tlemcen,2023-02-25,Basic,633.0,5845.54,
CUST_00214,Thomas,Mendez,richamanda@example.org,772-298-0686,23,Biskra,2024-02-25,Premium,673.0,3906.7200000000003,
CUST_00215,Shawna,Olson,zbell@example.net,001-591-262-4731x49864,27,Algiers,2024-08-06,Basic,466.0,4379.88,
CUST_00216,David,Smith,gwendolynstewart@example.com,726-694-4869,35,Sétif,2025-02-16,Premium,489.0,10849.529999999999,
CUST_00217,Robert,Bowers,jwhite@example.net,844.795.6213x7213,27,Biskra,2024-09-14,Standard,669.0,10804.42,
CUST_00218,gabrielle,Williams,aoconnell@example.org,(379)261-1435,18,SÉTIF,2025-08-28,Standard,641.0,10928.86,
CUST_00219,Richard,Douglas,jennifer90@example.org,+1-477-203-8430x9883,31,Batna,2023-08-01,Basic,574.0,12159.28,
CUST_00220,Aaron,Moore,kimberly56@example.com,001-738-701-1848,31,Blida,2023-07-18,Standard,570.0,14099.449999999999,
CUST_00221,Sylvia,Gibson,qandrews@example.org,(981)881-8451x84894,18,Tlemcen,2024-04-25,Basic,9999.0,519.44,
CUST_00222,John,Morgan,,614.516.3356x5880,29,Blida,2023-02-21,Standard,664.0,3668.89,
CUST_00223,Emily,Nicholson,,(539)542-3733x343,32,Annaba,2025-05-16,Basic,551.0,2100.83,
CUST_00224,Michael,Maxwell,moraemma@example.net,490.680.7595x7947,33,Sétif,2023-07-13,Standard,651.0,39041.96,
CUST_00225,Barbara,Brown,imendoza@example.org,356.727.1875x00369,21,Batna,2024-09-13,Premium,660.0,11518.84,
CUST_00226,Jordan,Dunn,josephmullen@example.com,(427)563-6556x472,50,Oran,2025-01-10,Standard,563.0,6196.72,
CUST_00227,Linda,Peters,zgonzalez@example.net,(770)926-7288,51,Blida,2023-08-14,Basic,624.0,4743.879999999999,
CUST_00228,Michele,Williams,vaughnbrian@example.com,317.754.5588x4506,47,Tlemcen,2023-06-18,Standard,762.0,2766.42,
CUST_00229,Barbara,Banks,,+1-887-371-6947x22569,50,Oran,2023-05-08,Standard,789.0,7863.900000000001,
CUST_00230,Jeremy,Stewart,jennifer96@example.com,359.587.6220x234,34,Constantine,2024-01-21,Standard,678.0,4775.37,
CUST_00231,Cody,Zuniga,,411.449.2164x33472,33,Algiers,2022-12-20,Standard,612.0,227.01,
CUST_00232,Michael,Herman,imcdonald@example.com,+1-872-682-9979,43,Batna,2024-04-22,Standard,616.0,16835.07,
CUST_00233,Jeremy,Davis,michael42@example.com,9089254780,20,Blida,2022-11-22,Standard,664.0,9509.24,
CUST_00234,Russell,Carter,laurakelley@example.org,(686)663-2663x41638,32,Biskra,2025-04-16,Standard,602.0,3572.6400000000003,
CUST_00235,Robert,Castaneda,derrickrodriguez@example.com,+1-474-397-3502x080,18,Blida,2023-09-03,Basic,621.0,449.6,
CUST_00236,Jennifer,Acosta,christophersmith@example.org,964-475-7051x20461,66,Annaba,2025-07-20,Standard,499.0,8267.02,
CUST_00237,John,James,martinezkayla@example.org,(473)203-7183x7645,38,Biskra,2024-06-04,Standard,615.0,6618.28,
CUST_00238,Jon,Little,michaelwilliams@example.net,313.865.0249,18,Annaba,2022-11-21,Standard,776.0,7994.95,
CUST_00239,Bobby,Logan,jbarker@example.com,001-413-927-1950x05281,34,Annaba,2023-10-25,Basic,678.0,20846.85,
CUST_00240,Angela,Newman,linda73@example.org,001-565-424-0778x487,42,Biskra,2023-11-28,Standard,355.0,16836.53,
CUST_00241,Jessica,Hill,caseymoore@example.com,585-770-8620x959,23,ORAN,2024-11-02,Basic,512.0,20301.07,
CUST_00242,Amber,Hughes,jcannon@example.net,356-951-1810x2203,43,Annaba,2023-02-28,Standard,701.0,6429.99,
CUST_00243,Ashley,Huff,sfox@example.net,705-839-1037x170,34,Batna,2025-03-31,Premium,561.0,17245.67,
CUST_00244,Brian,Jensen,navarromary@example.org,581.413.8633,18,Biskra,2025-02-10,Premium,671.0,32082.59,
CUST_00245,Robert,Garcia,emily61@example.org,(786)785-2897,25,Biskra,2025-11-02,Basic,556.0,14016.710000000001,
CUST_00246,Mark,Watson,umckenzie@example.net,998.836.8457,35,Algiers,2025-01-16,Standard,677.0,10901.4,
CUST_00247,Tonya,Larson,victoriaturner@example.com,435.304.8889,37,Algiers,2024-03-30,Standard,600.0,15013.66,
CUST_00248,Eric,Baker,jesseshepherd@example.org,001-369-631-5727,-1,Algiers,2025-01-20,Standard,473.0,20833.43,
CUST_00249,Barbara,Miller,,(713)590-6048x05892,31,Constantine,2023-01-06,Basic,665.0,13201.44,
CUST_00250,Jessica,Long,kmullins@example.net,936-246-2251,29,Biskra,2024-01-23,Basic,737.0,16577.170000000002,
CUST_00251,Christopher,Shaw,kathleencastillo@example.org,,18,Sétif,2024-02-19,Standard,636.0,4338.83,
CUST_00252,Michael,Flores,carrillogary@example.com,+1-279-527-0335x211,22,Tlemcen,2025-08-23,Premium,755.0,24492.07,
CUST_00253,Misty,Wilkins,cooperlinda@example.com,970.453.8338x848,18,Algiers,2023-12-29,Standard,629.0,19967.98,
CUST_00254,Rebecca,Rose,george43@example.net,+1-840-570-1645x104,30,Sétif,2024-05-22,Basic,850.0,2203.35,
CUST_00255,Jenna,Mckee,idelacruz@example.org,(638)778-0038,47,Sidi Bel Abbès,2024-01-17,Standard,513.0,3995.1099999999997,
CUST_00256,Eric,Reed,,304-860-8432x562,18,BISKRA,2025-09-29,Basic,661.0,2177.0699999999997,
CUST_00257,Cheyenne,Garrett,,495-878-2329x8324,44,Constantine,2024-10-31,Standard,409.0,5110.71,
CUST_00258,Annette,Moore,grantstacy@example.org,(652)405-6647,36,Annaba,2023-03-09,Basic,804.0,8254.93,
CUST_00259,Jack,Farmer,catherine93@example.net,930.751.7289,46,Constantine,2025-06-02,Standard,575.0,9292.73,
CUST_00260,Travis,Taylor,jeremyortiz@example.org,563-833-1279x757,43,Sétif,2025-03-11,Standard,717.0,9663.52,
CUST_00261,Cathy,Holloway,phillip99@example.net,208.517.7038x86086,26,Blida,2024-03-07,Basic,645.0,1623.68,
CUST_00262,Nicole,Ayala,steven64@example.net,4828771812,27,Sétif,2023-11-01,Premium,590.0,8399.970000000001,
CUST_00263,Angel,Chavez,nicoledavis@example.com,001-421-811-7518x689,20,Biskra,2024-01-03,Standard,734.0,5746.12,
CUST_00264,Kayla,Barr,fernandothomas@example.net,5642474212,21,Tlemcen,2025-02-27,Basic,634.0,3398.9799999999996,
CUST_00265,Alexander,Jimenez,,633.597.7671x9903,61,Algiers,2023-06-02,Standard,460.0,20318.43,
CUST_00266,Brian,Bailey,melissaestrada@example.net,451-901-6224x9998,40,Tlemcen,2023-12-11,Standard,687.0,0.0,
CUST_00267,Barry,Mack,,+1-814-572-1458,29,Annaba,2024-09-12,Standard,488.0,4473.8099999999995,
CUST_00268,Daniel,Blair,webbhaley@example.net,969-954-8995x2997,35,Constantine,2025-07-07,Basic,707.0,9101.92,
CUST_00269,Jesse,Roberts,aaronjohnson@example.net,539-266-0558,37,Annaba,2024-12-07,Basic,529.0,20064.91,
CUST_00270,Jonathan,Jones,william50@example.org,+1-455-969-9023x55770,26,CONSTANTINE,2024-09-29,Basic,541.0,14820.69,
CUST_00271,Patricia,Herrera,steven60@example.net,295-788-0395x5124,25,Sétif,2024-09-28,Basic,493.0,11607.84,
CUST_00272,Megan,Duncan,hlopez@example.com,001-650-446-1735x743,36,Oran,2023-12-27,Standard,708.0,12117.01,
CUST_00273,Benjamin,Harris,,923.857.8452x18230,18,Biskra,2023-03-18,Premium,653.0,15061.24,
CUST_00274,Larry,Williams,cookpamela@example.org,340.694.3533x44857,41,Constantine,2023-05-03,Basic,850.0,18542.690000000002,
CUST_00275,Danny,Mullen,clarkmichael@example.com,224-493-2149x587,30,Algiers,2024-04-10,Standard,302.0,12006.6,
CUST_00276,Emma,Rodriguez,millerphilip@example.net,+1-497-395-4538x179,35,Sidi Bel Abbès,2023-02-26,Standard,720.0,11553.300000000001,
CUST_00277,lance,Newman,oruiz@example.org,+1-345-762-5577x017,36,Sidi Bel Abbès,2024-03-31,Standard,755.0,5056.41,
CUST_00278,George,Tate,williamsullivan@example.net,858-514-8769,26,Tlemcen,2023-08-06,Standard,547.0,5954.360000000001,
CUST_00279,Erik,Olson,petersonlisa@example.net,(769)358-3219x71997,31,Sidi Bel Abbès,2023-05-24,Standard,763.0,3833.08,
CUST_00280,Stephanie,Jones,,970-513-2902x27846,52,Annaba,2024-11-27,Standard,477.0,8305.09,
CUST_00281,Leslie,Hudson,samantha65@example.org,001-209-286-2405,18,Biskra,2025-04-29,Standard,729.0,35192.05,
CUST_00282,Michael,Callahan,youngjacqueline@example.com,+1-856-766-6832x7238,47,Sétif,2023-04-30,Standard,749.0,16037.310000000001,
CUST_00283,Whitney,Santiago,alexanderwong@example.org,001-876-921-2679x6927,19,Sétif,2023-12-06,Basic,527.0,6680.31,
CUST_00284,Jacob,Jacobs,pbradford@example.net,346.489.5009x75197,40,BISKRA,2025-10-25,Standard,596.0,15025.42,
CUST_00285,Tonya,Maxwell,hblack@example.net,737-218-9490,44,Sidi Bel Abbès,2024-03-23,Basic,549.0,7313.24,
CUST_00286,Rebecca,Berry,robert44@example.org,2946940792,37,Tlemcen,2022-12-11,Standard,788.0,35422.33,
CUST_00287,Todd,Martinez,yorkjoshua@example.org,+1-444-640-1929x275,27,ANNABA,2024-04-26,Standard,727.0,5549.5,
CUST_00288,Lauren,Atkins,tracey29@example.org,466.937.2395x0410,22,Sétif,2024-04-16,Standard,539.0,7806.110000000001,
CUST_00289,Thomas,Vaughan,,728-860-4765x801,56,Tlemcen,2025-08-14,Standard,584.0,7572.01,
CUST_00290,Michele,Rogers,leah49@example.com,239.838.5258x001,53,Oran,2024-06-09,Premium,600.0,1388.74,
CUST_00291,Gina,Bell,johnathan00@example.net,409-839-1119,53,Tlemcen,2025-04-10,Standard,588.0,21865.739999999998,
CUST_00292,Jack,Rodriguez,jonowens@example.org,+1-274-665-4214x0665,46,Blida,2023-05-26,Basic,521.0,6245.1,
CUST_00293,Chad,Krause,,328-263-9174,52,Oran,2023-01-28,Standard,774.0,5012.53,
CUST_00294,Jessica,Waters,mosleyeduardo@example.net,9069425690,42,Sétif,2024-01-28,Basic,496.0,11370.76,
CUST_00295,Jessica,Burnett,fernandezaaron@example.net,001-371-998-5546x01585,54,Blida,2024-10-21,Standard,722.0,5415.35,
CUST_00296,Gregory,Williams,tguerrero@example.net,(915)871-7320x3093,30,Oran,2025-03-29,Standard,692.0,12562.92,
CUST_00297,Dawn,Porter,blevy@example.org,205-406-1387x82931,18,Sidi Bel Abbès,2024-10-28,Standard,606.0,10375.09,
CUST_00298,Thomas,Hardin,,(304)317-9291,38,Sidi Bel Abbès,2024-08-25,Standard,626.0,2500.8500000000004,
CUST_00299,Christina,Brown,ronaldcain@example.net,+1-365-619-8253x09251,43,Constantine,2025-02-19,Standard,798.0,3852.94,
CUST_00300,Gary,Wood,samuelfrost@example.org,(219)462-0710,40,Oran,2024-12-25,Standard,526.0,1910.75,
CUST_00301,Brittney,Campbell,nschwartz@example.org,+1-348-676-3290x9279,25,Batna,2024-02-13,Basic,511.0,10298.88,
CUST_00302,angela,Lee,,237.734.0312x77220,58,Blida,2023-06-29,Basic,573.0,5238.17,
CUST_00303,John,Jensen,vwilliams@example.org,+1-922-707-8113,34,Sétif,2023-06-17,Basic,581.0,17438.46,
CUST_00304,Erica,Nguyen,nguyencorey@example.net,(436)831-7970x62397,44,Batna,2023-04-10,Basic,684.0,13489.56,
CUST_00305,Jennifer,Chen,james20@example.net,001-704-521-7762,18,Blida,2024-09-03,Basic,517.0,2433.71,
CUST_00306,Kristine,Little,belindatran@example.org,268-873-9774,32,Annaba,2023-08-10,Standard,564.0,6813.0599999999995,
CUST_00307,Ryan,Walker,robinvillanueva@example.com,3079806867,59,Sidi Bel Abbès,2023-08-02,Standard,9999.0,1019.3199999999999,
CUST_00308,Angela,Smith,idodson@example.com,431-807-4279x9077,46,Constantine,2025-03-26,Standard,741.0,6312.8,
CUST_00309,Mitchell,Marshall,daltonchad@example.net,780-246-4989x31950,32,Oran,2024-01-05,Standard,619.0,7092.96,
CUST_00310,Steven,Williams,gregory81@example.net,001-732-653-8179x335,47,Biskra,2024-11-26,Standard,850.0,6941.58,
CUST_00311,Joshua,Brown,shaun88@example.org,488.647.9513x7116,38,Oran,2023-03-11,Standard,742.0,0.0,
CUST_00312,Joshua,Terry,nhernandez@example.net,+1-304-268-2756x7043,45,Annaba,2025-05-15,Standard,626.0,4730.66,
CUST_00313,April,Rogers,,+1-688-277-4924x24375,52,Constantine,2023-12-04,Standard,749.0,3664.3,
CUST_00314,Stephen,Jackson,jennifermitchell@example.org,001-422-531-0592x745,48,Biskra,2024-12-26,Standard,587.0,8420.630000000001,
CUST_00315,Elizabeth,Spence,nathanfernandez@example.org,+1-441-206-7275,34,Biskra,2025-10-16,Premium,655.0,12647.119999999999,
CUST_00316,Mark,Thornton,wkemp@example.net,+1-529-975-1702x81406,49,Batna,2023-02-21,Standard,600.0,6966.46,
CUST_00317,Brian,Davidson,kimberlywang@example.org,7182718637,27,Batna,2024-01-21,Standard,9999.0,7566.72,
CUST_00318,Jennifer,Patterson,,(847)481-3767x426,42,Tlemcen,2024-08-28,Standard,716.0,12887.0,
CUST_00319,Douglas,Turner,carl96@example.org,5644628792,39,Sétif,2023-09-25,Standard,563.0,887.17,
CUST_00320,Tracy,Carson,mary47@example.net,001-973-500-2447x1462,55,Algiers,2023-03-22,Basic,757.0,5307.26,
CUST_00321,Joshua,Gamble,georgemichael@example.com,001-664-471-5890,21,Tlemcen,2023-01-15,Standard,571.0,6957.790000000001,
CUST_00322,Luis,Johns,michaelbrown@example.com,(750)744-8183x21928,41,Blida,2023-09-05,Basic,753.0,37966.29,
CUST_00323,Helen,Cox,madeline02@example.net,357-865-2132x8338,42,Sidi Bel Abbès,2025-08-11,Standard,555.0,25574.41,
CUST_00324,Darryl,Anderson,mendozalarry@example.com,(579)485-2401,38,CONSTANTINE,2024-12-05,Standard,596.0,5929.45,
CUST_00325,Kyle,Clark,colemankathryn@example.org,207-960-3108,36,Oran,2025-08-03,Standard,623.0,15901.05,
CUST_00326,Bradley,Turner,websterkimberly@example.net,793.725.0124,40,Constantine,2025-06-06,Premium,496.0,23300.53,
CUST_00327,Kimberly,Austin,garciabelinda@example.org,933.342.8013x87592,22,Constantine,2025-05-14,Premium,625.0,11435.77,
CUST_00328,Tina,Coleman,,271-382-7548,42,Batna,2024-05-06,Basic,782.0,15516.57,
CUST_00329,Paul,Bryant,gloria73@example.net,(346)331-7520x71678,36,Constantine,2024-01-18,Basic,652.0,4359.53,
CUST_00330,Heather,Madden,calvinhester@example.com,696.813.6749,39,Batna,2024-04-16,Standard,439.0,3665.9900000000002,
CUST_00331,Carrie,Sullivan,jdixon@example.com,214-377-3201,58,Sidi Bel Abbès,2024-11-24,Standard,599.0,16381.3,
CUST_00332,Teresa,Reyes,eric99@example.org,001-218-277-3477x84858,26,Sétif,2025-07-03,Standard,601.0,18330.46,
CUST_00333,David,Cole,cramos@example.org,(984)327-6246,53,Tlemcen,2024-11-20,Basic,735.0,4138.9,
CUST_00334,Donna,Jennings,kalvarez@example.net,7642796954,39,ALGIERS,2024-08-20,Standard,629.0,16539.12,
CUST_00335,David,Richardson,hubbardcolleen@example.com,565-656-5033,21,Tlemcen,2023-02-13,Basic,712.0,4415.44,
CUST_00336,Hailey,Melton,morganandrew@example.com,2767986407,38,Sétif,2024-07-29,Basic,732.0,8437.24,
CUST_00337,Marcus,Davis,rgarcia@example.org,678-652-9456x37183,32,Algiers,2023-10-03,Premium,575.0,6089.0,
CUST_00338,Ashley,Ballard,robbinsbelinda@example.net,741-598-7635x14846,34,Sétif,2024-01-26,Standard,697.0,12962.439999999999,
CUST_00339,Colleen,Chavez,nicoleburton@example.net,(297)537-4896,29,Batna,2024-04-01,Standard,668.0,8907.63,
CUST_00340,John,Francis,megan65@example.org,+1-536-244-2493x6312,41,Annaba,2025-04-03,Basic,471.0,2315.23,
CUST_00341,Lance,Washington,chenderson@example.org,(942)204-4820,34,Algiers,2025-06-11,Standard,566.0,24989.12,
CUST_00342,Christopher,Guzman,lesterrichard@example.com,+1-316-523-1981x89847,40,Tlemcen,2023-03-26,Standard,686.0,16616.309999999998,
CUST_00343,Lindsay,Murphy,vshaffer@example.org,(732)312-3476x49078,34,Batna,2024-07-02,Standard,820.0,888.04,
CUST_00344,Thomas,Sanchez,natasha25@example.com,001-754-309-0034x864,32,Biskra,2025-06-19,Basic,620.0,8140.81,
CUST_00345,Mia,Price,qpennington@example.com,634-332-7560,52,Sidi Bel Abbès,2024-04-11,Premium,533.0,960.9599999999999,
CUST_00346,Robert,Randall,gmcdowell@example.org,001-448-915-6985x700,21,Constantine,2022-11-15,Standard,672.0,13903.23,
CUST_00347,James,Torres,rodriguezjohn@example.net,001-329-865-7724x29543,21,BATNA,2023-05-30,Standard,718.0,17354.699999999997,
CUST_00348,Nancy,Duffy,andrewjohnson@example.net,+1-693-417-3420x6969,27,Oran,2025-09-27,Standard,695.0,10390.39,
CUST_00349,George,Bradley,higginsryan@example.com,+1-571-633-3447x62639,38,Annaba,2024-02-13,Standard,631.0,1965.21,
CUST_00350,Ricky,Thomas,theresa39@example.com,859.571.0725,28,Sétif,2024-12-27,Basic,788.0,17317.120000000003,
CUST_00351,Jill,Scott,,459.290.0489x6465,41,Tlemcen,2023-05-27,Premium,850.0,4452.09,
CUST_00352,Geoffrey,Vasquez,natalie21@example.com,001-886-624-1502x745,28,Blida,2024-09-13,Standard,682.0,8576.880000000001,
CUST_00353,kathleen,Baker,ryan25@example.net,428.970.3203x2074,26,Sétif,2023-03-19,Standard,725.0,3200.8,
CUST_00354,Paula,Simpson,,677.512.1513x4228,26,Tlemcen,2025-11-09,Standard,724.0,25456.309999999998,
CUST_00355,Adam,Wang,robertjones@example.com,+1-915-904-1659x15201,-1,Sidi Bel Abbès,2024-09-30,Basic,604.0,9860.74,
CUST_00356,Joseph,Barrett,tara97@example.com,001-892-630-4501x8961,45,Constantine,2023-08-02,Basic,797.0,4806.77,
CUST_00357,Kelli,Ross,phelpsfrank@example.com,521-947-6492x5158,42,Sidi Bel Abbès,2025-07-09,Premium,630.0,0.0,
CUST_00358,Thomas,Hart,bdavis@example.com,+1-326-661-0857x327,32,Sidi Bel Abbès,2024-03-05,Standard,486.0,19194.5,
CUST_00359,Rebecca,Woods,traceysutton@example.com,386.849.0810,23,Sétif,2023-02-23,Standard,824.0,3703.11,
CUST_00360,Donna,Carroll,michael91@example.net,6177226016,28,Tlemcen,2025-01-13,Standard,544.0,6712.620000000001,
CUST_00361,Katherine,Cole,matthew23@example.org,394-216-8006,18,Constantine,2024-10-30,Standard,848.0,915.6600000000001,
CUST_00362,Steve,Sullivan,nturner@example.com,001-564-912-2031x030,38,CONSTANTINE,2024-10-24,Standard,777.0,8701.869999999999,
CUST_00363,Ryan,Garrett,christophercarrillo@example.org,560.612.2777x0793,21,Tlemcen,2025-05-09,Premium,850.0,7911.42,
CUST_00364,Peter,Cook,mccoyjennifer@example.com,599.284.0767x8997,23,Biskra,2022-12-02,Standard,657.0,12324.36,
CUST_00365,Barbara,Tran,,595.776.0243x7573,18,Tlemcen,2025-06-04,Premium,563.0,4984.95,
CUST_00366,Jennifer,Mcdonald,jennifer66@example.net,+1-957-329-3417x2232,47,Sétif,2025-09-10,Basic,602.0,590.48,
CUST_00367,Tristan,Young,kiddmichael@example.com,(522)980-1561x931,18,Blida,2025-11-05,Basic,366.0,9152.62,
CUST_00368,Kristen,Hammond,,207-371-1991,37,Constantine,2024-10-02,Standard,694.0,960.13,
CUST_00369,Monica,Bartlett,jessicaerickson@example.net,712.655.2137x6037,30,Biskra,2023-05-18,Standard,667.0,15369.189999999999,
CUST_00370,Joseph,Espinoza,qward@example.org,(786)232-6667,48,Sidi Bel Abbès,2023-04-20,Basic,616.0,14039.119999999999,
CUST_00371,Alejandro,Drake,millerleroy@example.org,(706)202-9084x66845,28,Blida,2025-07-25,Standard,670.0,9483.68,
CUST_00372,Cheryl,Thomas,ngriffin@example.net,+1-497-656-3410x856,18,Annaba,2023-02-21,Standard,682.0,11705.26,
CUST_00373,Andrea,Boyd,andrewzamora@example.net,001-643-746-8105,19,Oran,2023-01-03,Basic,820.0,3216.1,
CUST_00374,Debra,Martinez,ashley07@example.com,499.889.3544,49,Biskra,2025-01-28,Standard,664.0,13083.1,
CUST_00375,Daniel,Black,mackenzieward@example.org,(566)911-0627,18,Oran,2023-12-21,Premium,725.0,20303.370000000003,
CUST_00376,Alicia,Chapman,lwiggins@example.com,+1-367-576-2282x7728,51,Sidi Bel Abbès,2024-04-13,Standard,602.0,14717.800000000001,
CUST_00377,Julie,Raymond,sandra19@example.com,715-694-0821,40,Batna,2023-10-10,Standard,534.0,15463.29,
CUST_00378,todd,Moody,kristenfisher@example.com,632-970-1851x0679,24,Batna,2025-03-17,Premium,627.0,3314.69,
CUST_00379,Thomas,Cortez,kathleenwagner@example.com,001-277-925-1996x63658,30,BLIDA,2024-10-19,Basic,599.0,19839.11,
CUST_00380,Michelle,Mann,ann18@example.org,298.390.9837,32,Biskra,2023-05-27,Basic,653.0,14996.19,
CUST_00381,Andrew,Buchanan,mariacombs@example.net,418.895.6907x056,22,Algiers,2025-06-11,Basic,743.0,167.86,
CUST_00382,Logan,Scott,pettyamber@example.com,(724)412-4620,42,Algiers,2025-01-01,Basic,595.0,12708.14,
CUST_00383,Kenneth,Garcia,robertnguyen@example.com,803-339-9378,34,Blida,2023-01-17,Standard,584.0,12820.61,
CUST_00384,Steven,Russell,ojohnson@example.org,8489913824,32,Oran,2025-05-27,Standard,633.0,12431.0,
CUST_00385,Vincent,Patton,nathanielgalloway@example.org,+1-468-270-0794,41,Algiers,2025-08-31,Standard,536.0,7086.63,
CUST_00386,Timothy,Harper,okidd@example.org,001-384-802-8914,41,Oran,2025-05-10,Basic,747.0,9570.470000000001,
CUST_00387,Jessica,Lutz,gclark@example.com,+1-254-974-3553x79502,42,Algiers,2025-07-26,Standard,761.0,9610.67,
CUST_00388,Emily,Gutierrez,ifarmer@example.org,+1-318-907-1569x5620,-1,Batna,2025-09-03,Standard,670.0,9200.94,
CUST_00389,Sean,Walker,changerin@example.net,(531)294-3375x047,42,Annaba,2025-10-25,Standard,577.0,2278.04,
CUST_00390,Danielle,Rodriguez,ashley72@example.net,499.692.1921,45,Tlemcen,2025-06-06,Standard,818.0,2606.81,
CUST_00391,Nicole,Daniel,james08@example.net,987-906-0566x418,42,Batna,2024-05-31,Standard,518.0,13403.88,
CUST_00392,Bradley,Griffith,ramirezrobert@example.com,706-635-1903x61332,31,Oran,2024-09-28,Basic,438.0,5960.27,
CUST_00393,Colin,Castillo,watkinsconnie@example.com,931-373-5058x319,52,Sidi Bel Abbès,2024-08-07,Standard,429.0,8795.52,
CUST_00394,Christopher,Brown,bennettpamela@example.net,320-270-4961,25,Biskra,2023-01-08,Premium,650.0,9393.16,
CUST_00395,Melissa,Morales,mhall@example.net,+1-707-567-6991x507,-1,Oran,2023-03-04,Basic,674.0,17065.36,
CUST_00396,Brooke,Jones,rebeccamartinez@example.net,656-879-7232x002,42,Biskra,2025-09-28,Standard,536.0,27077.08,
CUST_00397,Karen,Collins,dylanparker@example.com,550-589-2038x8065,25,ANNABA,2025-03-21,Standard,678.0,19675.56,
CUST_00398,Matthew,Contreras,vgreene@example.net,001-259-946-5217,35,Annaba,2025-08-16,Basic,619.0,5605.66,
CUST_00399,Danielle,Steele,phanson@example.com,001-356-436-2050x1508,18,Blida,2024-03-08,Premium,590.0,6922.8099999999995,
CUST_00400,Crystal,Durham,bradley03@example.org,323-242-5832x3024,28,Constantine,2024-01-01,Standard,751.0,33135.29,
CUST_00401,Kristin,Rodriguez,kevinallen@example.com,+1-728-896-1122x33865,55,Annaba,2025-08-17,Standard,720.0,8638.08,
CUST_00402,Kathryn,Matthews,kristine53@example.org,+1-842-789-7317x9128,29,Sidi Bel Abbès,2024-06-02,Standard,476.0,6379.860000000001,
CUST_00403,Harold,Marquez,fbaldwin@example.com,696-890-3337x363,24,Sétif,2024-07-30,Premium,658.0,38820.11,
CUST_00404,Selena,Brooks,taylorchristopher@example.com,753.990.7895x67766,58,Batna,2023-09-07,Standard,648.0,10478.97,
CUST_00405,angel,Alexander,deanna51@example.com,588.714.3111x50835,28,Blida,2023-10-09,Standard,850.0,2996.9300000000003,
CUST_00406,Lisa,Sutton,james92@example.net,001-484-804-4566x9078,44,Annaba,2023-07-18,Standard,751.0,3547.4900000000002,
CUST_00407,Kara,Wells,dsharp@example.com,253-766-3778,37,Constantine,2024-08-05,Basic,552.0,14436.119999999999,
CUST_00408,David,Harding,porterdonna@example.com,736-866-8459x09022,18,Sétif,2023-06-23,Standard,581.0,13723.79,
CUST_00409,Peter,Ferguson,thomasmurphy@example.com,+1-341-821-8209x7023,37,Blida,2023-06-25,Basic,701.0,7585.84,
CUST_00410,Kelly,Warren,hbrown@example.org,(956)362-1286,21,Sétif,2025-09-23,Standard,614.0,9702.83,
CUST_00411,Michelle,Anderson,kylemeyers@example.net,929.394.9387x4302,37,Sétif,2024-09-04,Premium,789.0,32450.930000000008,
CUST_00412,John,Murphy,kstevens@example.org,001-814-975-4692x6329,25,Sétif,2025-08-06,Basic,667.0,23243.79,
CUST_00413,Isaac,Carroll,chale@example.org,(348)741-3768,26,Oran,2025-02-16,Basic,739.0,10523.18,
CUST_00414,william,Chan,qhayes@example.org,307.401.7656x36004,66,Batna,2024-11-15,Basic,703.0,19854.43,
CUST_00415,Steven,Murray,kelleyjohn@example.com,(674)322-0912,27,Biskra,2025-02-01,Premium,734.0,10000.630000000001,
CUST_00416,Gary,Powers,byrderic@example.com,(830)683-7081,31,Sidi Bel Abbès,2023-01-08,Premium,505.0,3430.29,
CUST_00417,Adam,Barton,sarahbrooks@example.org,510.360.0531,49,Constantine,2025-01-13,Standard,707.0,1873.73,
CUST_00418,Bradley,Hunt,marcus39@example.org,+1-466-213-3155,51,Sétif,2024-10-28,Standard,705.0,22160.84,
CUST_00419,Alexander,Lewis,cameronbriggs@example.net,+1-450-613-6497x189,28,Oran,2024-08-30,Standard,636.0,4894.46,
CUST_00420,Tina,Horton,martinreid@example.net,571-250-9976x83890,36,Tlemcen,2025-02-20,Standard,576.0,13810.54,
CUST_00421,David,Young,ntodd@example.org,2255743263,60,Tlemcen,2025-10-30,Premium,709.0,5353.110000000001,
CUST_00422,Scott,Wiley,joshuaschneider@example.org,864.703.5533x80339,18,Constantine,2024-03-10,Standard,661.0,8668.83,
CUST_00423,Adam,Kane,mckaybrett@example.org,321.829.8338,21,Sidi Bel Abbès,2023-10-19,Standard,827.0,9950.94,
CUST_00424,Jennifer,Sanchez,catherineturner@example.net,834.471.5662x776,23,Sidi Bel Abbès,2022-12-03,Standard,490.0,4731.91,
CUST_00425,Patrick,Dickerson,brooke28@example.net,(946)374-7468,32,Batna,2023-04-10,Standard,614.0,10130.630000000001,
CUST_00426,Taylor,Moore,adamhensley@example.net,001-257-366-6567x4916,38,Sétif,2025-08-29,Standard,643.0,2338.52,
CUST_00427,Francisco,Hines,kelsey58@example.net,950.466.3370x5024,25,Blida,2023-08-10,Standard,692.0,8782.76,
CUST_00428,Beth,Bates,alexanderwise@example.net,001-866-691-8362x644,28,Sétif,2025-02-13,Standard,532.0,12011.09,
CUST_00429,Sandra,Booth,fieldskimberly@example.com,(343)364-0270,60,Sétif,2024-06-09,Standard,809.0,2505.38,
CUST_00430,Diamond,Quinn,gregorylopez@example.org,572.281.7932,51,Constantine,2025-04-16,Standard,681.0,279.74,
CUST_00431,James,Bird,,+1-921-941-6141x5093,18,Oran,2022-11-22,Standard,646.0,773.94,
CUST_00432,Joseph,Moses,davisalexa@example.org,(598)747-7596x5555,18,Sétif,2023-12-31,Standard,,5871.61,
CUST_00433,Brian,Kelly,linda07@example.net,(820)591-8435x7978,31,Algiers,2025-10-27,Standard,781.0,2485.6,
CUST_00434,Susan,Hess,schultzmorgan@example.net,573-497-6915x67164,60,Biskra,2025-06-29,Standard,783.0,16660.24,
CUST_00435,kristen,Moran,andersonlaura@example.com,+1-887-227-1783x33211,49,Constantine,2025-08-26,Premium,610.0,5379.35,
CUST_00436,Mark,Reyes,jeffrey47@example.net,328-771-5399,62,Sétif,2025-08-05,Standard,502.0,964.86,
CUST_00437,Julia,Hardy,ostokes@example.com,741-411-5931,39,Batna,2025-09-22,Standard,627.0,3774.12,
CUST_00438,Barbara,Smith,lawrencejames@example.com,(455)628-9931x60875,25,Annaba,2024-05-12,Standard,758.0,8830.039999999999,
CUST_00439,Stephen,Guzman,juliesweeney@example.net,5959481497,23,Blida,2024-12-22,Standard,621.0,6753.860000000001,
CUST_00440,Nicholas,Zavala,eric33@example.net,001-702-876-4208x6567,24,Sétif,2023-01-29,Standard,726.0,18223.51,
CUST_00441,Jessica,Campbell,jacquelinekelley@example.org,(959)904-7292,30,Blida,2025-07-22,Basic,687.0,10158.980000000001,
CUST_00442,Jason,Brock,jillsmith@example.net,001-912-466-2015,38,Algiers,2023-03-20,Standard,671.0,28401.18,
CUST_00443,Zachary,Morgan,obooker@example.net,(830)613-6749x2617,35,Sidi Bel Abbès,2023-12-19,Standard,441.0,9703.64,
CUST_00444,David,Miller,gmay@example.org,8999974192,49,Sétif,2023-10-05,Basic,524.0,3165.1499999999996,
CUST_00445,David,Nguyen,richardhaynes@example.com,+1-588-371-8981,21,Constantine,2025-06-13,Basic,732.0,5316.08,
CUST_00446,Heather,Smith,hmcbride@example.org,(393)621-8401,37,Batna,2025-10-06,Standard,772.0,458.02,
CUST_00447,George,Rowland,wrightbrandon@example.net,387-229-7585x9883,49,Annaba,2022-12-22,Standard,755.0,13337.369999999999,
CUST_00448,Donald,Chase,susanguzman@example.org,001-654-829-6184,47,Constantine,2024-01-24,Standard,795.0,5585.66,
CUST_00449,Christopher,King,jbentley@example.net,814.435.9892,40,Batna,2025-11-03,Standard,653.0,13629.470000000001,
CUST_00450,Ryan,Johnson,chrismartinez@example.org,+1-886-515-1554x23401,32,Sétif,2025-09-20,Standard,639.0,8281.81,
CUST_00451,Kirsten,Martinez,brianna71@example.net,(794)884-9102x562,20,Sidi Bel Abbès,2024-08-22,Standard,418.0,15884.75,
CUST_00452,Jonathon,Parks,dianethomas@example.net,001-640-653-9672x7578,29,Sétif,2024-06-04,Standard,634.0,4961.86,
CUST_00453,Jennifer,Bradshaw,kevinhodge@example.com,(251)811-3129x01487,38,Biskra,2025-08-29,Standard,666.0,1930.71,
CUST_00454,Derek,Jimenez,sullivanchristina@example.net,9684538909,-1,Biskra,2025-07-29,Standard,605.0,6592.67,
CUST_00455,Gregory,Richardson,williefarley@example.com,662.551.5381x4474,38,Algiers,2025-01-28,Standard,647.0,6130.41,
CUST_00456,Ashley,Robinson,sarah80@example.com,+1-770-450-9754x510,-1,Sétif,2023-12-05,Premium,780.0,5958.119999999999,
CUST_00457,Craig,Vasquez,ricerachel@example.com,670-724-3765,25,Sétif,2025-07-16,Premium,574.0,5708.879999999999,
CUST_00458,Amanda,Adams,cdouglas@example.org,(256)405-3134,18,Sétif,2024-02-16,Premium,641.0,3629.48,
CUST_00459,Mark,Johnson,,867-487-2568,38,Oran,2025-09-26,Premium,561.0,1144.99,
CUST_00460,Laura,Martinez,vincent30@example.net,469-506-7447x16392,42,Blida,2025-03-01,Standard,608.0,8054.780000000001,
CUST_00461,Michelle,Gamble,elizabethpatterson@example.com,001-218-692-3923x126,33,Annaba,2025-08-26,Standard,671.0,2723.83,
CUST_00462,Ronald,Jensen,linomar@example.net,733-656-7086x0414,35,Batna,2024-12-30,Basic,453.0,16733.26,
CUST_00463,John,Jacobson,blakewilliams@example.net,334-374-9162x47554,30,Algiers,2024-11-29,Standard,637.0,3457.3199999999997,
CUST_00464,Kaylee,Anderson,judith59@example.net,+1-253-543-9611x291,26,Annaba,2024-12-23,Standard,767.0,6080.469999999999,
CUST_00465,Sara,Jones,kevin73@example.net,001-820-323-6848x5571,32,Sidi Bel Abbès,2024-02-14,Standard,597.0,953.89,
CUST_00466,Sarah,Gordon,jacksonjoshua@example.org,809-803-6788x1278,27,Sétif,2024-09-07,Standard,579.0,16445.34,
CUST_00467,Jamie,Smith,brittanysmith@example.net,288.544.3448x123,28,BLIDA,2022-12-24,Premium,699.0,12600.07,
CUST_00468,Eddie,Stephenson,josephgibbs@example.net,338.610.5955,-1,Constantine,2024-02-02,Standard,709.0,10886.85,
CUST_00469,Cheryl,Nguyen,garrettalex@example.com,642.540.8916,30,Sidi Bel Abbès,2023-07-11,Basic,577.0,13790.82,
CUST_00470,Joseph,Perkins,omoore@example.net,001-965-427-1727x2239,18,Blida,2022-12-05,Standard,665.0,7079.0599999999995,
CUST_00471,Frank,Thompson,mmcdaniel@example.org,(216)337-6182,46,Sétif,2024-01-06,Premium,674.0,1776.98,
CUST_00472,Daniel,Smith,andersonkayla@example.com,(490)901-8513,34,Tlemcen,2025-07-17,Standard,703.0,9191.279999999999,
CUST_00473,Lisa,Parker,dmoore@example.net,001-448-210-0184x186,30,Annaba,2022-12-08,Basic,750.0,469.76000000000005,
CUST_00474,Ronald,Hernandez,jeremiah61@example.com,(313)714-5195,55,Oran,2025-07-20,Standard,555.0,5270.33,
CUST_00475,Cassandra,Thompson,carol62@example.net,+1-749-445-1475x41022,47,Sétif,2024-03-15,Standard,565.0,4415.330000000001,
CUST_00476,Laura,Bray,wilsonronald@example.net,821-752-2655x767,57,CONSTANTINE,2025-04-09,Standard,672.0,14862.029999999999,
CUST_00477,Desiree,Sanchez,idunn@example.net,788.236.1968x9313,46,Annaba,2025-11-05,Standard,696.0,9440.55,
CUST_00478,Andre,Grant,samanthabrown@example.com,(324)472-8633x302,49,Sétif,2025-01-23,Premium,516.0,6583.829999999999,
CUST_00479,Heather,Coleman,mileselizabeth@example.org,492.402.5213x1096,30,Sidi Bel Abbès,2025-02-03,Basic,741.0,9600.93,
CUST_00480,Kaitlin,Hale,theodore57@example.net,001-804-812-0092x820,61,Sidi Bel Abbès,2024-07-11,Standard,707.0,2576.37,
CUST_00481,Maria,Ellison,,886-423-6903,35,Biskra,2024-09-05,Standard,726.0,7348.35,
CUST_00482,Chris,Schwartz,pedwards@example.com,(220)556-3411x1595,30,Blida,2023-05-09,Standard,539.0,11146.199999999999,
CUST_00483,Daniel,Lewis,avilakyle@example.net,903.241.9909,51,Algiers,2023-10-22,Standard,814.0,6238.72,
CUST_00484,Sherry,Smith,karen68@example.org,965-221-5681x82096,58,Blida,2023-05-07,Standard,572.0,1978.84,
CUST_00485,Faith,Miller,,+1-822-288-9857x25459,18,Sétif,2023-08-01,Basic,617.0,1862.19,
CUST_00486,Wendy,Lawson,ashleygamble@example.org,4246817175,18,Constantine,2023-01-25,Standard,709.0,6650.360000000001,
CUST_00487,Barbara,Gomez,,447.921.9705x4669,23,Batna,2024-05-26,Premium,669.0,3309.63,
CUST_00488,Colleen,Edwards,flemingwilliam@example.com,+1-309-503-8021x46296,28,Sétif,2025-06-27,Standard,641.0,6498.63,
CUST_00489,Elizabeth,Bailey,dday@example.org,721-766-3651,54,Tlemcen,2024-04-27,Standard,730.0,3758.53,
CUST_00490,Jacqueline,Alvarez,shawn82@example.com,(835)990-9605,34,Annaba,2023-01-10,Basic,581.0,9555.6,
CUST_00491,Miranda,Cisneros,,521-646-1476,33,Constantine,2025-05-10,Standard,689.0,21158.170000000002,
CUST_00492,Christopher,Valenzuela,tabitha42@example.org,(567)378-2659x608,46,Tlemcen,2024-09-17,Standard,626.0,15933.76,
CUST_00493,Mario,Downs,alexis72@example.com,816-448-0727x91033,20,Tlemcen,2023-12-30,Standard,755.0,11195.720000000001,
CUST_00494,Michael,Farley,woodmichael@example.com,381-477-6655x8685,30,SIDI BEL ABBÈS,2024-02-24,Standard,619.0,196.79,
CUST_00495,Gregory,Larson,qjames@example.net,+1-364-991-1110x96179,45,Biskra,2024-08-10,Standard,657.0,0.0,
CUST_00496,Antonio,Roberts,xlewis@example.com,+1-861-237-1576,33,Batna,2025-03-18,Standard,672.0,2715.04,
CUST_00497,William,Adams,kyle63@example.org,(800)502-5895x52963,18,Tlemcen,2024-10-18,Standard,572.0,8283.52,
CUST_00498,Maria,Solis,oanderson@example.com,001-826-658-2631x2819,32,Biskra,2023-05-05,Basic,673.0,24172.04,
CUST_00499,Marcus,Davis,kimcristina@example.net,(909)781-9602,32,Constantine,2023-08-01,Standard,460.0,4577.17,
CUST_00500,Rachael,Phillips,jessicaroman@example.com,001-440-641-2091x17911,24,Blida,2025-07-19,Standard,,1009.2900000000001,
CUST_00501,Christopher,Snyder,roberta36@example.org,606.217.1366x5722,34,Constantine,2024-11-03,Standard,683.0,7412.17,
CUST_00502,Crystal,Bond,daughertyvictoria@example.com,+1-298-402-8413x908,39,Annaba,2025-06-19,Standard,640.0,1013.27,
CUST_00503,Danny,Robinson,,573-615-8477x686,41,Constantine,2023-06-16,Standard,602.0,3029.81,
CUST_00504,Meghan,Love,ygarcia@example.net,823-876-7694x5919,31,Annaba,2024-07-25,Standard,625.0,8978.93,
CUST_00505,Nathaniel,Chen,colepamela@example.net,896-449-8560x125,34,Batna,2023-08-07,Standard,680.0,7920.39,
CUST_00506,Jason,Watson,,001-505-537-9538x164,24,Oran,2024-07-18,Premium,591.0,13198.32,
CUST_00507,Jennifer,Shah,berrydebbie@example.net,001-965-453-3077x04611,39,Tlemcen,2023-11-05,Standard,676.0,8208.91,
CUST_00508,Patrick,Ray,andrew90@example.com,626-608-8050x1716,18,Batna,2025-02-15,Standard,707.0,8614.15,
CUST_00509,Richard,Hawkins,troy06@example.com,001-377-715-9103x002,36,Sétif,2023-07-18,Premium,587.0,15499.289999999999,
CUST_00510,Christopher,Ramsey,,8406104145,44,Constantine,2025-08-21,Basic,464.0,9650.5,
CUST_00511,Brandy,Wilson,michelle96@example.net,318.683.9774x573,57,Blida,2024-12-30,Standard,601.0,4806.38,
CUST_00512,Michael,Houston,donnamoss@example.org,001-311-770-3037x637,34,Annaba,2025-04-22,Standard,767.0,11428.2,
CUST_00513,Kathleen,Palmer,kathleen47@example.net,(581)823-5679,27,Annaba,2023-01-26,Standard,700.0,10593.050000000001,
CUST_00514,Rodney,Parks,thomasnancy@example.net,930-772-4078,27,Blida,2023-03-21,Standard,719.0,1843.19,
CUST_00515,Andrea,Gomez,edwardshaw@example.net,607-945-1066x34362,47,Biskra,2024-03-01,Premium,671.0,2635.85,
CUST_00516,Erin,Lucas,robinsonbrian@example.org,001-843-818-1439,46,Sétif,2023-03-03,Standard,621.0,5358.8,
CUST_00517,Jessica,Suarez,tyler23@example.com,+1-749-340-1289x7432,38,Constantine,2023-06-05,Standard,450.0,0.0,
CUST_00518,Rachel,Thomas,waderonnie@example.org,(241)920-9579,18,Annaba,2024-04-12,Standard,639.0,23976.58,
CUST_00519,Brandon,Smith,mary88@example.org,001-921-214-5775x84745,48,Batna,2023-10-08,Standard,747.0,11752.93,
CUST_00520,Matthew,Holmes,rrodriguez@example.net,001-502-363-2570x3965,18,Annaba,2025-08-17,Premium,629.0,7170.84,
CUST_00521,Nicholas,Rodriguez,natalie87@example.net,(545)256-9644,23,Tlemcen,2024-06-04,Standard,570.0,4587.8,
CUST_00522,Matthew,Salazar,kpope@example.com,910-672-7284x9824,27,Oran,2025-04-06,Premium,723.0,10737.869999999999,
CUST_00523,Alexis,Williams,margaret10@example.com,306-650-0425x4882,21,Constantine,2025-11-07,Premium,762.0,2889.16,
CUST_00524,James,Richards,carterantonio@example.com,466.861.4494,29,Batna,2025-04-11,Standard,471.0,16891.08,
CUST_00525,Donald,Saunders,derek83@example.com,714-797-8266x1287,40,Sidi Bel Abbès,2023-12-05,Standard,805.0,2305.49,
CUST_00526,Steven,Ali,jjohnson@example.org,001-661-229-4398x52989,18,Sétif,2023-03-30,Standard,641.0,3825.0,
CUST_00527,Elizabeth,Ford,fcombs@example.org,215-591-4975x019,27,Biskra,2023-04-18,Basic,681.0,8958.990000000002,
CUST_00528,Joy,Simpson,pattybowman@example.org,340-579-3110x2918,55,Annaba,2023-03-05,Premium,400.0,2137.08,
CUST_00529,Angel,Wagner,hbrown@example.com,(472)438-4979x1620,28,Annaba,2023-05-18,Premium,693.0,2578.16,
CUST_00530,Judith,Payne,scastillo@example.net,897-854-6617,40,Constantine,2022-12-12,Premium,760.0,1430.7,
CUST_00531,Stephen,Elliott,carpenteraustin@example.net,+1-597-705-2774x02588,48,Biskra,2024-01-14,Standard,686.0,11360.67,
CUST_00532,Bryan,Rios,diana95@example.com,001-624-446-1767x929,38,Batna,2024-08-18,Premium,633.0,682.42,
CUST_00533,Beverly,Silva,bjones@example.net,(331)417-7533,50,Sétif,2025-02-17,Premium,782.0,12506.759999999998,
CUST_00534,Robert,Brown,danny17@example.com,+1-602-951-7629x833,30,Sidi Bel Abbès,2024-11-25,Premium,834.0,13844.9,
CUST_00535,Jeremiah,Harmon,zcervantes@example.org,890-313-0205,34,Batna,2023-06-03,Standard,673.0,0.0,
CUST_00536,Jessica,Bartlett,nlee@example.net,385.459.8217x6619,31,Biskra,2023-10-04,Standard,660.0,6337.84,
CUST_00537,David,Hall,andrew44@example.com,001-651-824-1893x898,29,Tlemcen,2023-01-13,Basic,498.0,6849.6900000000005,
CUST_00538,Heidi,Rodriguez,qgiles@example.net,5057643502,32,Algiers,2023-07-28,Standard,767.0,5408.610000000001,
CUST_00539,Charles,Gould,,+1-591-787-2401x078,36,Sétif,2024-04-18,Basic,587.0,4768.15,
CUST_00540,Kimberly,Walter,andrewbrown@example.org,+1-496-808-7066,43,Sétif,2024-07-06,Standard,789.0,9082.43,
CUST_00541,Darrell,Wilson,michael56@example.org,231.290.3689,21,Annaba,2025-04-20,Premium,696.0,18247.54,
CUST_00542,Chase,Martinez,justinedwards@example.net,+1-934-729-6711x1483,42,ANNABA,2024-03-12,Standard,694.0,556.33,
CUST_00543,Kevin,Richardson,misty38@example.com,588-610-5697x41328,28,Biskra,2023-07-01,Standard,584.0,4600.19,
CUST_00544,Nathan,Velasquez,barryyoung@example.com,+1-671-807-0449x6410,20,Sidi Bel Abbès,2022-12-02,Standard,717.0,4251.66,
CUST_00545,Patrick,Wallace,jamielopez@example.com,+1-604-508-5095,22,Algiers,2023-11-20,Standard,545.0,10218.56,
CUST_00546,Maria,Hamilton,vpatton@example.org,686-448-7699,34,Sétif,2024-04-07,Basic,698.0,27879.51,
CUST_00547,Victoria,Allen,campbellfelicia@example.com,638-745-9609,51,Blida,2024-11-03,Premium,614.0,1036.83,
CUST_00548,Kimberly,Patrick,martinezashley@example.com,527-870-7070x578,51,Algiers,2024-08-08,Standard,523.0,3089.31,
CUST_00549,Christopher,Prince,stephanie72@example.com,001-944-772-3229x03102,49,Algiers,2024-07-10,Basic,675.0,960.27,
CUST_00550,Jeremy,Lynn,theresa05@example.net,001-509-535-1187x181,32,Batna,2024-07-29,Basic,663.0,8345.73,
CUST_00551,Maria,Becker,maynancy@example.org,2594556574,36,Batna,2022-12-30,Standard,638.0,12041.77,
CUST_00552,Sarah,Buck,rodriguezjason@example.com,889.353.6902x61139,52,Biskra,2025-04-04,Premium,507.0,6044.74,
CUST_00553,Catherine,Hopkins,mstewart@example.net,335-735-3751x3765,32,Biskra,2024-05-19,Basic,693.0,11098.17,
CUST_00554,Robin,Valdez,shanebarnes@example.net,(783)769-2944,30,Oran,2023-02-09,Basic,681.0,9596.98,
CUST_00555,Robert,Lucero,xchen@example.org,(370)421-6487,31,Algiers,2025-05-13,Basic,583.0,0.0,
CUST_00556,Andrew,Jackson,andersonmichelle@example.com,(252)368-3415x59991,43,Batna,2025-09-18,Standard,663.0,7853.97,
CUST_00557,Renee,Mccoy,eroberts@example.net,(729)981-2099,32,Sétif,2023-10-29,Standard,588.0,22911.27,
CUST_00558,Gregory,Sharp,shirley13@example.com,450.498.8986x4565,55,ALGIERS,2025-04-22,Standard,502.0,5561.96,
CUST_00559,Jessica,Hays,russellramirez@example.net,315-542-1447x73244,24,Blida,2023-04-15,Standard,764.0,473.25,
CUST_00560,Jamie,Roberson,,+1-830-970-5349,20,Biskra,2023-03-30,Standard,850.0,7092.89,
CUST_00561,Shawn,Hardin,wallaceryan@example.com,424-715-1315,18,Blida,2024-03-22,Standard,691.0,6733.47,
CUST_00562,Jill,Powers,mannleroy@example.org,(618)953-8003x29633,18,Constantine,2024-04-26,Standard,644.0,16223.56,
CUST_00563,Jacob,Crawford,jamesliu@example.net,001-830-561-7893x2064,55,Batna,2024-04-25,Standard,610.0,13867.32,
CUST_00564,Diane,White,mary47@example.com,+1-769-558-7413x1467,61,Sétif,2023-03-18,Standard,705.0,18062.47,
CUST_00565,Steven,Flores,baileyraymond@example.org,001-777-696-3044x83608,31,Batna,2024-02-05,Basic,534.0,16451.239999999998,
CUST_00566,Lisa,Coleman,rita47@example.net,550.347.6392,23,Tlemcen,2024-09-11,Basic,670.0,4572.76,
CUST_00567,David,Fernandez,langchristopher@example.net,658-410-8358x32863,20,Batna,2023-11-10,Basic,571.0,31218.29,
CUST_00568,Jason,Quinn,johnsonandrew@example.net,586-570-2440,19,Algiers,2023-09-06,Premium,525.0,11733.55,
CUST_00569,David,Bowers,vanderson@example.com,411-386-0089,18,Tlemcen,2025-03-29,Standard,745.0,11181.61,
CUST_00570,James,Obrien,kristen68@example.net,8446731497,40,Sétif,2023-02-21,Standard,704.0,10072.62,
CUST_00571,Tammy,Hoffman,smitchell@example.net,536.907.6581x73906,57,BATNA,2024-04-17,Premium,747.0,3864.7799999999997,
CUST_00572,Daniel,Collins,,+1-923-579-3126,18,Algiers,2025-03-02,Standard,850.0,12616.7,
CUST_00573,Johnathan,Collins,mary05@example.net,001-996-704-3878,36,Annaba,2023-10-30,Standard,638.0,3281.37,
CUST_00574,Jeanne,Robertson,morseronald@example.org,(420)928-1237x1067,18,Constantine,2025-02-09,Basic,662.0,10666.26,
CUST_00575,Amy,Ross,david44@example.net,995-992-2483x95894,42,Annaba,2025-09-03,Premium,612.0,17045.18,
CUST_00576,Sara,Cortez,frankespinoza@example.com,5565227104,44,Oran,2024-06-23,Basic,553.0,16554.55,
CUST_00577,Mark,Brown,ewheeler@example.com,+1-883-650-3446x9459,30,Biskra,2024-06-26,Standard,676.0,4526.14,
CUST_00578,Donna,Jones,dakotarobinson@example.org,991-528-9659x994,18,Constantine,2022-11-14,Standard,568.0,7050.1900000000005,
CUST_00579,Jesse,Robinson,douglasalvarez@example.org,810-828-7675x48138,34,Sétif,2024-12-25,Standard,795.0,28729.510000000002,
CUST_00580,Michael,Roberson,alyssa93@example.org,+1-242-768-7741x8652,34,Sidi Bel Abbès,2025-03-05,Standard,636.0,7485.719999999999,
CUST_00581,Michael,Coleman,patrickwhite@example.net,7373583094,53,Batna,2025-08-11,Standard,624.0,10285.17,
CUST_00582,Wesley,Smith,arthur47@example.com,9444090797,30,Sidi Bel Abbès,2025-02-10,Basic,691.0,9473.34,
CUST_00583,Deborah,Gardner,johnsonanthony@example.net,(722)316-1070,43,Biskra,2023-09-12,Standard,630.0,171.06,
CUST_00584,Melissa,Rios,cookemily@example.com,001-429-658-0660x138,35,Oran,2023-05-20,Standard,798.0,10116.460000000001,
CUST_00585,Bradley,Franklin,vthompson@example.org,348-451-5791x9711,32,Oran,2023-06-03,Basic,561.0,2120.75,
CUST_00586,Brittany,Sheppard,kristinarobinson@example.com,413.743.2406x424,35,Sétif,2023-07-17,Standard,522.0,2597.83,
CUST_00587,Jacob,Stephenson,tiffanygreen@example.com,817-459-5587x209,26,Biskra,2024-07-27,Basic,691.0,24984.8,
CUST_00588,Victoria,Hamilton,jared88@example.net,918-434-3740x182,28,Sidi Bel Abbès,2024-08-16,Basic,665.0,3241.27,
CUST_00589,Nathan,Gray,,6264755125,31,Sidi Bel Abbès,2024-07-03,Basic,626.0,33030.34,
CUST_00590,Karen,Gonzales,swatkins@example.com,001-367-834-5957x6403,49,Sétif,2025-03-09,Basic,710.0,10465.61,
CUST_00591,Stephanie,Morales,martingarrett@example.com,+1-983-892-2501x425,43,Constantine,2024-03-30,Standard,632.0,2164.27,
CUST_00592,Donna,Gonzalez,kevinmiller@example.org,461.732.8507,31,Oran,2024-04-10,Standard,553.0,11526.939999999999,
CUST_00593,Gloria,Hale,dbarnett@example.net,816.825.2654,24,Biskra,2023-01-29,Standard,710.0,4269.65,
CUST_00594,Tracy,Yang,walkercharlotte@example.org,(555)280-9961x327,36,Annaba,2023-10-08,Standard,735.0,15536.84,
CUST_00595,Christopher,Cruz,ronaldmitchell@example.com,+1-870-246-2268x17151,36,Constantine,2023-10-27,Standard,560.0,8609.03,
CUST_00596,Autumn,Cruz,psmith@example.net,(760)346-4197x8575,28,Constantine,2025-10-21,Premium,549.0,25411.59,
CUST_00597,Amanda,Reyes,hernandezmatthew@example.net,001-643-289-7607,32,Oran,2025-06-20,Basic,668.0,9442.34,
CUST_00598,Steve,Williams,johnny54@example.org,+1-642-245-6075,61,Tlemcen,2023-03-14,Standard,769.0,14857.1,
CUST_00599,Jessica,Schmidt,fwright@example.net,522-976-4579,23,Algiers,2023-02-03,Standard,716.0,8886.85,
CUST_00600,Nathan,Thomas,reyestina@example.org,546-260-2416x13944,44,Batna,2024-08-01,Basic,610.0,10504.43,
CUST_00601,Jason,Walls,julie24@example.net,+1-609-962-4406x30624,28,Tlemcen,2025-03-27,Standard,780.0,6245.32,
CUST_00602,Cynthia,Davis,andrewnguyen@example.org,+1-249-779-6958x678,23,BATNA,2023-10-28,Basic,553.0,6977.9,
CUST_00603,Lynn,Hernandez,sclark@example.org,+1-664-660-9178x51385,26,Batna,2024-03-20,Standard,627.0,203.79,
CUST_00604,Tanner,Moore,claudiacunningham@example.com,001-504-587-3682x69116,18,Oran,2024-07-29,Standard,655.0,14968.79,
CUST_00605,gregory,Moore,wpierce@example.org,(994)655-1588x86367,31,Sidi Bel Abbès,2023-05-03,Premium,772.0,25416.8,
CUST_00606,Morgan,Ross,patelmatthew@example.com,+1-321-869-6663x0932,44,Algiers,2023-11-03,Basic,662.0,12299.33,
CUST_00607,John,Hudson,xcohen@example.org,001-796-488-3275x3273,18,Blida,2023-01-22,Standard,482.0,6566.78,
CUST_00608,Anthony,Lane,,927.381.9523,37,Algiers,2025-02-09,Standard,740.0,10262.98,
CUST_00609,Evelyn,Russell,eatkins@example.com,781-898-0770x460,24,Biskra,2024-10-01,Standard,663.0,17277.98,
CUST_00610,Scott,Cobb,thomasjose@example.net,001-912-956-5237x34151,40,Annaba,2025-02-18,Basic,733.0,8111.2,
CUST_00611,Matthew,Norris,kristin49@example.com,+1-602-428-4035x954,46,Tlemcen,2024-10-06,Standard,611.0,20483.12,
CUST_00612,Thomas,Gonzales,eric22@example.net,864-930-3942x9045,26,Tlemcen,2025-07-25,Standard,644.0,27152.32,
CUST_00613,Teresa,Schneider,alexandra67@example.net,(587)627-6015,53,Annaba,2023-07-15,Standard,658.0,11134.24,
CUST_00614,Joshua,Strickland,santosmichael@example.com,001-708-333-5061,36,Blida,2024-07-10,Standard,607.0,17037.649999999998,
CUST_00615,Amanda,Figueroa,wallerbrian@example.net,333.542.3372x09484,42,Oran,2025-08-01,Standard,622.0,8625.18,
CUST_00616,David,Turner,jeremywillis@example.net,571.380.5137x1717,44,Biskra,2024-08-18,Premium,589.0,14174.56,
CUST_00617,Carmen,Evans,perkinsmichelle@example.org,001-773-999-7046x9472,-1,Biskra,2023-09-18,Premium,730.0,25447.03,
CUST_00618,Deanna,Baker,matthewbyrd@example.net,871-627-0587x7221,42,Oran,2025-08-22,Standard,648.0,3886.1099999999997,
CUST_00619,Scott,Little,jamesrodriguez@example.org,548.445.8714,-1,Batna,2023-05-02,Premium,556.0,1560.08,
CUST_00620,Katie,Floyd,chelseamoore@example.net,796.943.4745x2455,42,Blida,2024-02-21,Basic,716.0,11371.630000000001,
CUST_00621,Phillip,Butler,abrown@example.com,+1-827-740-3344x5056,41,Biskra,2024-07-17,Standard,604.0,6828.0599999999995,
CUST_00622,James,Lewis,ggates@example.org,525.679.7067,29,TLEMCEN,2024-08-15,Basic,755.0,12986.48,
CUST_00623,Brian,Brown,joshua57@example.com,672-515-6229,33,Biskra,2023-02-16,Standard,748.0,15077.99,
CUST_00624,John,Armstrong,angela40@example.org,001-615-657-3257x37553,20,TLEMCEN,2025-02-08,Standard,650.0,0.0,
CUST_00625,Andrew,Wilson,zsimmons@example.com,7809850960,23,Blida,2024-08-02,Standard,594.0,2862.63,
CUST_00626,Cynthia,Navarro,mccannkimberly@example.net,(681)997-9316,40,Sidi Bel Abbès,2025-07-13,Standard,672.0,4986.049999999999,
CUST_00627,Virginia,Hernandez,charles95@example.com,460.669.4096x00356,25,Annaba,2024-08-13,Premium,404.0,42163.62,
CUST_00628,Katrina,Patel,kaylaandrews@example.com,001-292-432-3421x089,27,Biskra,2023-11-28,Standard,615.0,12382.380000000001,
CUST_00629,Chad,Harrell,dominiqueharris@example.org,(243)935-0271x60736,43,SIDI BEL ABBÈS,2024-01-23,Standard,656.0,10350.27,
CUST_00630,Jamie,James,davisgregory@example.net,001-381-723-1795x5633,35,Sidi Bel Abbès,2023-08-18,Standard,417.0,14650.199999999999,
CUST_00631,Daniel,Bryant,jamesrobert@example.org,(754)216-4316x704,41,Constantine,2025-05-28,Standard,833.0,5823.219999999999,
CUST_00632,Gregory,Smith,donaldharrison@example.org,4934459626,25,Biskra,2025-10-04,Standard,666.0,3585.3900000000003,
CUST_00633,Judy,Patrick,michaelbuckley@example.org,2732465495,38,Batna,2022-12-13,Basic,716.0,13281.599999999999,
CUST_00634,Thomas,Moss,robinwilliams@example.com,001-998-822-1053x16117,25,Biskra,2024-03-08,Standard,609.0,15419.09,
CUST_00635,Melody,Pacheco,collinsterrance@example.com,(558)459-1779,27,Annaba,2024-05-29,Premium,696.0,11952.57,
CUST_00636,Linda,Thomas,pauljennifer@example.com,+1-613-434-2457x988,-1,Batna,2024-02-17,Standard,488.0,9754.66,
CUST_00637,Donna,Riley,adkinslauren@example.net,7322020326,42,Tlemcen,2024-04-21,Premium,442.0,5923.2,
CUST_00638,Mia,Lopez,nhayes@example.com,+1-948-971-4855x245,48,Oran,2024-11-13,Standard,597.0,4425.5199999999995,
CUST_00639,Matthew,Stone,caseyronald@example.org,+1-421-737-1184,59,Blida,2024-03-22,Basic,706.0,2690.92,
CUST_00640,Angela,Ayers,raymondpugh@example.net,223.703.5892,18,Biskra,2023-07-22,Standard,615.0,12753.189999999999,
CUST_00641,Stacey,Schmidt,erik29@example.org,001-928-796-3406x46867,-1,Constantine,2025-01-10,Standard,787.0,5785.4,
CUST_00642,Kevin,Jones,jason99@example.org,8628272362,37,Tlemcen,2023-06-11,Basic,553.0,5921.280000000001,
CUST_00643,Mary,Jones,,001-392-937-2450x1848,18,Annaba,2024-11-04,Premium,703.0,12369.11,
CUST_00644,Kent,Martinez,whernandez@example.net,340-364-1769x27438,31,Tlemcen,2025-09-28,Standard,619.0,15201.17,
CUST_00645,Michelle,Allen,bcopeland@example.com,7143448564,39,Algiers,2023-03-02,Standard,741.0,13771.86,
CUST_00646,Linda,Sanchez,bwalker@example.net,317-389-9698x609,42,Tlemcen,2023-02-24,Standard,300.0,22538.04,
CUST_00647,Tammy,Allen,tochoa@example.net,2575798066,25,Tlemcen,2023-05-29,Standard,489.0,9535.07,
CUST_00648,Crystal,Murphy,samantha07@example.com,(755)834-7057x423,32,Batna,2025-03-16,Standard,617.0,9042.47,
CUST_00649,George,Porter,cookchristina@example.net,454.811.6597,33,Annaba,2023-08-29,Premium,794.0,15248.439999999999,
CUST_00650,Jasmine,Bell,whuang@example.org,(650)413-9488,28,Sétif,2024-09-19,Standard,703.0,4099.6,
CUST_00651,Charles,Davis,jphelps@example.net,285-562-6149x91537,30,Biskra,2023-04-30,Standard,546.0,4132.99,
CUST_00652,Victoria,Johnson,marthalucero@example.org,973.920.4309,30,Sétif,2024-07-13,Standard,520.0,12408.79,
CUST_00653,Yesenia,Lee,melaniecarpenter@example.net,001-764-754-6553,48,Oran,2025-09-27,Standard,502.0,8151.08,
CUST_00654,Dennis,Heath,laurariley@example.org,978.951.9358x37490,24,Sidi Bel Abbès,2024-08-20,Standard,492.0,4349.25,
CUST_00655,Calvin,Forbes,castroangelica@example.org,(872)415-1494x097,18,Sétif,2023-07-05,Standard,621.0,5647.08,
CUST_00656,Shannon,Ryan,mark98@example.com,(389)350-9059,23,Tlemcen,2023-01-20,Standard,610.0,7705.349999999999,
CUST_00657,Robert,Martin,,(807)815-1169,18,Sétif,2024-12-14,Standard,607.0,4203.43,
CUST_00658,Dillon,Cooper,collinsgregory@example.com,371-624-6335x157,18,Algiers,2025-07-02,Basic,597.0,8215.36,
CUST_00659,Bruce,Hawkins,cody08@example.org,4565409951,43,TLEMCEN,2024-05-11,Premium,636.0,2129.73,
CUST_00660,Amanda,Daugherty,wigginsrita@example.net,(392)672-8270x908,18,Blida,2023-03-10,Premium,758.0,4521.6,
CUST_00661,Felicia,Lawrence,racheljimenez@example.net,(395)778-6718,46,Annaba,2023-12-17,Basic,591.0,4795.610000000001,
CUST_00662,John,Roth,laurawilliams@example.org,591.681.5899x8868,18,Batna,2023-04-09,Premium,520.0,4034.59,
CUST_00663,Kathryn,Carter,ypowell@example.org,207.515.8796x4740,41,Oran,2023-10-14,Standard,638.0,12740.3,
CUST_00664,Briana,Mccullough,daniellestevenson@example.net,4047635806,27,Algiers,2025-08-06,Standard,664.0,8780.380000000001,
CUST_00665,Corey,Dodson,jenniferjones@example.org,439.890.0631x4035,43,Annaba,2023-12-24,Basic,656.0,340.83,
CUST_00666,Mary,Williams,carolhowell@example.com,(294)834-6066x64374,25,Algiers,2024-12-13,Premium,571.0,6353.0,
CUST_00667,Shane,Alvarado,chadwilson@example.org,612.385.2464x8449,40,ORAN,2024-01-18,Basic,608.0,9119.39,
CUST_00668,Nicole,Harris,peterstyler@example.org,707.971.1306x21136,27,Constantine,2024-03-10,Standard,736.0,9908.75,
CUST_00669,Kayla,Bates,,001-202-854-2573,40,Sétif,2023-04-28,Standard,780.0,10086.07,
CUST_00670,Kelly,Brown,courtneyrogers@example.net,707.213.9848x228,18,Oran,2024-12-01,Basic,850.0,5317.52,
CUST_00671,Robert,Ferguson,jennifermorris@example.org,(313)506-0906,52,Algiers,2024-07-21,Premium,576.0,9040.44,
CUST_00672,Charles,Banks,ppineda@example.com,796-573-7945x7727,37,Constantine,2023-09-22,Standard,623.0,11733.42,
CUST_00673,Jessica,Mccarty,kkidd@example.com,001-506-842-0768x3625,29,Sétif,2025-07-07,Standard,659.0,6837.6900000000005,
CUST_00674,Steven,Chavez,vford@example.com,+1-862-783-3339x39578,38,Blida,2023-07-04,Standard,522.0,29827.21,
CUST_00675,Donald,Rodriguez,xevans@example.net,(803)435-8268x62703,18,Blida,2025-10-25,Premium,744.0,13669.23,
CUST_00676,Erin,Hammond,,(265)373-2759,18,Oran,2023-02-13,Premium,718.0,9268.35,
CUST_00677,Alan,Atkins,riverachristopher@example.com,923.941.5959,35,Batna,2024-12-22,Basic,511.0,24907.25,
CUST_00678,Keith,Garcia,,589-362-8874,32,Constantine,2025-08-04,Standard,747.0,3522.6000000000004,
CUST_00679,Colton,Williams,ekennedy@example.org,001-309-757-9927x07955,34,Oran,2023-05-25,Standard,524.0,24546.230000000003,
CUST_00680,Claire,Byrd,danieldonovan@example.net,854.415.9709,37,Batna,2025-06-01,Standard,638.0,1391.6,
CUST_00681,James,Ramirez,burnsrebecca@example.org,+1-234-447-6504x7158,31,Tlemcen,2022-11-23,Basic,704.0,3560.4700000000003,
CUST_00682,Ashley,Turner,rebeccajames@example.org,001-546-955-8665x254,47,Blida,2023-08-31,Premium,751.0,3476.85,
CUST_00683,Robin,Sellers,trujillorobin@example.net,402-513-1251,30,Oran,2025-06-15,Standard,674.0,17626.14,
CUST_00684,Alec,Smith,molly91@example.org,001-375-419-1023,26,Oran,2025-01-07,Basic,722.0,14518.6,
CUST_00685,Christopher,Hamilton,jasonlove@example.com,283-373-7927x49072,40,Constantine,2025-10-14,Standard,603.0,9045.26,
CUST_00686,Jose,Humphrey,hollywarner@example.org,825.632.6949,28,Annaba,2024-02-22,Standard,576.0,11861.66,
CUST_00687,Madison,Moss,penatammy@example.com,321-701-7509x6170,49,Tlemcen,2025-03-06,Standard,850.0,2257.63,
CUST_00688,Robin,Wolfe,,457.257.4758x339,33,Batna,2024-02-04,Standard,647.0,9800.45,
CUST_00689,Nichole,Nguyen,dford@example.com,(826)760-2562,50,Algiers,2024-03-02,Basic,623.0,6766.55,
CUST_00690,Lisa,Whitehead,brittanywhite@example.org,8674245307,39,Blida,2025-05-09,Basic,681.0,11708.07,
CUST_00691,Melissa,Ramirez,tommycummings@example.com,(927)505-1157x94238,18,Sétif,2024-05-02,Standard,613.0,5484.650000000001,
CUST_00692,Summer,Welch,,992-384-5525,36,Algiers,2024-03-15,Standard,644.0,8092.74,
CUST_00693,Robert,Clark,haley57@example.com,+1-559-553-2593,27,Sidi Bel Abbès,2024-07-21,Premium,659.0,18483.46,
CUST_00694,Pamela,Edwards,cruzeddie@example.com,587-679-4176,30,Constantine,2023-12-15,Premium,670.0,11955.76,
CUST_00695,Kimberly,Wells,cynthiamurphy@example.net,382.645.7598x3399,32,Algiers,2025-01-26,Standard,545.0,6740.41,
CUST_00696,James,Lindsey,john66@example.net,3447324006,35,SIDI BEL ABBÈS,2025-03-11,Standard,701.0,3873.1800000000003,
CUST_00697,Victoria,Griffin,mpeters@example.com,001-251-347-4397x42925,37,Algiers,2025-06-20,Standard,487.0,7973.5,
CUST_00698,Angela,Wood,marie68@example.org,+1-265-462-5904x5990,40,Sidi Bel Abbès,2023-01-21,Basic,614.0,24084.39,
CUST_00699,Carlos,Hernandez,shelbyyoung@example.com,(851)465-1768x086,33,Biskra,2025-05-01,Standard,709.0,8106.709999999999,
CUST_00700,Lisa,West,farmermisty@example.org,508.500.3700,31,Constantine,2025-09-23,Standard,639.0,8807.1,
CUST_00701,Devin,Flores,qavila@example.com,5842706810,30,Annaba,2023-07-21,Standard,831.0,17422.23,
CUST_00702,Travis,Bailey,perkinsmicheal@example.org,(532)680-9448x5862,48,Batna,2023-06-14,Premium,794.0,16579.26,
CUST_00703,Rachael,Long,shannon79@example.net,+1-686-732-1061x33943,20,Sidi Bel Abbès,2023-01-10,Basic,623.0,2516.3900000000003,
CUST_00704,Connie,Knight,jay04@example.org,425.937.6576,33,Sidi Bel Abbès,2024-07-18,Basic,653.0,3454.3700000000003,
CUST_00705,Justin,Hatfield,chrisrodriguez@example.org,4903040476,37,Algiers,2023-12-20,Standard,607.0,5784.549999999999,
CUST_00706,Debbie,Maddox,charles60@example.com,001-301-542-4731x07201,18,Sidi Bel Abbès,2025-06-22,Standard,437.0,0.0,
CUST_00707,Bethany,Grant,andrew97@example.org,001-223-216-6007x6762,42,Oran,2025-09-28,Standard,552.0,12096.869999999999,
CUST_00708,Nancy,Mckinney,rharris@example.org,+1-743-337-0096x87304,30,Tlemcen,2023-12-19,Standard,470.0,13591.18,
CUST_00709,Lori,Stephens,donna58@example.net,(755)662-9657,27,Constantine,2025-04-22,Premium,670.0,3193.08,
CUST_00710,Karen,Simpson,bward@example.org,+1-442-755-7782x058,18,Biskra,2024-10-05,Standard,789.0,0.0,
CUST_00711,Julie,Rosales,tiffanysparks@example.net,(416)518-8081x9048,18,Batna,2024-05-01,Basic,614.0,3427.2200000000003,
CUST_00712,Mark,Copeland,amy68@example.net,(939)456-1372x3081,35,Oran,2024-12-12,Standard,,14340.17,
CUST_00713,Kristopher,Campos,marcia81@example.org,6009413211,32,Oran,2024-02-17,Standard,360.0,17014.44,
CUST_00714,Michael,Powell,,(999)879-9070x75504,44,Biskra,2025-03-04,Basic,462.0,5900.0,
CUST_00715,Roberto,Matthews,stacy70@example.com,3719748113,42,Sétif,2025-02-09,Standard,658.0,26188.32,
CUST_00716,John,Riggs,morrisangela@example.net,439.961.0290x871,49,Blida,2024-12-15,Standard,690.0,10745.77,
CUST_00717,Paul,Buckley,kingdavid@example.net,527.942.0495x6121,49,Sidi Bel Abbès,2023-08-11,Standard,491.0,5618.66,
CUST_00718,Paul,Garner,kelseywilliams@example.org,459.473.7112,40,Tlemcen,2024-07-20,Basic,733.0,2447.51,
CUST_00719,Samuel,Richardson,hsmith@example.net,(381)667-0468x611,26,Batna,2024-04-15,Basic,730.0,7607.410000000001,
CUST_00720,William,Sanchez,davidmartin@example.net,(437)885-8471,35,Oran,2024-07-17,Standard,512.0,1788.35,
CUST_00721,Jesse,Hernandez,juliemyers@example.com,6804184980,43,Batna,2025-08-17,Premium,434.0,22839.800000000003,
CUST_00722,Michelle,Solis,elizabethmendoza@example.org,426-388-1228,23,Sidi Bel Abbès,2024-05-27,Premium,812.0,5024.5,
CUST_00723,vanessa,Knight,courtneygutierrez@example.net,(834)960-6056x035,40,Tlemcen,2025-05-16,Standard,610.0,13244.84,
CUST_00724,Jeffrey,Solomon,ymendez@example.net,(323)498-4716x90618,23,Algiers,2023-12-21,Standard,701.0,6399.83,
CUST_00725,Phillip,Marshall,kevin89@example.com,378-976-9899x9275,23,Batna,2024-06-17,Basic,595.0,6467.59,
CUST_00726,Christina,Brown,sarah49@example.net,755.839.3543,37,Blida,2023-08-28,Standard,759.0,11460.07,
CUST_00727,Rodney,Hopkins,leahbarker@example.org,+1-758-485-3798x21433,64,Sidi Bel Abbès,2023-12-27,Standard,622.0,2034.22,
CUST_00728,Peter,Love,jmedina@example.com,+1-914-616-8601x347,18,Biskra,2024-07-25,Standard,591.0,5641.76,
CUST_00729,James,Williams,ffuller@example.net,776-265-1221,44,ALGIERS,2025-05-28,Standard,731.0,4613.8099999999995,
CUST_00730,Joshua,Dunn,david16@example.org,8905015944,18,Annaba,2023-07-11,Standard,563.0,9304.67,
CUST_00731,Cassandra,Walton,mary20@example.net,001-453-326-3890,66,Tlemcen,2025-01-31,Standard,709.0,2291.5,
CUST_00732,Tiffany,Nelson,pmartinez@example.com,237.592.2341,37,Blida,2024-03-02,Standard,622.0,6531.2,
CUST_00733,Michelle,Atkinson,glewis@example.org,(777)726-9608x43768,37,Algiers,2024-05-11,Standard,695.0,3261.3599999999997,
CUST_00734,Christina,Massey,nathanwarner@example.net,001-562-863-3556x434,53,Tlemcen,2025-06-30,Standard,682.0,6860.96,
CUST_00735,Susan,Parks,debbiebrown@example.net,9698556076,38,Oran,2024-03-05,Standard,645.0,995.0499999999998,
CUST_00736,Michael,Adams,timothy23@example.net,+1-289-683-0650x3121,35,Oran,2024-06-09,Standard,723.0,9076.4,
CUST_00737,Jonathan,Hernandez,micheleramirez@example.org,264.428.1319,27,Blida,2024-07-04,Standard,673.0,25835.72,
CUST_00738,Sheri,Jacobson,andreali@example.net,001-411-414-2817x852,47,Annaba,2025-03-23,Standard,523.0,27322.71,
CUST_00739,Mark,Jackson,william08@example.net,7626207223,33,Sidi Bel Abbès,2023-08-08,Standard,664.0,9834.34,
CUST_00740,gregory,Rodriguez,fernandoobrien@example.org,862-904-7876,38,Biskra,2023-12-04,Standard,595.0,6867.04,
CUST_00741,Catherine,Higgins,,(687)320-3195,35,Tlemcen,2025-07-29,Standard,745.0,5696.91,
CUST_00742,patrick,Evans,edwardsjames@example.org,462.279.2463,35,Annaba,2025-07-29,Standard,612.0,1144.05,
CUST_00743,Johnny,Ross,nwatson@example.com,(760)932-1450,25,Sétif,2025-07-11,Premium,562.0,5665.3,
CUST_00744,Monica,Miller,michael88@example.com,2713553482,33,Constantine,2025-02-04,Standard,558.0,17947.95,
CUST_00745,Anna,Brown,crystalwatson@example.com,(959)975-9545x0891,53,Sétif,2025-02-25,Standard,588.0,16898.4,
CUST_00746,Barry,Maxwell,lutzeric@example.com,674-222-3196x46300,39,Constantine,2023-06-13,Standard,623.0,12859.99,
CUST_00747,ashley,Butler,ronaldcarroll@example.org,4129047137,34,Oran,2023-02-07,Basic,575.0,10128.95,
CUST_00748,Steve,Lam,melissa49@example.net,+1-555-582-9849,26,Algiers,2024-03-01,Standard,745.0,7835.05,
CUST_00749,Joseph,Case,,741-828-3337x2188,28,Sétif,2024-02-14,Standard,540.0,11758.74,
CUST_00750,Mark,Miller,,250-766-6267,21,Batna,2023-03-21,Standard,808.0,9962.92,
CUST_00751,Joe,Koch,zreilly@example.net,466.734.3925,29,Tlemcen,2023-12-30,Standard,519.0,6636.6900000000005,
CUST_00752,Christopher,Miller,hernandezroy@example.org,001-320-207-2024x559,33,Constantine,2025-07-17,Standard,837.0,2245.73,
CUST_00753,Mark,Williams,mcneilchristina@example.org,(367)614-9498,-1,Constantine,2023-01-22,Standard,613.0,30517.989999999998,
CUST_00754,Catherine,Green,crawfordjeffrey@example.com,6658277584,25,Sétif,2025-04-14,Premium,686.0,4395.9,
CUST_00755,Joe,Rollins,elizabeth33@example.com,(920)410-9121,27,Constantine,2025-01-12,Basic,699.0,16047.97,
CUST_00756,Justin,Cook,beth76@example.com,889-543-7052,30,Batna,2023-01-23,Standard,429.0,12418.650000000001,
CUST_00757,Anthony,Farrell,,(357)925-6592x0246,33,Batna,2023-04-23,Basic,680.0,8695.57,
CUST_00758,Nicole,Allen,mkrueger@example.net,(260)305-5955,30,Sidi Bel Abbès,2025-03-06,Premium,724.0,4156.91,
CUST_00759,Tanya,Harris,marvinhopkins@example.net,001-684-986-8999x3607,20,Algiers,2023-09-19,Basic,655.0,9710.08,
CUST_00760,Andrew,Lawrence,wellsnatalie@example.com,+1-693-859-3744x039,52,Blida,2022-11-16,Basic,618.0,7522.18,
CUST_00761,Jermaine,Walker,aallen@example.com,2149886084,30,Tlemcen,2023-07-03,Standard,591.0,52226.6,
CUST_00762,Donna,Roberts,wyattsara@example.com,+1-552-983-0615,18,Algiers,2023-03-01,Basic,747.0,11251.289999999999,
CUST_00763,Sarah,Simon,dianepowers@example.com,(363)325-1448,48,Constantine,2025-06-26,Standard,721.0,25539.989999999998,
CUST_00764,Melissa,Smith,camerontownsend@example.com,(317)951-8878,29,Tlemcen,2023-09-13,Basic,508.0,11681.32,
CUST_00765,Christopher,Mccormick,gregory38@example.com,001-709-211-2252x8837,33,Batna,2025-06-04,Standard,658.0,11535.07,
CUST_00766,Laura,Reynolds,,+1-279-913-7876x5530,23,Annaba,2022-11-16,Standard,638.0,19521.17,
CUST_00767,Michael,Huerta,deborah60@example.com,712.319.8819x277,29,Tlemcen,2025-04-18,Standard,777.0,6592.24,
CUST_00768,Kristi,Little,larryshort@example.com,7108424624,18,Oran,2025-10-15,Standard,626.0,8927.29,
CUST_00769,Michael,Jimenez,richard04@example.com,(312)689-9151,51,Batna,2023-10-26,Standard,828.0,5812.71,
CUST_00770,David,Ray,halljoshua@example.net,001-381-789-8484x16046,32,Blida,2025-02-01,Standard,759.0,8550.83,
CUST_00771,Derrick,Davis,rodriguezthomas@example.com,(468)314-2983x152,28,Algiers,2024-04-10,Basic,637.0,20267.36,
CUST_00772,Jessica,Martinez,veronicasmith@example.net,693-778-3063x963,18,Constantine,2024-01-29,Standard,583.0,8848.43,
CUST_00773,Brittany,Bartlett,joseph91@example.net,(349)570-1693x42929,30,Constantine,2024-12-30,Basic,700.0,3066.5299999999997,
CUST_00774,jerry,Wright,simongabriella@example.org,341.790.3106,18,Annaba,2024-03-15,Premium,683.0,13626.34,
CUST_00775,Dylan,Wong,meltonmark@example.com,(684)873-2365x3377,21,Algiers,2023-08-15,Standard,567.0,6589.85,
CUST_00776,Ryan,Moore,goodmanalice@example.org,(714)624-4260x78197,51,Annaba,2024-03-18,Basic,603.0,10887.8,
CUST_00777,Haley,Hill,rstuart@example.org,637.720.3763x8821,18,Biskra,2023-08-18,Basic,621.0,8460.529999999999,
CUST_00778,Corey,Atkins,julie01@example.net,434-943-8998,25,Biskra,2022-11-15,Standard,603.0,9874.84,
CUST_00779,Susan,Murphy,abradley@example.com,821.746.4493,18,Oran,2024-01-02,Standard,549.0,21297.39,
CUST_00780,Colleen,Zamora,,001-838-257-3680x11923,-1,Annaba,2024-04-06,Premium,730.0,21424.659999999996,
CUST_00781,Amanda,Rodgers,beckertheresa@example.com,001-323-633-5104x096,36,Tlemcen,2025-07-14,Standard,411.0,4185.65,
CUST_00782,Patricia,Davis,cheryldavis@example.com,+1-783-307-4820x736,43,Oran,2024-05-17,Standard,447.0,3841.74,
CUST_00783,Jerome,Johnston,simmonsmichael@example.com,001-478-520-1904x32230,36,Annaba,2023-06-16,Standard,559.0,4599.54,
CUST_00784,Kenneth,Brown,iperez@example.org,835-246-2127,-1,Constantine,2023-12-27,Standard,528.0,36168.3,
CUST_00785,Amanda,Cohen,wrodriguez@example.org,712.961.6324,47,Constantine,2025-05-08,Standard,624.0,12202.619999999999,
CUST_00786,Brooke,Guerrero,stephaniecoleman@example.net,945.349.3036x468,20,Tlemcen,2023-03-18,Standard,792.0,8933.52,
CUST_00787,Heather,Lester,,+1-576-492-0828,18,Annaba,2025-08-03,Standard,683.0,32653.7,
CUST_00788,William,Lawson,allenandrea@example.com,581.344.5822x06732,30,Biskra,2023-04-23,Premium,645.0,12050.710000000001,
CUST_00789,Scott,Henderson,rojasmarc@example.org,+1-345-500-0000x15291,53,Sidi Bel Abbès,2025-09-21,Premium,775.0,4220.96,
CUST_00790,Corey,Bowers,brian90@example.net,(455)361-8444,28,BISKRA,2025-04-20,Standard,547.0,12463.490000000002,
CUST_00791,Caroline,Ray,hmitchell@example.org,(224)889-0567,39,Sidi Bel Abbès,2022-12-10,Basic,708.0,8080.49,
CUST_00792,Carol,Smith,nina65@example.net,615-584-8266x91362,33,Batna,2023-12-22,Standard,761.0,2059.0,
CUST_00793,Brandon,Collins,kristenbennett@example.org,+1-907-706-3369,52,Algiers,2025-03-07,Basic,630.0,10186.56,
CUST_00794,Kimberly,Benton,,664-481-8804,60,Biskra,2025-09-16,Basic,603.0,5941.679999999999,
CUST_00795,Vernon,Galvan,nicholasgallagher@example.net,+1-616-843-2126x9428,31,Blida,2023-05-04,Standard,674.0,3737.49,
CUST_00796,John,Barnes,michealhardy@example.net,(631)244-1706x46255,32,Constantine,2024-01-27,Standard,532.0,17359.75,
CUST_00797,Jeremy,Lowe,amy24@example.org,001-201-576-4644x8988,19,Oran,2023-12-20,Standard,655.0,11495.99,
CUST_00798,Angela,Mason,mariahill@example.net,(579)505-0404,25,Annaba,2023-06-28,Basic,670.0,9934.2,
CUST_00799,Kathy,Kelly,brenda16@example.net,321.211.9787,44,TLEMCEN,2025-10-16,Standard,649.0,2708.03,
CUST_00800,John,Davis,travistaylor@example.net,830-260-1198x75617,39,Algiers,2025-08-07,Standard,646.0,0.0,
CUST_00801,Jason,Johnson,,982-998-0365,18,Blida,2025-01-19,Standard,695.0,19784.03,
CUST_00802,mackenzie,Carlson,nrangel@example.net,365.395.2014,39,Biskra,2024-10-12,Premium,518.0,9173.89,
CUST_00803,Bailey,Rodriguez,jeremiah68@example.com,509-926-3223x99821,24,Blida,2023-11-14,Standard,583.0,26149.37,
CUST_00804,Robert,Davis,dominguezmeredith@example.com,(988)860-5053,26,Sétif,2024-03-03,Standard,683.0,7288.460000000001,
CUST_00805,krystal,Williams,wilsondavid@example.org,3302835669,44,Sétif,2023-04-29,Basic,586.0,27885.23,
CUST_00806,Stanley,Flores,corythompson@example.org,955-806-8826x917,-1,Biskra,2024-10-17,Basic,628.0,15545.9,
CUST_00807,Douglas,Clark,kelly01@example.org,880-287-3543x7882,46,Annaba,2023-07-26,Premium,727.0,12472.5,
CUST_00808,Nicholas,Ramsey,garciamitchell@example.net,001-409-208-5991x449,35,Sidi Bel Abbès,2025-11-03,Standard,664.0,3557.56,
CUST_00809,Brandi,Martin,kwang@example.com,001-548-499-7184x28596,32,Batna,2024-07-23,Standard,696.0,17185.559999999998,
CUST_00810,kelly,Barton,ashley32@example.org,223-842-6698,49,Tlemcen,2024-12-17,Standard,635.0,2825.15,
CUST_00811,Veronica,Kennedy,,5727348389,47,Tlemcen,2025-08-03,Basic,792.0,14962.869999999999,
CUST_00812,Debra,Roach,dianehoffman@example.org,805-761-2996x5082,47,Biskra,2024-11-22,Standard,641.0,16899.86,
CUST_00813,Ryan,Adams,wberry@example.com,+1-713-308-7612x3859,25,Blida,2025-05-24,Basic,627.0,2219.54,
CUST_00814,Kimberly,Ross,johnhogan@example.com,340.202.7300x86966,42,Oran,2025-05-13,Standard,700.0,6845.4,
CUST_00815,Kathryn,Gordon,millerjames@example.net,200-916-8094x14915,18,Sétif,2025-03-08,Standard,610.0,14210.44,
CUST_00816,Michelle,Boyd,omay@example.org,6538440777,28,Constantine,2023-01-14,Standard,632.0,10187.3,
CUST_00817,Sherri,Mcclure,,(892)250-8177,59,Constantine,2024-07-23,Basic,665.0,4741.16,
CUST_00818,Sarah,Jones,andrew88@example.com,733-437-3125,60,Annaba,2023-11-24,Standard,678.0,4965.42,
CUST_00819,Susan,Rodriguez,marshalljamie@example.org,+1-911-992-0613x63852,45,Biskra,2024-08-01,Standard,682.0,9253.86,
CUST_00820,Michael,Martinez,sethvance@example.net,244-390-2950x2648,49,Sétif,2023-09-09,Premium,650.0,13714.0,
CUST_00821,Wanda,Young,evelyncollier@example.com,981.427.7822x1021,33,Oran,2024-09-30,Standard,604.0,30337.07,
CUST_00822,Jose,Arias,ijackson@example.com,001-779-873-6383x1828,23,Algiers,2023-11-17,Standard,559.0,2161.02,
CUST_00823,Ashley,Cole,vasquezjacqueline@example.net,001-266-717-7067x3682,40,Algiers,2023-12-29,Standard,506.0,15839.529999999999,
CUST_00824,Douglas,Hopkins,henrysoto@example.com,+1-321-465-0587x14692,34,Oran,2025-10-22,Standard,595.0,12084.68,
CUST_00825,Dominic,Bradley,cfischer@example.net,001-284-436-9984,-1,Constantine,2025-07-16,Premium,648.0,4546.22,
CUST_00826,Benjamin,Rivera,beanheather@example.org,+1-386-394-8424x95988,39,Blida,2023-11-27,Standard,532.0,5129.349999999999,
CUST_00827,Connie,Romero,dominguezscott@example.com,(438)267-6738,64,Tlemcen,2024-03-21,Basic,693.0,10401.91,
CUST_00828,Omar,Miller,ballelizabeth@example.com,498.776.8299x6872,35,Biskra,2024-08-05,Standard,477.0,2250.89,
CUST_00829,Troy,Brady,erin06@example.net,(735)904-0566,58,Tlemcen,2022-12-23,Basic,675.0,5428.82,
CUST_00830,Emily,Jackson,kimberlycooper@example.com,642-486-7963x259,18,Annaba,2024-10-06,Standard,604.0,3651.3,
CUST_00831,Dean,Patel,kristine33@example.net,001-715-962-4152,26,Constantine,2025-08-09,Premium,631.0,8794.11,
CUST_00832,Matthew,Jackson,richardlawrence@example.net,858.795.1381,20,Batna,2022-12-10,Standard,694.0,5926.9,
CUST_00833,Debbie,Stone,jherring@example.com,6953744303,46,Biskra,2025-05-03,Standard,655.0,7984.1900000000005,
CUST_00834,Charles,Collier,kgeorge@example.org,585.893.4015,18,Blida,2023-02-16,Basic,783.0,13443.57,
CUST_00835,Kelly,Rodriguez,james32@example.com,+1-636-478-1367x500,47,Oran,2023-09-18,Standard,521.0,5210.27,
CUST_00836,Kayla,Miller,gregory69@example.net,298-678-0927,40,Batna,2023-04-03,Standard,578.0,8993.44,
CUST_00837,Megan,Rose,richard25@example.net,001-466-905-9867x87442,37,Batna,2024-05-24,Standard,649.0,5661.09,
CUST_00838,Tonya,Barry,amber59@example.com,(759)242-8249x116,29,Constantine,2025-08-30,Standard,746.0,2310.29,
CUST_00839,Adam,Williams,lauriewatson@example.org,001-531-232-1551,30,Batna,2023-11-19,Standard,720.0,3348.21,
CUST_00840,Arthur,Harris,,944-448-8966,-1,Sidi Bel Abbès,2025-10-02,Basic,659.0,36330.979999999996,
CUST_00841,Hannah,Zuniga,,001-546-420-2582x5431,37,BISKRA,2025-04-15,Standard,703.0,1711.67,
CUST_00842,Daniel,Anderson,martinezcatherine@example.net,5498106018,57,BLIDA,2024-05-01,Standard,766.0,10298.2,
CUST_00843,James,Tran,andrew27@example.com,417.822.5775x45847,19,Constantine,2025-06-14,Basic,,13666.79,
CUST_00844,Sheri,Nguyen,dixonkimberly@example.net,001-476-383-1608x2717,19,Sidi Bel Abbès,2024-12-04,Standard,594.0,1432.04,
CUST_00845,James,Cobb,sararios@example.org,8524229993,31,Oran,2025-01-23,Basic,600.0,7932.82,
CUST_00846,Lauren,Sandoval,bowmanjoel@example.net,(732)655-3983,33,Blida,2024-02-12,Basic,702.0,27875.39,
CUST_00847,Tracy,Newman,zrobinson@example.com,930-295-4497x9127,40,Constantine,2024-07-29,Standard,682.0,8756.09,
CUST_00848,Scott,Martin,john97@example.net,313.475.2988x3220,36,Batna,2024-01-21,Basic,606.0,1067.73,
CUST_00849,Krystal,Roy,glenware@example.com,001-787-497-8889x75358,27,Annaba,2024-10-10,Standard,599.0,10124.33,
CUST_00850,Preston,Brown,harrisjoshua@example.com,761.499.5171,47,Annaba,2025-06-24,Basic,619.0,8415.58,
CUST_00851,Ashley,Mcfarland,johnsonedward@example.net,(595)201-4374,18,Tlemcen,2025-05-02,Standard,726.0,11225.42,
CUST_00852,Rhonda,Ray,rmiller@example.net,919.812.6022x1321,35,Sidi Bel Abbès,2025-02-13,Standard,624.0,9257.64,
CUST_00853,Donald,Wilson,wilsonpatrick@example.org,(920)519-0725,33,Annaba,2025-08-22,Standard,571.0,12942.97,
CUST_00854,Julie,Lewis,ashley66@example.com,680.427.4812,31,Oran,2023-02-18,Standard,652.0,36209.53,
CUST_00855,Andrew,Hansen,igarrett@example.com,2955229462,18,Batna,2025-11-06,Standard,628.0,3378.74,
CUST_00856,Michael,James,cochranjill@example.org,599.952.9701,58,Oran,2023-04-16,Standard,551.0,13225.28,
CUST_00857,James,Mcconnell,amber64@example.org,804.312.0270,19,Batna,2024-09-15,Basic,737.0,15800.71,
CUST_00858,Timothy,Grant,bruce99@example.org,316.769.0632x248,18,Batna,2023-08-25,Standard,558.0,6105.42,
CUST_00859,Michelle,Carey,walkerjennifer@example.com,9307109567,29,SÉTIF,2025-07-17,Standard,612.0,6978.1,
CUST_00860,Kyle,Brown,,(246)323-4712x476,51,Algiers,2024-07-12,Standard,657.0,15803.6,
CUST_00861,Kayla,Robles,williamsanthony@example.net,(283)317-6417x26808,39,Batna,2024-03-16,Standard,702.0,6828.46,
CUST_00862,Eddie,Johnson,mccannjanet@example.com,938-506-7130,29,Batna,2023-02-07,Standard,803.0,19128.29,
CUST_00863,Brandon,Berg,tara47@example.com,462.713.0096,18,Biskra,2025-06-10,Basic,613.0,8632.01,
CUST_00864,Erica,Griffin,fcarlson@example.org,418.905.3396,34,Blida,2025-05-18,Standard,571.0,12393.26,
CUST_00865,Pamela,Kim,christianrichards@example.net,827.300.0466,27,Blida,2025-10-04,Standard,756.0,12178.26,
CUST_00866,Courtney,Johnson,popebrent@example.net,671.240.0493x8819,65,Batna,2023-08-12,Standard,823.0,2912.07,
CUST_00867,Whitney,Jones,bobbybishop@example.net,5943976987,60,Annaba,2024-04-02,Basic,607.0,12807.5,
CUST_00868,Scott,Martinez,jreyes@example.net,616-561-2374x0779,36,Annaba,2025-05-10,Standard,817.0,6645.87,
CUST_00869,Kathleen,Kim,jillianrasmussen@example.net,001-394-699-1970,55,Constantine,2025-07-07,Standard,658.0,6111.1,
CUST_00870,Melanie,Sosa,anthonymcdonald@example.net,382.511.6020x418,19,Batna,2024-12-01,Premium,648.0,6910.96,
CUST_00871,Karen,Duncan,hlester@example.org,608.489.4801x864,39,Constantine,2025-02-19,Basic,638.0,5650.63,
CUST_00872,Shannon,Beard,alejandra39@example.com,957.308.2004x80675,32,CONSTANTINE,2025-05-22,Standard,614.0,17198.07,
CUST_00873,Omar,Miller,pdavis@example.net,428-979-4296,-1,Sétif,2024-08-07,Standard,753.0,7617.28,
CUST_00874,Yolanda,Conrad,dbeck@example.com,3957314196,40,Sétif,2022-12-30,Premium,690.0,15281.31,
CUST_00875,Rachel,May,tonycraig@example.net,+1-883-456-5179,44,Blida,2024-10-13,Premium,645.0,4200.84,
CUST_00876,Nicole,Howe,mary66@example.net,449.360.4784,31,Sidi Bel Abbès,2022-11-24,Standard,643.0,12639.21,
CUST_00877,Ann,Garcia,ernestmahoney@example.net,001-536-248-8208x93486,40,Sétif,2023-04-11,Basic,621.0,18420.15,
CUST_00878,Jonathan,Mendoza,,5917141319,55,Tlemcen,2024-10-13,Standard,616.0,9121.33,
CUST_00879,Frank,Hoover,jenniferrodriguez@example.org,760.252.3045x8816,34,Constantine,2023-12-11,Basic,839.0,8482.15,
CUST_00880,Stephanie,Christensen,hthomas@example.net,865-803-4409,47,Oran,2024-04-10,Standard,575.0,4345.099999999999,
CUST_00881,Joy,Mosley,bartondavid@example.com,+1-389-680-8806x782,48,Oran,2024-03-11,Premium,699.0,3942.4199999999996,
CUST_00882,Robert,Abbott,cobbmary@example.net,(566)848-6989,52,Tlemcen,2024-07-06,Standard,570.0,2067.73,
CUST_00883,Larry,Hunter,haley15@example.com,001-445-201-1929,43,Sidi Bel Abbès,2025-11-06,Basic,797.0,21711.7,
CUST_00884,John,Mcfarland,bellchad@example.org,(603)798-8636x53621,31,Batna,2024-08-30,Standard,603.0,13831.53,
CUST_00885,Nicholas,Smith,wheelerdenise@example.com,(848)694-2046,19,Biskra,2024-09-14,Standard,568.0,4456.37,
CUST_00886,Ryan,Jenkins,kristina42@example.org,556-557-7580x9745,24,Biskra,2025-04-12,Basic,718.0,6445.2699999999995,
CUST_00887,Anthony,Anderson,jonathan66@example.org,+1-226-254-0165x9953,42,Sétif,2023-05-06,Basic,744.0,7108.66,
CUST_00888,Jacob,Thompson,herbert76@example.com,001-474-662-5916x011,58,Oran,2023-02-21,Standard,605.0,5694.139999999999,
CUST_00889,Renee,Christian,,9804179867,45,Annaba,2025-06-27,Standard,615.0,5581.84,
CUST_00890,Gerald,Larson,scott04@example.com,(264)526-1212,31,Biskra,2023-08-14,Standard,770.0,194.54,
CUST_00891,Jill,Wilkerson,jeremy59@example.net,(380)578-5254x8242,44,Biskra,2023-11-02,Standard,544.0,6730.400000000001,
CUST_00892,Jon,Robles,brandon64@example.com,+1-654-975-2311x2327,-1,Tlemcen,2025-01-23,Standard,9999.0,1510.77,
CUST_00893,Tonya,Hayes,pduran@example.net,227-220-3886x2175,24,Oran,2024-09-06,Premium,346.0,7691.39,
CUST_00894,Paul,Wright,scottjennifer@example.org,5697358824,18,Annaba,2025-07-04,Standard,666.0,9393.97,
CUST_00895,Alexander,Hodge,robertsonjennifer@example.com,778.648.1652x444,37,Blida,2024-02-23,Standard,478.0,6768.69,
CUST_00896,Margaret,Clark,haley79@example.net,478.910.5391,32,Biskra,2024-05-26,Basic,766.0,5230.54,
CUST_00897,Jonathan,Ryan,klara@example.net,(698)982-9045x79271,25,Constantine,2023-08-17,Premium,703.0,10523.220000000001,
CUST_00898,Jesse,Patrick,lpage@example.com,(538)339-7283,28,Constantine,2025-10-16,Standard,459.0,14999.66,
CUST_00899,Tricia,Keller,kjohnson@example.net,428.380.9832,50,Algiers,2025-04-24,Premium,538.0,9336.75,
CUST_00900,Alexis,Hall,smithheather@example.com,266.310.0898x761,28,Blida,2023-06-07,Standard,433.0,3360.86,
CUST_00901,Patrick,Davis,loweryjoe@example.net,753-619-8074x6823,44,Sétif,2025-06-18,Basic,498.0,2793.7999999999997,
CUST_00902,Brianna,Collier,johnsonjames@example.org,262.205.4596x715,33,Sétif,2024-02-29,Standard,612.0,298.44,
CUST_00903,Penny,Price,christopher06@example.com,611-934-0785x1699,39,Algiers,2024-06-06,Basic,815.0,8016.91,
CUST_00904,Alexis,Mejia,russellkelley@example.com,+1-826-989-9962,25,Algiers,2024-06-12,Standard,656.0,11273.06,
CUST_00905,Amber,Grant,,+1-979-815-0596x2571,42,Algiers,2024-12-10,Standard,665.0,8468.63,
CUST_00906,Joel,Johnson,andersonnicole@example.com,789.482.6041x809,32,Oran,2025-03-20,Basic,708.0,35656.33,
CUST_00907,Michael,Dixon,murraystephen@example.net,427-646-9211,19,ORAN,2024-09-08,Standard,519.0,7969.650000000001,
CUST_00908,Brittany,Case,kadams@example.org,+1-375-789-1704x542,51,Blida,2023-12-25,Basic,781.0,35587.22,
CUST_00909,Martha,Williams,ichan@example.org,001-322-857-0900,18,Annaba,2025-08-22,Standard,713.0,2909.3199999999997,
CUST_00910,Rachel,Ortiz,stevensjason@example.org,972-482-8954x001,33,Constantine,2024-12-05,Standard,597.0,4127.16,
CUST_00911,Jennifer,Allen,victoriajones@example.net,001-450-971-0580x11950,28,Oran,2025-10-22,Standard,698.0,6084.139999999999,
CUST_00912,Diane,Edwards,cmiller@example.net,(737)209-2300x716,34,Algiers,2025-09-25,Standard,414.0,2348.81,
CUST_00913,Jonathan,Haynes,wileyaudrey@example.com,+1-554-832-9876,42,Batna,2023-04-05,Standard,706.0,2743.3999999999996,
CUST_00914,Jonathan,Frye,gutierrezjessica@example.net,001-282-473-4813x1045,40,Batna,2025-03-10,Basic,730.0,10403.73,
CUST_00915,Elizabeth,Powell,,001-857-248-3526x8064,46,Sétif,2024-03-16,Basic,480.0,27957.1,
CUST_00916,Brianna,Robinson,patricia88@example.org,+1-242-753-6462,34,Batna,2023-01-09,Premium,615.0,9576.779999999999,
CUST_00917,Lisa,Mcintosh,longshane@example.com,(715)762-3920x908,64,Oran,2022-12-28,Standard,733.0,14092.04,
CUST_00918,Cristina,Collins,wadecarol@example.org,411-778-6190,41,BLIDA,2024-12-22,Basic,535.0,5761.84,
CUST_00919,Sean,Price,garyjohnson@example.net,+1-753-754-1201x227,43,Algiers,2022-11-23,Basic,553.0,5060.04,
CUST_00920,Michelle,Malone,millerdaniel@example.org,001-325-994-7950x7407,35,Annaba,2025-05-25,Standard,573.0,1983.09,
CUST_00921,Steven,Pierce,jeanette95@example.net,6312006493,24,Annaba,2024-12-07,Basic,498.0,8064.46,
CUST_00922,Beth,Smith,david03@example.com,3895411849,37,Batna,2025-07-04,Basic,9999.0,16274.720000000001,
CUST_00923,Christina,Thompson,michael35@example.net,001-852-905-6100,18,Tlemcen,2025-09-07,Standard,581.0,12500.15,
CUST_00924,Alexander,Smith,jhahn@example.org,686-477-4037,25,Annaba,2024-11-06,Standard,596.0,312.32,
CUST_00925,Ashley,Roberts,michelle00@example.com,576.825.5032x5017,28,Batna,2023-08-18,Premium,597.0,6637.29,
CUST_00926,Rachel,White,stevensjonathan@example.net,3292233451,21,Algiers,2024-07-30,Standard,738.0,10331.47,
CUST_00927,Dawn,Stafford,kellyadam@example.net,+1-868-843-0211,26,Sidi Bel Abbès,2023-07-11,Standard,720.0,9554.31,
CUST_00928,Derek,Pennington,peggy57@example.com,001-498-887-5921x29964,41,Algiers,2023-07-23,Basic,527.0,0.0,
CUST_00929,Megan,Barnes,lauradyer@example.org,255.982.1477x092,61,Oran,2023-02-19,Basic,443.0,11681.44,
CUST_00930,max,Martin,whiteryan@example.org,992-215-8189,32,Batna,2024-07-23,Standard,664.0,2462.6800000000003,
CUST_00931,Ryan,Mejia,xlewis@example.com,+1-381-895-9772,44,Biskra,2024-05-31,Standard,662.0,577.27,
CUST_00932,Jeanne,Christensen,sally78@example.net,+1-631-786-9289x728,43,Blida,2025-06-18,Standard,732.0,26847.809999999998,
CUST_00933,Diane,Cowan,garywebster@example.org,5024839482,44,Constantine,2023-01-15,Standard,813.0,13322.72,
CUST_00934,Christopher,Ramirez,diana28@example.net,216-459-9302,33,Algiers,2024-10-06,Standard,795.0,5199.7,
CUST_00935,Tiffany,Hill,jefferyanderson@example.net,875.721.3530x281,44,Algiers,2024-02-01,Basic,558.0,10657.74,
CUST_00936,Randy,Smith,cooperlaura@example.org,277.456.9198x321,49,Tlemcen,2023-02-18,Standard,474.0,2373.75,
CUST_00937,Felicia,Hess,harrisonnicholas@example.net,6293831043,-1,Tlemcen,2024-01-10,Standard,718.0,4855.83,
CUST_00938,Francis,Bradley,sheilabarnes@example.org,305.868.5667x06362,28,Batna,2023-12-13,Standard,566.0,13228.489999999998,
CUST_00939,Kevin,Mitchell,kevin07@example.com,(434)993-3965x0496,18,Annaba,2023-04-02,Standard,799.0,7528.27,
CUST_00940,Gary,Taylor,davistanya@example.com,262.958.5421,47,Tlemcen,2025-09-18,Premium,551.0,11823.02,
CUST_00941,Christine,Singh,phernandez@example.net,919-496-4338x5324,22,BATNA,2024-11-11,Standard,613.0,25418.61,
CUST_00942,Michael,Young,joseharris@example.org,001-931-815-8760x545,23,Tlemcen,2024-11-20,Basic,,3847.82,
CUST_00943,Victor,Flynn,umatthews@example.com,001-853-353-6597x4669,42,Sétif,2023-06-28,Premium,850.0,8874.77,
CUST_00944,juan,Miller,justin08@example.net,8954948152,34,Batna,2025-03-23,Standard,551.0,32835.630000000005,
CUST_00945,Nathan,James,megan21@example.org,4748235914,25,Oran,2025-08-30,Standard,531.0,15873.789999999999,
CUST_00946,Justin,Cuevas,debra93@example.org,(861)545-4307,50,Sidi Bel Abbès,2023-07-17,Basic,570.0,9882.68,
CUST_00947,Susan,Becker,johnsondebbie@example.net,978-352-2115,55,Biskra,2023-09-15,Premium,701.0,15391.75,
CUST_00948,Eric,Cox,jocelyn26@example.net,744.470.1732x086,34,Annaba,2025-07-30,Basic,513.0,3925.94,
CUST_00949,Steven,Anderson,,437.901.4005,18,Biskra,2023-01-19,Standard,712.0,12447.06,
CUST_00950,Sara,Richardson,johnsonsamantha@example.com,+1-522-314-2573x16094,33,Annaba,2025-02-25,Standard,707.0,19031.52,
CUST_00951,Allison,Burton,snyderfrank@example.org,813.469.5528,-1,Algiers,2024-08-31,Basic,9999.0,13423.02,
CUST_00952,Jacob,Barber,wbowers@example.org,001-459-253-3222x7393,30,BLIDA,2023-12-15,Standard,625.0,4388.11,
CUST_00953,Thomas,Steele,,(461)885-0761x08708,38,Tlemcen,2024-05-10,Standard,726.0,11746.68,
CUST_00954,Susan,Duran,mariagonzalez@example.org,507-412-6158,41,Oran,2025-10-03,Premium,475.0,9921.22,
CUST_00955,Trevor,Leon,wleblanc@example.com,+1-446-573-5742,45,Annaba,2025-10-23,Standard,641.0,8420.82,
CUST_00956,Toni,Thomas,samantharomero@example.net,494-442-5892,36,Batna,2024-01-29,Standard,600.0,4454.11,
CUST_00957,Nicholas,Nicholson,jason06@example.org,+1-273-911-8046x7413,41,Batna,2023-07-21,Standard,765.0,17384.43,
CUST_00958,Angelica,Torres,,+1-813-362-6084x63975,58,Batna,2025-01-20,Standard,722.0,3984.8599999999997,
CUST_00959,Krystal,Williams,john12@example.net,+1-315-816-4119x55640,30,Tlemcen,2025-10-26,Basic,543.0,2924.6899999999996,
CUST_00960,Brittany,Hayes,lhoward@example.org,402.304.2620x1971,37,Constantine,2023-10-14,Standard,654.0,3276.91,
CUST_00961,shelley,Duncan,nbullock@example.com,889.976.0987x312,24,Sidi Bel Abbès,2023-07-23,Standard,648.0,0.0,
CUST_00962,Lauren,Galloway,davidpearson@example.net,001-607-559-8897x86533,30,Oran,2024-09-02,Basic,668.0,5974.74,
CUST_00963,Crystal,Reyes,jacob89@example.net,823-612-0219x15057,28,Blida,2024-07-21,Premium,645.0,8675.28,
CUST_00964,Stephen,Dorsey,dsmith@example.org,(968)876-4486,54,Blida,2024-07-31,Basic,515.0,20494.23,
CUST_00965,Brittany,Mclean,barnesjames@example.com,(804)650-0635x53730,18,Tlemcen,2024-02-22,Standard,605.0,0.0,
CUST_00966,Jacob,Marshall,rodriguezcynthia@example.net,(429)763-5305x970,32,Batna,2023-03-12,Standard,549.0,30341.74,
CUST_00967,Allison,Ford,ronaldyoung@example.org,594-689-8959x65466,58,Batna,2025-02-15,Standard,539.0,3886.9,
CUST_00968,Nancy,Mcmahon,julie44@example.org,991-669-9939x3449,34,Annaba,2024-08-03,Premium,656.0,5583.03,
CUST_00969,Joseph,Ortiz,foxerica@example.net,001-982-523-0958x629,26,Tlemcen,2024-11-14,Standard,713.0,842.44,
CUST_00970,Amanda,Townsend,cory21@example.org,001-597-620-2170x75485,37,Sétif,2023-12-23,Standard,656.0,14651.82,
CUST_00971,Thomas,Richards,benjaminsmith@example.com,496-746-1293x900,38,Oran,2023-04-10,Standard,588.0,17282.02,
CUST_00972,Danny,Gross,zcook@example.com,596.335.9570x86199,36,Blida,2024-12-24,Standard,478.0,22419.11,
CUST_00973,Angela,Lopez,randy31@example.org,888.450.3423,39,Constantine,2022-12-18,Standard,477.0,6038.42,
CUST_00974,John,Collins,isaac63@example.net,204-237-9686,42,Biskra,2025-03-28,Premium,635.0,17251.269999999997,
CUST_00975,Vanessa,Curtis,ashleyramirez@example.net,5212774174,34,Blida,2023-06-27,Standard,591.0,470.17,
CUST_00976,Lucas,Moore,stacey22@example.net,+1-446-565-2752x332,62,Algiers,2023-04-10,Basic,612.0,9144.8,
CUST_00977,Dennis,Morales,lewisnatalie@example.org,8339467711,32,BATNA,2025-08-30,Premium,556.0,12109.77,
CUST_00978,Alex,Chase,kimberlylynch@example.com,001-653-902-4530x12398,29,Constantine,2023-07-27,Basic,636.0,6185.73,
CUST_00979,Jay,Moran,brandonfernandez@example.com,290-717-2224,38,Algiers,2024-03-07,Standard,631.0,10943.59,
CUST_00980,Natasha,Gutierrez,donna87@example.net,001-717-575-4619x92406,43,BISKRA,2025-06-25,Standard,552.0,19040.980000000003,
CUST_00981,Scott,Kramer,vfuller@example.net,822-659-0956,34,Blida,2025-08-10,Basic,491.0,10987.52,
CUST_00982,Jenny,Hernandez,toddburton@example.com,001-912-212-1101,18,Annaba,2024-12-14,Basic,549.0,10128.94,
CUST_00983,Toni,Tran,caldwellpatricia@example.org,607.740.3925x199,35,Constantine,2024-08-28,Standard,728.0,15633.600000000002,
CUST_00984,jill,Merritt,snydergerald@example.org,464.333.8722x0542,25,Sétif,2023-05-24,Standard,625.0,8666.33,
CUST_00985,Erin,Cohen,brittany63@example.org,001-908-733-4447x0488,50,Algiers,2023-09-04,Standard,483.0,8799.380000000001,
CUST_00986,Andrew,Martin,christina68@example.net,(519)453-7749x266,51,Tlemcen,2025-02-01,Basic,655.0,7269.11,
CUST_00987,Robert,Adams,,(725)392-0616,60,Constantine,2025-04-17,Standard,709.0,18060.769999999997,
CUST_00988,Dennis,Valdez,edwardmitchell@example.org,463-802-9559x63637,25,Constantine,2025-05-06,Standard,600.0,1997.5699999999997,
CUST_00989,Jennifer,Beck,bradbennett@example.com,+1-249-680-8513x31380,26,Tlemcen,2024-06-19,Standard,724.0,10206.569999999998,
CUST_00990,Melissa,Bush,calebday@example.org,(412)815-4815,61,Biskra,2024-02-12,Standard,538.0,20938.22,
CUST_00991,Victor,Morales,garciabrandi@example.net,948-980-6442x00629,37,Biskra,2024-04-21,Standard,582.0,2766.03,
CUST_00992,Marie,Meyer,slittle@example.com,001-441-496-2342x1926,42,Oran,2023-06-11,Basic,693.0,2419.73,
CUST_00993,Andre,Vaughn,,914.478.9117,18,Sétif,2024-08-17,Standard,623.0,19588.510000000002,
CUST_00994,Brooke,Austin,pearsonwillie@example.org,480-203-6660,21,Algiers,2022-11-17,Standard,460.0,7809.02,
CUST_00995,Sharon,Adkins,james63@example.org,2507524383,18,Biskra,2024-12-06,Premium,594.0,6691.82,
CUST_00996,Sara,Kirby,donnacunningham@example.net,5075686276,37,Constantine,2025-05-24,Standard,708.0,10957.67,
CUST_00997,Victoria,Clark,,861.685.1862x6713,18,Oran,2022-11-12,Premium,723.0,8684.19,
CUST_00998,Charles,Moore,jamesperez@example.net,(318)983-5279,22,Batna,2024-12-27,Premium,744.0,5591.21,
CUST_00999,Kathryn,Everett,sullivanpaula@example.com,(310)465-9208x8143,45,Sidi Bel Abbès,2024-09-06,Standard,752.0,9828.470000000001,
CUST_01000,Sue,Wilson,,+1-838-845-7202,44,Batna,2024-12-13,Basic,729.0,7369.68,
CUST_01001,Lynn,Ferguson,cherylgomez@example.org,(457)734-9899,37,Batna,2023-07-14,Standard,564.0,4917.17,
CUST_01002,Joshua,Graham,gallagherjoanna@example.org,001-890-674-7296,18,Oran,2025-02-26,Standard,517.0,5447.2699999999995,
CUST_01003,Audrey,Sanders,hartangela@example.net,547.648.5994x641,33,Oran,2024-02-05,Premium,625.0,4869.22,
CUST_01004,John,Combs,jamie98@example.net,264-498-0445,23,Biskra,2025-04-13,Basic,514.0,3883.55,
CUST_01005,Nancy,Murphy,davidclay@example.org,(262)270-6648,66,Biskra,2023-05-27,Standard,516.0,9014.46,
CUST_01006,Amanda,King,carrilloaaron@example.net,001-583-905-7488,18,Blida,2025-05-13,Basic,594.0,13537.01,
CUST_01007,Julia,Rodriguez,robert30@example.org,750.500.3056x619,42,Algiers,2025-08-06,Standard,675.0,5940.370000000001,
CUST_01008,Stephanie,Hughes,grantkatrina@example.org,984.467.9087x018,30,Sétif,2025-07-01,Standard,558.0,611.71,
CUST_01009,Linda,Johnson,ronaldoneal@example.org,2348444299,44,Sidi Bel Abbès,2023-09-08,Basic,673.0,1455.3,
CUST_01010,Matthew,Henderson,xcardenas@example.org,706-822-1559x9672,27,Constantine,2023-06-01,Standard,524.0,5916.81,
CUST_01011,Melissa,Martinez,,+1-747-504-7476x4845,43,Tlemcen,2024-03-05,Standard,646.0,9613.66,
CUST_01012,George,Charles,amandaedwards@example.com,224-255-3129,37,Annaba,2024-01-18,Standard,766.0,5125.77,
CUST_01013,Dominique,Potts,noblekimberly@example.org,001-727-772-6488x39585,33,Constantine,2023-05-29,Standard,750.0,1853.13,
CUST_01014,Elizabeth,Jackson,donald51@example.com,285-775-9171,28,Algiers,2024-06-13,Premium,598.0,0.0,
CUST_01015,Dana,Cox,greenshawn@example.com,735.635.2478x4171,44,Tlemcen,2024-03-29,Standard,559.0,10244.23,
CUST_01016,Jordan,Boone,benjaminhall@example.net,+1-303-531-8361,36,Annaba,2025-05-04,Basic,669.0,3266.59,
CUST_01017,Adriana,Burke,ronaldjohnson@example.com,882.481.5278x73048,37,Batna,2024-11-30,Standard,564.0,4507.33,
CUST_01018,Lawrence,Martinez,ricky35@example.net,878.901.8915,24,Annaba,2023-09-28,Premium,587.0,21897.43,
CUST_01019,Molly,Crawford,yramos@example.org,001-669-814-3362,25,Sétif,2023-08-26,Standard,433.0,5961.01,
CUST_01020,Rebecca,Williams,norrisdaniel@example.net,+1-385-873-9083x521,34,Biskra,2023-09-26,Standard,803.0,21078.12,
CUST_01021,Karl,Santos,ghill@example.net,799-479-5728x5759,31,Biskra,2025-02-02,Standard,646.0,2551.9700000000003,
CUST_01022,Megan,Williams,charlesmcgee@example.com,001-289-712-4883x9717,50,Tlemcen,2024-06-13,Premium,552.0,18009.82,
CUST_01023,ruth,Baker,lisa43@example.com,728.868.1123x0388,65,Biskra,2023-03-17,Standard,604.0,30129.82,
CUST_01024,Christopher,Sanchez,fflowers@example.com,490-809-9217x79055,27,Sétif,2024-08-14,Basic,9999.0,9759.99,
CUST_01025,Jeffrey,Mccormick,burtondiane@example.net,380.270.5326x01193,23,Annaba,2025-09-27,Basic,778.0,4697.639999999999,
CUST_01026,Amanda,Farrell,pparker@example.com,(313)260-9085x818,31,Blida,2023-11-06,Standard,671.0,2800.63,
CUST_01027,Natasha,Evans,eclark@example.com,001-887-536-6271x358,40,Annaba,2023-12-04,Standard,788.0,6757.88,
CUST_01028,Lauren,Brown,,554-973-1566,31,Tlemcen,2023-06-03,Standard,513.0,2541.41,
CUST_01029,Michael,Wiley,jamesjohn@example.net,+1-802-883-7727x028,35,Sétif,2022-11-17,Standard,767.0,7599.24,
CUST_01030,Robin,Phillips,grayjonathan@example.org,001-861-601-9753x584,30,Algiers,2025-10-15,Basic,850.0,4038.8199999999997,
CUST_01031,Tabitha,Johnson,taylortina@example.org,927-363-6281x444,18,Biskra,2025-02-16,Standard,651.0,8975.6,
CUST_01032,Jerry,Stewart,sarajohnston@example.net,4676649092,33,TLEMCEN,2024-05-23,Premium,690.0,6793.97,
CUST_01033,Kathy,Pitts,daniel35@example.net,001-372-871-7430x6881,37,Blida,2025-03-11,Standard,588.0,5221.919999999999,
CUST_01034,Kathy,Johnson,stacey98@example.net,587-538-7758,26,Annaba,2024-01-29,Standard,629.0,22.87,
CUST_01035,Kathleen,Cole,clinton09@example.org,+1-715-638-6028x262,29,Constantine,2025-10-09,Standard,754.0,20202.920000000002,
CUST_01036,Sandra,Jones,michellehall@example.org,+1-905-677-2044x100,-1,Oran,2024-07-23,Standard,763.0,4250.12,
CUST_01037,Erik,Watson,,+1-979-441-2248x709,37,Sétif,2025-10-24,Basic,633.0,11197.5,
CUST_01038,Michelle,Andrews,isaacbrooks@example.com,222-240-4326x1189,25,Annaba,2023-10-12,Basic,719.0,7385.3,
CUST_01039,Alicia,Garcia,elewis@example.org,,19,Sétif,2025-07-18,Basic,621.0,11794.81,
CUST_01040,Robert,Taylor,james89@example.org,9575795001,30,Constantine,2023-11-12,Basic,666.0,1324.4099999999999,
CUST_01041,Lauren,Sheppard,lindseyjavier@example.com,830-272-2113,31,Biskra,2024-04-12,Standard,755.0,7673.87,
CUST_01042,Charles,Price,jacobjohnson@example.com,646-517-1928x17074,31,Sétif,2023-01-09,Standard,625.0,1276.91,
CUST_01043,Tiffany,Bryan,kelly22@example.com,(616)302-5239,43,Constantine,2025-09-22,Standard,641.0,13896.48,
CUST_01044,Robin,Beck,aguilarkevin@example.com,926.890.3265x5132,48,Oran,2024-10-26,Standard,777.0,13525.230000000001,
CUST_01045,Carrie,Evans,wallererica@example.com,(359)785-1602x119,50,Biskra,2024-08-10,Premium,850.0,7931.9,
CUST_01046,Mckenzie,Jackson,zfernandez@example.net,898-264-7868x6237,37,Algiers,2024-05-13,Standard,427.0,19845.61,
CUST_01047,Joseph,Bryant,dixonjerry@example.net,+1-419-319-0749,35,Sétif,2023-10-07,Premium,665.0,11492.630000000001,
CUST_01048,Brent,Duncan,philliphayden@example.net,(635)934-8486,45,Algiers,2024-05-17,Basic,714.0,3520.37,
CUST_01049,david,Andrews,,(702)712-3720,24,Algiers,2025-07-01,Standard,791.0,4531.889999999999,
CUST_01050,Kathleen,Smith,smithapril@example.org,367-339-1900x8899,48,Blida,2023-03-22,Basic,481.0,10975.7,
CUST_01051,Lauren,Johnson,cruzkaren@example.net,(932)273-7989,36,Sétif,2022-11-21,Standard,440.0,2581.29,
CUST_01052,Laura,Rogers,bendermichelle@example.net,(874)363-0009x98433,27,Oran,2025-01-12,Basic,610.0,9559.380000000001,
CUST_01053,John,Griffin,millschristopher@example.org,+1-298-354-5829x42034,18,Batna,2023-06-22,Standard,850.0,1936.56,
CUST_01054,Kathryn,Ramirez,ujohnson@example.com,001-999-444-9466,41,Algiers,2023-02-24,Basic,727.0,21904.96,
CUST_01055,Andrea,Adams,patrickjasmine@example.net,282-423-8794,18,Sétif,2023-04-15,Standard,678.0,24553.78,
CUST_01056,alyssa,Mason,crawfordhaley@example.org,635.336.4235x700,54,Constantine,2024-09-21,Standard,668.0,2161.84,
CUST_01057,Victoria,Castro,andrearivera@example.net,861-325-5904,21,Algiers,2023-01-17,Basic,433.0,9965.33,
CUST_01058,carolyn,Robinson,ronald00@example.org,(483)582-7101,38,Constantine,2024-07-26,Basic,713.0,3247.16,
CUST_01059,Veronica,Burton,,285-607-6653x446,45,Constantine,2025-07-18,Basic,611.0,6959.02,
CUST_01060,Tiffany,Barnes,melissaevans@example.org,691-953-0573,41,Constantine,2023-08-23,Standard,547.0,1595.41,
CUST_01061,Michael,Woodward,henryrobert@example.org,(851)827-2670,34,Sétif,2025-09-01,Premium,503.0,4681.87,
CUST_01062,Sarah,Logan,melissahill@example.org,+1-476-287-8494x771,35,Annaba,2023-12-13,Premium,663.0,22286.699999999997,
CUST_01063,Benjamin,Proctor,drakekevin@example.net,442.323.5434x0466,20,Constantine,2023-02-15,Standard,744.0,11564.27,
CUST_01064,Krystal,Reynolds,cassandra52@example.com,592-306-4411x197,33,Biskra,2023-04-21,Basic,444.0,1745.8899999999999,
CUST_01065,John,Vincent,ohall@example.com,+1-894-888-2188x49680,22,Blida,2025-06-18,Standard,617.0,16007.79,
CUST_01066,Andrew,Bradford,kaiserhunter@example.org,(843)241-2301x604,33,Annaba,2024-05-09,Basic,583.0,21609.5,
CUST_01067,Craig,Blair,dbrown@example.org,(203)319-7899,40,Oran,2025-04-15,Premium,777.0,1220.37,
CUST_01068,Antonio,Smith,samantha71@example.org,871-497-8601,40,Batna,2024-11-30,Standard,616.0,287.31,
CUST_01069,Christina,Potter,bowenjonathan@example.net,+1-747-485-5011x3753,55,ORAN,2022-12-06,Basic,692.0,3077.94,
CUST_01070,Sandra,Grant,amills@example.com,(879)203-7161,23,Biskra,2024-12-07,Standard,542.0,12612.35,
CUST_01071,Daniel,Gilbert,davidharris@example.net,001-896-347-7183x75307,23,Algiers,2023-05-30,Premium,666.0,9740.15,
CUST_01072,Justin,Smith,kristen78@example.org,4243432362,32,Sétif,2024-08-14,Basic,678.0,11124.89,
CUST_01073,Kristina,Cruz,darnold@example.com,(470)367-5169x1395,21,Batna,2023-01-11,Standard,637.0,8859.119999999999,
CUST_01074,Darrell,Russell,madeline61@example.org,503.435.0842x4319,30,Blida,2024-06-27,Premium,667.0,7773.52,
CUST_01075,Kelly,Jones,smithroberta@example.net,(891)605-3021x51675,40,Sétif,2025-01-01,Standard,634.0,10295.7,
CUST_01076,John,Contreras,jesse81@example.org,9508147642,32,Oran,2023-10-28,Basic,668.0,192.36,
CUST_01077,John,Rogers,taylorkaylee@example.com,651.423.9597x8155,21,Sétif,2025-06-05,Standard,614.0,7280.02,
CUST_01078,Danielle,Farmer,umartin@example.com,9244465467,43,Algiers,2023-12-09,Basic,495.0,17645.68,
CUST_01079,Scott,Johnson,bruceporter@example.org,(664)578-3703x175,27,Biskra,2022-11-29,Standard,782.0,16474.56,
CUST_01080,Jacob,Ramos,pittmanwesley@example.com,001-872-460-2925x468,31,Sidi Bel Abbès,2023-06-03,Basic,786.0,17786.34,
CUST_01081,Zachary,Evans,westroy@example.org,5768327135,-1,Sidi Bel Abbès,2024-02-12,Standard,739.0,4098.04,
CUST_01082,Devon,Munoz,patriciareynolds@example.net,790.760.4886x9320,49,Annaba,2023-08-23,Basic,808.0,6643.38,
CUST_01083,Michael,Johnson,thomaslane@example.net,759-876-4053,32,Sidi Bel Abbès,2023-01-14,Basic,748.0,13355.619999999999,
CUST_01084,Thomas,Larson,vporter@example.com,526-819-0384x227,18,Constantine,2024-03-25,Basic,576.0,31994.62,
CUST_01085,Jamie,Brown,gregoryschneider@example.com,911-375-7691,29,Sétif,2023-05-11,Premium,757.0,32449.71,
CUST_01086,Kimberly,Moore,daniel48@example.com,001-283-505-2169,35,Tlemcen,2025-06-07,Standard,784.0,26623.54,
CUST_01087,Harold,Johnson,juliecooley@example.net,+1-201-842-6471,50,Biskra,2022-12-09,Basic,643.0,2077.88,
CUST_01088,Charles,Marshall,dorseylinda@example.org,(937)405-0049x3326,18,Blida,2025-08-12,Basic,580.0,7644.69,
CUST_01089,Nicholas,Walker,royscott@example.net,676-238-0839x065,39,Constantine,2025-07-04,Standard,571.0,4559.64,
CUST_01090,Christina,Salazar,daniel93@example.net,+1-832-572-7281x291,52,Batna,2024-10-26,Standard,722.0,4205.06,
CUST_01091,Kenneth,Barton,bbrown@example.net,(776)252-7284x53974,22,Sidi Bel Abbès,2025-01-12,Basic,481.0,4969.48,
CUST_01092,William,Payne,lisa67@example.com,001-360-720-8019x29022,33,Blida,2025-07-05,Standard,592.0,22503.91,
CUST_01093,John,Johnson,amy09@example.org,(525)733-3202,19,Oran,2022-12-26,Premium,527.0,13411.970000000001,
CUST_01094,Lisa,Bullock,,001-535-545-0369x8884,44,Annaba,2023-06-11,Standard,694.0,13721.15,
CUST_01095,Francis,Horn,lellison@example.com,(408)605-9831,57,Blida,2023-02-19,Basic,704.0,3963.37,
CUST_01096,Nichole,Brown,karen65@example.net,+1-992-601-2376x317,54,Tlemcen,2023-12-24,Basic,722.0,5019.13,
CUST_01097,Ernest,Escobar,xwhite@example.com,+1-319-537-5919x2267,42,Oran,2024-04-22,Standard,656.0,16106.2,
CUST_01098,Jesse,Morales,rwyatt@example.com,228-264-6120x96173,18,TLEMCEN,2024-08-23,Basic,596.0,20008.809999999998,
CUST_01099,Donna,Suarez,leslie24@example.org,721.315.3550,29,Blida,2023-06-30,Premium,479.0,14523.67,
CUST_01100,Kelsey,Garcia,evanselizabeth@example.org,377.597.2479x25422,31,Blida,2024-09-30,Basic,603.0,9956.96,
CUST_01101,Emma,Graves,garzajill@example.org,887-770-6769x3332,46,Oran,2023-12-09,Standard,643.0,9053.75,
CUST_01102,Christina,Brown,tanner84@example.com,808-958-5883x825,48,Constantine,2024-01-29,Basic,612.0,0.0,
CUST_01103,George,Singh,raymond29@example.org,(443)755-1962x822,32,Algiers,2025-02-16,Standard,683.0,37333.17,
CUST_01104,Amanda,Gomez,,(486)439-4201,18,Annaba,2025-08-18,Premium,689.0,7540.11,
CUST_01105,Christopher,Hudson,brookefrench@example.net,001-266-727-0266x045,42,Sétif,2023-06-12,Standard,684.0,3494.98,
CUST_01106,Carl,Huff,smithjesse@example.org,4194335389,54,CONSTANTINE,2023-10-04,Standard,602.0,8088.7699999999995,
CUST_01107,Steven,Miller,patricksmith@example.org,(908)827-7056x46160,37,Constantine,2024-01-14,Basic,738.0,9632.8,
CUST_01108,Jeffery,Fox,alex95@example.org,523.846.1762x313,27,Oran,2022-11-25,Standard,,5982.46,
CUST_01109,Sharon,Williamson,jennifer64@example.org,416.954.4137,46,Sidi Bel Abbès,2024-11-02,Standard,497.0,2133.36,
CUST_01110,Paul,Cox,wshannon@example.org,(334)994-2904x61755,35,Algiers,2025-11-09,Standard,636.0,846.78,
CUST_01111,Mary,Snyder,geraldterry@example.org,(948)437-4441,44,Annaba,2023-09-02,Basic,643.0,828.46,
CUST_01112,Ross,Rogers,walterprice@example.com,290.625.4853x626,50,Sidi Bel Abbès,2023-05-20,Basic,482.0,567.22,
CUST_01113,Zachary,Gross,bryan00@example.net,238-255-7421x64359,24,Tlemcen,2025-03-16,Premium,540.0,19528.39,
CUST_01114,Thomas,Jones,fwilliams@example.net,+1-861-843-7884x4370,23,Oran,2024-06-28,Standard,717.0,3604.3999999999996,
CUST_01115,Shannon,Pearson,natalie46@example.com,(763)268-1541,27,ALGIERS,2023-04-24,Standard,463.0,3332.64,
CUST_01116,Thomas,Dominguez,smithzachary@example.com,8782604356,48,Batna,2025-07-24,Standard,660.0,13312.31,
CUST_01117,Jeremy,Wright,robin98@example.org,306.477.3067,-1,Constantine,2025-01-25,Standard,683.0,14642.74,
CUST_01118,Robert,Barron,ppruitt@example.com,001-219-808-7886x53859,25,Sidi Bel Abbès,2025-02-12,Basic,578.0,10937.06,
CUST_01119,Ashley,Harris,heathersteele@example.net,001-676-805-5049x22170,46,Oran,2024-07-01,Standard,9999.0,5489.24,
CUST_01120,Richard,Cummings,russelljamie@example.org,001-416-929-0739x92891,47,Oran,2024-07-19,Standard,641.0,4563.22,
CUST_01121,Robert,Morris,kendrahall@example.org,208.564.9426x942,29,Tlemcen,2024-06-20,Standard,609.0,8330.29,
CUST_01122,Stephanie,Young,craigjohn@example.com,490-314-5996x7069,51,Tlemcen,2023-11-19,Basic,619.0,9492.27,
CUST_01123,Amanda,Lee,jonathan98@example.org,838-984-3021x781,-1,Biskra,2025-06-11,Standard,652.0,9777.07,
CUST_01124,Adam,Walters,,290.316.4928x15037,38,Sidi Bel Abbès,2023-01-10,Basic,724.0,4067.02,
CUST_01125,Carol,Moore,brad03@example.org,480.681.7262x82968,38,Blida,2025-05-23,Standard,697.0,11185.77,
CUST_01126,Mark,Potts,,001-259-827-4116,30,Tlemcen,2024-12-02,Premium,680.0,10736.539999999999,
CUST_01127,jennifer,Wilkerson,kgarrison@example.com,(262)408-0820x3917,31,Sétif,2023-06-13,Standard,783.0,12219.05,
CUST_01128,Rachel,Baker,jeffery96@example.net,+1-424-758-7012x0424,25,Annaba,2024-02-01,Standard,547.0,5242.64,
CUST_01129,Andrew,Davis,summerellis@example.org,8289497603,26,Algiers,2023-04-05,Premium,686.0,8022.5,
CUST_01130,Karen,Allen,dean40@example.com,(836)648-1875x403,32,Biskra,2024-07-03,Basic,646.0,14686.970000000001,
CUST_01131,David,Sawyer,pbolton@example.net,(946)862-3236x066,-1,Blida,2024-08-14,Basic,602.0,15245.560000000001,
CUST_01132,David,Perkins,qfaulkner@example.org,(804)429-8622,18,Algiers,2024-01-06,Standard,629.0,10652.039999999999,
CUST_01133,Raymond,Levy,wthompson@example.com,+1-899-929-9833x587,34,Sidi Bel Abbès,2024-03-20,Premium,559.0,9670.72,
CUST_01134,Jacob,Hendricks,hsmith@example.org,582-308-4931x539,55,Constantine,2025-11-02,Basic,688.0,1449.08,
CUST_01135,Richard,Johnson,robertsbrandon@example.net,001-576-629-1430x491,45,Oran,2022-11-30,Basic,652.0,10759.94,
CUST_01136,Zachary,Andrews,edwin87@example.org,4996865642,45,Algiers,2023-11-08,Premium,566.0,9096.529999999999,
CUST_01137,Tara,Banks,,8974669194,18,Tlemcen,2025-09-07,Premium,624.0,7612.969999999999,
CUST_01138,Margaret,Gardner,banksmeredith@example.com,+1-820-817-5307,30,Oran,2025-09-03,Basic,724.0,1181.61,
CUST_01139,Ryan,Cook,whernandez@example.net,001-540-943-4741x2531,47,Tlemcen,2023-10-24,Standard,629.0,4737.96,
CUST_01140,Richard,Smith,mhenry@example.net,(417)250-3619,52,Constantine,2024-12-12,Basic,464.0,13496.119999999999,
CUST_01141,Martha,Garner,garzazachary@example.org,970.634.2444,18,Biskra,2024-09-09,Basic,653.0,0.0,
CUST_01142,Kimberly,Snyder,wallacesusan@example.com,(335)910-7651,18,Algiers,2025-10-18,Basic,779.0,25267.18,
CUST_01143,Hailey,Castaneda,christopher32@example.net,001-351-745-6340,23,Biskra,2022-11-13,Standard,529.0,11190.18,
CUST_01144,Michael,Harmon,morrismary@example.com,296-653-9160x770,57,Algiers,2024-08-17,Basic,749.0,6686.41,
CUST_01145,Patricia,Owen,luis41@example.net,803-898-2218x039,46,Constantine,2025-03-01,Standard,625.0,6674.2699999999995,
CUST_01146,Joanna,Williams,rose88@example.com,+1-840-678-8026x52951,32,Sétif,2024-12-28,Standard,609.0,39874.59,
CUST_01147,Jamie,Harris,matthewbutler@example.org,2398744088,20,Sidi Bel Abbès,2022-12-28,Standard,694.0,0.0,
CUST_01148,Jennifer,Jacobs,criddle@example.net,(301)399-1843,44,Annaba,2024-11-27,Basic,603.0,23501.35,
CUST_01149,Renee,Cochran,vgarcia@example.net,885-280-5263x211,51,Blida,2025-11-05,Basic,637.0,6564.03,
CUST_01150,Lauren,Chambers,dwayneedwards@example.net,307.974.5447x0823,29,Oran,2023-09-25,Standard,850.0,8674.14,
CUST_01151,julie,Carson,jessica94@example.com,266.426.2359x6053,40,SÉTIF,2023-01-31,Standard,660.0,5226.16,
CUST_01152,Amanda,Smith,todd87@example.org,268.860.5063,29,SÉTIF,2023-07-31,Premium,375.0,8215.710000000001,
CUST_01153,Maria,Watson,jessicaeaton@example.org,+1-364-409-8910x3909,52,Algiers,2025-04-12,Standard,509.0,11740.68,
CUST_01154,John,Johnson,derek94@example.com,(337)459-7953,45,SÉTIF,2022-12-27,Premium,618.0,6440.900000000001,
CUST_01155,Cindy,Ferguson,andersontammy@example.com,645.744.9205x4894,41,Annaba,2024-05-28,Standard,617.0,12615.24,
CUST_01156,David,Smith,higginscaitlin@example.com,+1-458-334-4566x2295,18,Sidi Bel Abbès,2024-09-17,Basic,699.0,7414.780000000001,
CUST_01157,Brian,Lyons,zsmith@example.com,662-948-6070,47,Constantine,2025-02-19,Premium,585.0,9546.1,
CUST_01158,Rachel,Sullivan,jamesmarsh@example.org,(885)901-5301x731,37,Oran,2023-10-24,Basic,850.0,3695.95,
CUST_01159,Brian,Rose,brooksharold@example.com,233-895-4794,34,Blida,2025-01-22,Basic,509.0,7296.33,
CUST_01160,Michael,Davis,heather79@example.org,871-791-8986x64693,32,Sétif,2025-07-09,Standard,620.0,4068.83,
CUST_01161,Angela,Lee,jennifer74@example.net,+1-687-568-0570x23771,48,Algiers,2025-04-13,Basic,717.0,16268.559999999998,
CUST_01162,Craig,Lopez,morrisonryan@example.org,832.697.3239,34,BLIDA,2022-12-25,Basic,678.0,11990.119999999999,
CUST_01163,Misty,Dorsey,john26@example.com,(799)424-2773x9238,37,Algiers,2023-04-10,Standard,688.0,10745.6,
CUST_01164,gina,Smith,kingvictoria@example.org,(493)232-8442x34719,30,Sidi Bel Abbès,2023-11-10,Standard,511.0,23149.12,
CUST_01165,Manuel,Miller,hannah26@example.org,256.899.9138x310,34,Blida,2025-10-26,Standard,679.0,19854.260000000002,
CUST_01166,Jason,Moore,uhaney@example.org,(277)877-3316,49,Sétif,2025-08-25,Basic,501.0,6816.210000000001,
CUST_01167,Jessica,Johnson,jsmith@example.com,6364059529,18,BLIDA,2023-02-12,Standard,542.0,966.44,
CUST_01168,Madison,Bowman,jessica27@example.com,4677582676,38,Tlemcen,2025-08-22,Standard,543.0,18868.35,
CUST_01169,Meagan,Jordan,alexanderwilliams@example.net,(938)556-4614x9745,25,Oran,2024-06-06,Standard,620.0,23004.78,
CUST_01170,Jeff,Matthews,igoodman@example.net,291-649-8609x955,51,Tlemcen,2024-12-20,Standard,635.0,9623.699999999999,
CUST_01171,Dorothy,Thomas,bhampton@example.com,322.439.4612,18,Biskra,2024-08-14,Basic,668.0,3043.02,
CUST_01172,Sarah,Ferguson,guerrerorenee@example.com,+1-448-453-4001x276,22,Annaba,2025-04-25,Basic,683.0,18386.579999999998,
CUST_01173,Teresa,Warner,sheila42@example.net,(456)478-7188,37,Annaba,2024-03-19,Premium,682.0,7358.860000000001,
CUST_01174,Dawn,Banks,riveraamy@example.com,768-806-1349,18,Blida,2024-04-07,Basic,628.0,12284.93,
CUST_01175,Tiffany,Greene,peter58@example.com,+1-879-349-6383x09723,29,Algiers,2025-05-19,Standard,757.0,9062.58,
CUST_01176,Brian,Beard,zmiller@example.org,6167555786,44,Sidi Bel Abbès,2024-11-10,Standard,683.0,8662.62,
CUST_01177,Alexandra,Ross,karen57@example.com,824-976-4000,34,Batna,2024-06-05,Standard,687.0,11698.45,
CUST_01178,Lisa,Stokes,kellybrown@example.org,(965)645-1224x44189,36,Algiers,2023-04-18,Standard,747.0,5854.13,
CUST_01179,Melanie,Harris,,635.470.1703x63094,33,Annaba,2024-05-26,Premium,670.0,569.87,
CUST_01180,Robert,Thompson,jessica89@example.net,+1-230-894-1349,25,Oran,2025-05-02,Standard,604.0,6535.55,
CUST_01181,Thomas,Washington,rtaylor@example.com,(284)613-5694,22,Batna,2025-08-10,Standard,568.0,7604.09,
CUST_01182,Steven,Gomez,fwalton@example.com,809.257.3940x59802,21,Constantine,2025-01-06,Standard,783.0,6324.13,
CUST_01183,John,Thomas,,392.958.4907x34203,25,Sidi Bel Abbès,2024-04-11,Standard,718.0,4275.96,
CUST_01184,Amanda,Stevens,stephanie14@example.org,664.382.3088x29586,41,Tlemcen,2024-02-15,Basic,,0.0,
CUST_01185,John,Miranda,tashajordan@example.net,+1-358-969-4276x7483,38,Annaba,2024-12-17,Standard,661.0,5489.96,
CUST_01186,Patrick,White,dianemay@example.net,651-481-7882,-1,Sétif,2025-05-02,Standard,647.0,1727.0800000000002,
CUST_01187,Lorraine,Hart,ldean@example.org,(423)427-2371x79890,20,Annaba,2024-04-11,Standard,694.0,6680.16,
CUST_01188,Maria,Brown,rstewart@example.net,+1-670-384-7795,30,Sidi Bel Abbès,2024-02-16,Premium,628.0,4384.46,
CUST_01189,Lee,Harris,zhangnatalie@example.net,+1-390-773-7815,46,Sidi Bel Abbès,2024-09-02,Standard,686.0,5961.389999999999,
CUST_01190,Angela,Turner,jjackson@example.org,448.587.6380x20761,37,Tlemcen,2024-01-23,Basic,746.0,14311.36,
CUST_01191,Daniel,Wilson,chenmatthew@example.org,+1-481-229-8861,22,Sidi Bel Abbès,2022-11-19,Basic,672.0,2466.2799999999997,
CUST_01192,Richard,Espinoza,marksbrandon@example.net,(537)529-8268,24,Blida,2025-07-31,Basic,626.0,2868.77,
CUST_01193,William,Spears,mstanley@example.com,8355067578,35,Annaba,2023-11-17,Basic,662.0,9732.259999999998,
CUST_01194,Hannah,Smith,vramos@example.org,001-923-515-5505x70521,59,Biskra,2023-09-08,Standard,833.0,14239.56,
CUST_01195,Lynn,Baker,michael88@example.org,514-714-7012,24,Algiers,2023-06-17,Basic,553.0,2487.31,
CUST_01196,amanda,Wallace,courtney68@example.net,409-577-9780,22,Blida,2025-04-11,Standard,571.0,6411.71,
CUST_01197,Courtney,Howard,jose79@example.com,4367640163,24,Sidi Bel Abbès,2023-07-09,Standard,720.0,2151.79,
CUST_01198,Victor,Stanley,kellysierra@example.com,429.327.3186x830,22,Batna,2024-07-16,Standard,474.0,23275.23,
CUST_01199,Sandra,Stanley,,216-951-8548x3966,23,Annaba,2023-10-06,Standard,572.0,10010.550000000001,
CUST_01200,Laura,Bradford,paul15@example.net,+1-295-784-1749x1617,18,Algiers,2025-09-16,Basic,579.0,10211.69,
CUST_01201,Priscilla,Jones,sullivanandrea@example.net,913-644-7609x4837,49,Algiers,2025-01-26,Standard,572.0,4579.76,
CUST_01202,David,Patrick,amandaroberts@example.net,830.426.5099,44,Oran,2024-07-15,Standard,654.0,5242.860000000001,
CUST_01203,Jacob,Bennett,vmartinez@example.com,(466)510-2563x42022,44,Blida,2024-09-14,Standard,797.0,1785.5,
CUST_01204,Amy,Jones,jessicastanton@example.net,367.759.0177,41,Constantine,2024-10-08,Standard,595.0,7219.349999999999,
CUST_01205,Joshua,Powell,,451.874.6564,36,Algiers,2023-03-12,Standard,628.0,11081.6,
CUST_01206,Patrick,Burns,noahjones@example.net,001-656-295-5922x77641,40,Algiers,2023-07-07,Standard,693.0,7321.8,
CUST_01207,Michele,Mcguire,aaron25@example.com,434-544-8672,40,Tlemcen,2022-11-12,Basic,506.0,6433.92,
CUST_01208,Taylor,Allen,carlbuckley@example.com,(915)974-9325x1149,37,Tlemcen,2025-05-02,Standard,614.0,7293.2,
CUST_01209,Jason,Anderson,robertsbrandy@example.com,777.266.1830,46,Algiers,2023-03-01,Standard,618.0,14120.85,
CUST_01210,Heather,Castillo,christopherharris@example.org,311-943-6786x21078,42,Oran,2022-12-31,Standard,667.0,8244.869999999999,
CUST_01211,Emily,Mccoy,rodney25@example.com,3687026933,33,Blida,2023-05-27,Standard,809.0,35654.99,
CUST_01212,Julia,Smith,brownjames@example.org,865.850.5224x11420,18,Sidi Bel Abbès,2022-12-22,Standard,582.0,2353.0600000000004,
CUST_01213,Leslie,Scott,,(433)482-2224x00539,26,Constantine,2023-01-02,Standard,836.0,357.03,
CUST_01214,Nicholas,Pena,woodwardjocelyn@example.org,313-548-4339,65,ANNABA,2024-10-15,Standard,601.0,8986.380000000001,
CUST_01215,Michael,Holmes,hoganeric@example.net,+1-645-664-5234x286,40,Tlemcen,2024-03-11,Premium,377.0,7514.570000000001,
CUST_01216,Laura,Thompson,rjordan@example.org,001-409-953-6773x4985,24,Annaba,2023-12-07,Standard,622.0,13145.34,
CUST_01217,Mary,Davis,wendyholden@example.com,(859)814-7625x380,27,Blida,2023-03-07,Basic,567.0,1684.18,
CUST_01218,Thomas,Riddle,johnsweeney@example.net,(824)474-6653x538,35,Tlemcen,2024-07-08,Standard,564.0,22398.48,
CUST_01219,Matthew,Wright,james67@example.net,(541)557-1276,18,Batna,2023-09-05,Standard,633.0,5874.2,
CUST_01220,Shelby,Mitchell,vincent63@example.net,001-906-516-8249,56,Tlemcen,2024-09-08,Standard,740.0,8350.38,
CUST_01221,Pamela,Payne,perrymichael@example.org,+1-981-416-8371x03073,18,Sétif,2023-01-15,Basic,672.0,5272.110000000001,
CUST_01222,Hayley,Hampton,hahnjoshua@example.net,(878)508-2649x31214,37,Tlemcen,2025-03-02,Standard,850.0,7598.0,
CUST_01223,Krista,Ramos,marcusramirez@example.org,001-692-264-5633x9172,30,Annaba,2024-01-19,Premium,706.0,13822.02,
CUST_01224,Ashley,Wagner,holderdaniel@example.net,(764)597-1967x06833,40,Tlemcen,2023-03-13,Basic,655.0,1374.8899999999999,
CUST_01225,Daniel,Price,michaelayala@example.org,563-599-4901,31,Annaba,2023-09-06,Standard,690.0,1773.98,
CUST_01226,Joseph,Alvarez,qwhitaker@example.org,+1-548-214-0984x10167,50,Oran,2025-11-05,Standard,630.0,3278.4500000000003,
CUST_01227,Regina,Davis,ssmith@example.net,+1-391-800-4202x8866,46,Biskra,2025-11-11,Premium,530.0,422.03000000000003,
CUST_01228,Julie,Jones,wrightdrew@example.org,885-248-4203x531,48,Sidi Bel Abbès,2024-07-23,Standard,631.0,4039.33,
CUST_01229,Emily,Tucker,harrisamy@example.org,357-611-7132,29,Algiers,2025-11-08,Premium,701.0,1135.3,
CUST_01230,Kevin,Marshall,martinsarah@example.net,+1-514-811-2874x5271,28,Sidi Bel Abbès,2025-05-30,Basic,749.0,8592.75,
CUST_01231,Miguel,James,,+1-610-474-9161,43,Annaba,2024-10-14,Basic,623.0,4943.07,
CUST_01232,david,Campbell,jonesjohn@example.com,850.669.6261,42,Batna,2023-11-16,Standard,634.0,9141.390000000001,
CUST_01233,Yesenia,Thompson,esingh@example.org,(654)771-7989,30,Sétif,2024-01-13,Standard,610.0,12304.130000000001,
CUST_01234,justin,Hudson,tinajohnson@example.org,001-656-475-6355,39,Constantine,2024-03-17,Standard,643.0,6235.97,
CUST_01235,Jennifer,Bryant,wpowell@example.net,(665)304-6070x014,27,Annaba,2022-11-17,Standard,574.0,14316.8,
CUST_01236,Loretta,Hicks,qcallahan@example.org,001-387-910-0668x904,48,Constantine,2024-06-21,Standard,694.0,5842.08,
CUST_01237,Adrian,Russell,walterrodriguez@example.com,+1-622-932-8222x82408,35,Batna,2025-06-18,Basic,688.0,15006.96,
CUST_01238,Alicia,Howard,anthony41@example.org,001-784-579-1351x1350,28,Batna,2025-10-07,Basic,731.0,3468.6,
CUST_01239,Sherry,Pennington,katieschmidt@example.org,9645157809,38,Algiers,2023-03-31,Standard,709.0,1040.6399999999999,
CUST_01240,Amber,York,jacobsoncurtis@example.com,001-953-841-9528x144,25,Sidi Bel Abbès,2023-09-23,Standard,596.0,7681.8099999999995,
CUST_01241,Nicole,Anderson,thompsondarlene@example.net,+1-293-506-3578,28,Sidi Bel Abbès,2024-07-15,Standard,537.0,9268.800000000001,
CUST_01242,Kendra,Contreras,walkerdonna@example.net,001-774-936-9905x585,27,Batna,2024-08-22,Standard,553.0,12841.52,
CUST_01243,Kevin,Tate,jacob06@example.net,(890)745-2898x60610,36,Sétif,2024-03-29,Premium,497.0,5312.26,
CUST_01244,Jesus,Avila,scott01@example.com,727-561-3681x49802,30,Algiers,2024-05-26,Premium,662.0,18105.149999999998,
CUST_01245,james,Sharp,daniellesweeney@example.com,647-472-5084x232,22,Annaba,2023-10-08,Standard,703.0,15532.14,
CUST_01246,Adam,Johnson,gibsondavid@example.org,001-255-836-9158x5574,25,Constantine,2025-05-14,Premium,627.0,1720.92,
CUST_01247,Anna,Gray,joshuawood@example.org,433.529.5945,32,Oran,2023-10-31,Basic,635.0,4202.72,
CUST_01248,Amanda,Cochran,rperez@example.org,(496)362-9917,20,Sidi Bel Abbès,2023-10-01,Standard,608.0,4684.01,
CUST_01249,Eric,Taylor,anthonymiller@example.com,+1-521-953-9266,29,Algiers,2024-01-20,Standard,799.0,13355.09,
CUST_01250,Valerie,Weiss,maddoxdavid@example.org,001-428-204-8502,29,Sétif,2023-02-24,Premium,754.0,9060.939999999999,
CUST_01251,Brenda,Rodriguez,dawnlewis@example.net,279.471.9000,35,Tlemcen,2024-10-22,Standard,630.0,1633.56,
CUST_01252,Russell,Bennett,meaganbennett@example.net,+1-547-218-5594x07992,23,Blida,2025-03-31,Standard,700.0,14791.85,
CUST_01253,Maurice,Lara,derrickyoung@example.com,+1-277-381-4564x7437,33,Tlemcen,2023-10-02,Standard,742.0,8965.94,
CUST_01254,Katherine,Gonzalez,moraelizabeth@example.com,(366)750-5276x12092,47,Sidi Bel Abbès,2024-07-03,Standard,744.0,29608.579999999998,
CUST_01255,Richard,Jones,moorejohn@example.net,567-787-0676,23,Annaba,2023-04-09,Standard,581.0,1550.0,
CUST_01256,James,Tucker,,+1-684-585-6371x1429,42,Algiers,2022-12-25,Basic,814.0,8801.5,
CUST_01257,Sheila,Sanchez,kendra39@example.net,001-823-813-2465,53,Tlemcen,2023-06-28,Standard,724.0,9963.69,
CUST_01258,Tara,Fischer,dakota83@example.net,265.891.5382x0114,38,Batna,2023-05-10,Basic,496.0,5435.48,
CUST_01259,Ronnie,Carter,ywallace@example.org,(812)772-4553x375,24,Sétif,2024-09-14,Premium,779.0,16666.67,
CUST_01260,Tiffany,Green,ldixon@example.com,(824)494-5104,18,Batna,2022-11-18,Standard,662.0,8697.28,
CUST_01261,Robert,Anderson,imurphy@example.com,520-762-7672,56,Algiers,2024-09-14,Standard,716.0,2642.95,
CUST_01262,Breanna,Lewis,michelle12@example.net,946-950-2234,36,Biskra,2025-10-25,Basic,453.0,3503.41,
CUST_01263,Hannah,Bond,mitchellmichael@example.com,001-497-325-1840x7033,34,Blida,2024-03-22,Standard,630.0,6269.3,
CUST_01264,Erin,Arroyo,,001-520-894-5167x6706,42,Annaba,2024-11-16,Standard,610.0,7999.950000000001,
CUST_01265,Melinda,Bowers,hgonzalez@example.org,(820)608-4842,18,Biskra,2023-06-23,Standard,523.0,32697.79,
CUST_01266,Victoria,Lewis,ylowe@example.org,828.496.7136x05494,25,Algiers,2024-07-20,Standard,850.0,19235.84,
CUST_01267,Mitchell,Barnes,wilsonjacob@example.com,+1-851-393-5001x154,18,Sidi Bel Abbès,2023-11-25,Standard,442.0,3971.89,
CUST_01268,Rachel,Baldwin,,001-789-804-4104x0431,37,Sétif,2025-07-18,Standard,521.0,5580.639999999999,
CUST_01269,Matthew,Mcdaniel,james14@example.net,+1-337-847-5580x3090,50,Biskra,2025-08-28,Basic,517.0,15123.869999999999,
CUST_01270,Patrick,West,crandall@example.net,501-990-2716x988,25,Oran,2024-03-03,Basic,642.0,6219.73,
CUST_01271,Daniel,Black,zcoleman@example.net,(811)399-7675x98332,28,Sidi Bel Abbès,2025-06-22,Basic,762.0,6064.9,
CUST_01272,Jennifer,Hancock,tara83@example.com,945.481.9565,33,Biskra,2023-12-22,Basic,678.0,4862.05,
CUST_01273,Michael,Allen,bethwatkins@example.net,(742)266-2177,31,Oran,2024-11-27,Standard,738.0,18480.98,
CUST_01274,Amber,Adams,fpatterson@example.net,903.402.8532,29,Sidi Bel Abbès,2025-02-15,Basic,539.0,46370.45,
CUST_01275,Russell,Castro,jonathanjones@example.com,,18,Algiers,2024-06-20,Standard,9999.0,5097.52,
CUST_01276,Anne,Kennedy,fowlerkathy@example.org,+1-627-477-7118,25,Batna,2023-04-01,Basic,672.0,11949.65,
CUST_01277,Jessica,Delgado,xgonzalez@example.net,4075121024,30,Blida,2024-11-20,Standard,483.0,5367.07,
CUST_01278,Tracy,Beasley,baileydonna@example.net,+1-877-719-6199x71659,51,Sétif,2024-01-27,Standard,674.0,17619.55,
CUST_01279,Spencer,Phillips,pwarren@example.org,940-509-5224x2653,44,Constantine,2023-03-31,Standard,643.0,8634.15,
CUST_01280,Christopher,Jones,john90@example.com,9543736015,28,Oran,2025-08-03,Standard,730.0,2225.33,
CUST_01281,Mark,Mcgee,williamsrandy@example.org,(900)580-2658x93475,49,Annaba,2023-10-27,Basic,599.0,12725.130000000001,
CUST_01282,William,Reeves,travis19@example.org,549-867-9146,51,Sétif,2025-06-03,Basic,850.0,15376.02,
CUST_01283,Erika,Allen,andrewclark@example.com,001-626-465-2824x685,42,Sidi Bel Abbès,2024-11-15,Premium,579.0,8235.37,
CUST_01284,Kelly,Williams,norrisjessica@example.net,(708)360-1460,32,Tlemcen,2022-12-08,Basic,498.0,2963.26,
CUST_01285,Katie,Ramirez,tylerwilson@example.net,503.235.6369,32,Oran,2025-08-02,Basic,452.0,20472.63,
CUST_01286,Brian,Johnson,foxbrooke@example.org,487-581-0480,29,Batna,2024-12-17,Basic,502.0,14952.93,
CUST_01287,Joshua,Rogers,colleenwilliams@example.net,804.837.6613,28,Constantine,2024-06-19,Standard,596.0,18482.41,
CUST_01288,Dawn,Hunt,taylorderrick@example.net,(281)759-4747x05311,-1,Biskra,2025-09-14,Standard,664.0,2361.91,
CUST_01289,Emily,Harmon,atkinsryan@example.org,+1-879-584-2189x142,18,Sidi Bel Abbès,2025-11-10,Basic,633.0,18365.87,
CUST_01290,Jessica,Kelly,todddale@example.com,(771)287-7628x83636,33,Oran,2025-01-18,Premium,637.0,6435.46,
CUST_01291,Randy,Parsons,stevemorales@example.net,(526)966-7880,18,Sétif,2023-02-13,Standard,807.0,15101.57,
CUST_01292,Randall,Montoya,jacobrangel@example.net,+1-789-707-4993x59812,18,Tlemcen,2024-04-17,Premium,619.0,9604.02,
CUST_01293,Steven,Hamilton,bjames@example.net,385.980.5014,26,Oran,2025-07-16,Standard,730.0,6602.87,
CUST_01294,Kimberly,Rivera,ashleyashley@example.org,001-356-651-8871,31,Biskra,2024-02-24,Basic,600.0,7509.429999999999,
CUST_01295,Brian,Pearson,smithcarrie@example.com,492-587-8757x030,35,Algiers,2023-03-27,Basic,772.0,9052.619999999999,
CUST_01296,Jessica,Hernandez,brownwilliam@example.net,4744290695,27,Constantine,2023-07-18,Standard,700.0,4304.110000000001,
CUST_01297,Jaime,Jacobs,waltersalfred@example.org,8074302426,34,Blida,2024-12-20,Standard,820.0,8398.53,
CUST_01298,Audrey,Cox,vlandry@example.net,205-871-4469x5674,30,Biskra,2025-07-28,Standard,678.0,5245.48,
CUST_01299,Kristina,Cox,jon53@example.com,614-566-8865x83483,26,Batna,2024-10-29,Basic,581.0,17499.19,
CUST_01300,Shirley,Soto,ncollier@example.com,(648)553-2077x5870,25,Constantine,2025-03-08,Basic,709.0,7627.4,
CUST_01301,Debra,Wise,dianebanks@example.com,769.258.0504,31,Batna,2025-11-06,Basic,586.0,11244.5,
CUST_01302,Anthony,Thompson,richard20@example.org,434.729.3907x737,38,BLIDA,2024-10-07,Standard,518.0,7523.97,
CUST_01303,Sandra,Estrada,allensara@example.org,(325)685-1502x04502,34,Annaba,2023-11-23,Premium,797.0,7326.84,
CUST_01304,Nicole,Taylor,xcarlson@example.net,+1-233-679-5311x12359,52,Constantine,2024-01-25,Basic,455.0,7460.8,
CUST_01305,Jack,Murray,edward66@example.org,+1-751-308-5738x38554,29,Blida,2024-10-04,Standard,674.0,6541.37,
CUST_01306,Ryan,Williams,richardsmario@example.org,345.855.3706x2728,35,Sidi Bel Abbès,2023-06-18,Basic,697.0,16778.79,
CUST_01307,Scott,Cruz,meghancontreras@example.com,(362)964-1260x848,18,Sétif,2023-05-06,Standard,581.0,14512.61,
CUST_01308,Brianna,Fitzpatrick,fduncan@example.net,(730)439-9516x70450,34,Constantine,2025-08-10,Standard,479.0,17902.89,
CUST_01309,Jane,Barnes,ericagarcia@example.org,001-234-438-8804x85142,25,Batna,2024-09-08,Premium,648.0,743.0,
CUST_01310,John,Evans,trevinoduane@example.org,001-331-334-2755x7672,55,Batna,2023-09-28,Premium,624.0,10887.220000000001,
CUST_01311,Andrew,Mitchell,james18@example.net,443.969.5310,21,Sidi Bel Abbès,2023-03-22,Premium,660.0,11162.97,
CUST_01312,Dawn,Flores,lthomas@example.org,+1-379-226-5173x28162,18,Biskra,2024-05-01,Standard,715.0,10201.060000000001,
CUST_01313,Lori,Moore,wheelerjohn@example.net,757-437-6710,25,Tlemcen,2024-05-28,Basic,850.0,7898.98,
CUST_01314,Shannon,Smith,michael99@example.net,453-204-4500,39,Constantine,2025-03-11,Standard,663.0,7286.699999999999,
CUST_01315,Nicholas,Roman,annpeters@example.org,945.802.9586,42,Algiers,2023-07-30,Basic,547.0,14624.130000000001,
CUST_01316,Kimberly,Nelson,joshuacohen@example.com,+1-454-918-2368x81013,44,Constantine,2023-01-29,Standard,591.0,8838.880000000001,
CUST_01317,Monica,Edwards,johnbrooks@example.org,+1-442-720-1388,46,Annaba,2023-05-21,Standard,669.0,4242.51,
CUST_01318,Kelli,Singh,keithemily@example.net,963-560-3891,27,Sétif,2024-08-30,Standard,607.0,6104.009999999999,
CUST_01319,Steven,Dixon,deborah67@example.org,9002521410,20,Sidi Bel Abbès,2023-03-17,Standard,693.0,5090.22,
CUST_01320,John,Castro,baueremily@example.net,612-737-0851x19194,37,Blida,2025-09-01,Premium,637.0,4500.96,
CUST_01321,Robert,Kennedy,ycooper@example.org,+1-827-467-1377x188,32,Sétif,2023-08-02,Standard,575.0,11724.62,
CUST_01322,Michael,Rodriguez,yhubbard@example.com,+1-530-955-7371,36,Blida,2025-05-02,Standard,809.0,2362.1,
CUST_01323,Brandon,Blair,gracepennington@example.com,,24,Sidi Bel Abbès,2024-02-11,Basic,551.0,2601.88,
CUST_01324,Colin,Evans,brookskenneth@example.org,296-686-3647,46,Sétif,2023-10-21,Standard,613.0,4823.49,
CUST_01325,Amanda,Cunningham,nmcintosh@example.com,+1-583-800-4837,52,Annaba,2024-12-07,Basic,643.0,9758.34,
CUST_01326,Christian,Cooper,juliethomas@example.net,+1-612-270-6593x410,26,Sétif,2025-02-03,Standard,737.0,5314.47,
CUST_01327,Gina,Riley,danielsgeorge@example.net,(347)918-3018,40,Tlemcen,2025-03-07,Standard,511.0,12993.36,
CUST_01328,sonya,Pearson,ccook@example.net,+1-784-497-4997x990,40,Constantine,2023-03-08,Basic,497.0,2361.4700000000003,
CUST_01329,David,Ramirez,agibbs@example.com,318.898.1061x73563,27,Annaba,2025-05-08,Standard,627.0,30791.89,
CUST_01330,Gary,Murray,marissa72@example.net,001-561-269-4963x78811,34,Sétif,2024-06-15,Basic,770.0,3372.7200000000003,
CUST_01331,Stacie,Wolfe,gallagherdawn@example.org,516.375.3216x3361,47,Sidi Bel Abbès,2024-09-14,Standard,588.0,5738.48,
CUST_01332,Alison,Adams,websterbrandon@example.net,+1-503-772-9545x858,30,Sétif,2025-07-29,Standard,572.0,5789.639999999999,
CUST_01333,Lori,Young,hernandezmelissa@example.net,392.425.5174,42,Batna,2024-07-15,Standard,655.0,10056.08,
CUST_01334,Natalie,Soto,marilyn62@example.org,001-723-660-1863x994,38,Oran,2025-05-03,Standard,712.0,7837.26,
CUST_01335,Jennifer,Peters,jesus56@example.org,001-609-730-7968x59096,20,Tlemcen,2024-06-24,Standard,690.0,4521.21,
CUST_01336,Derek,Ramirez,hartkara@example.net,(317)373-5166,52,Annaba,2023-07-06,Standard,521.0,17039.66,
CUST_01337,Christy,Lee,echavez@example.net,(417)434-0242,18,Blida,2023-02-23,Standard,454.0,7280.049999999999,
CUST_01338,Christina,Suarez,lisabrown@example.net,323.665.4018,39,Blida,2023-09-02,Standard,833.0,9152.25,
CUST_01339,Kenneth,Stanton,eric02@example.net,835-309-4765x118,-1,Batna,2024-02-11,Standard,750.0,2800.25,
CUST_01340,Joshua,Salazar,dakota75@example.org,+1-389-213-7054x245,38,Biskra,2025-08-04,Premium,598.0,4868.55,
CUST_01341,Harold,Dalton,,894-429-9202x37666,30,Constantine,2024-07-28,Standard,726.0,3512.54,
CUST_01342,Jesus,Medina,carrollchristopher@example.org,+1-883-890-9342x4240,18,Constantine,2024-05-26,Basic,418.0,8107.29,
CUST_01343,Jacob,Ortiz,lindacraig@example.net,+1-633-243-7518x669,44,Biskra,2024-03-02,Standard,742.0,662.8,
CUST_01344,Lindsey,Cain,justinluna@example.org,(792)485-5074x3509,31,Biskra,2024-10-06,Premium,745.0,8148.17,
CUST_01345,Sharon,Roman,chelsea70@example.org,001-369-964-5359,66,Sétif,2023-11-06,Standard,,15259.92,
CUST_01346,Jonathan,Martinez,adamgill@example.net,842-988-7344x96686,35,Tlemcen,2024-06-24,Standard,473.0,2318.34,
CUST_01347,Beth,Bryant,dhaynes@example.net,+1-606-990-1497x1103,29,Oran,2023-11-16,Basic,803.0,7056.12,
CUST_01348,Timothy,Howard,aluna@example.net,618-586-0167x44923,33,Batna,2024-09-11,Basic,569.0,1059.81,
CUST_01349,Danielle,Graham,andrew45@example.org,+1-856-369-3754x0242,35,Sidi Bel Abbès,2025-05-11,Standard,456.0,5299.13,
CUST_01350,Amanda,Jackson,laurie14@example.org,(850)638-5762,46,Biskra,2025-11-04,Standard,666.0,13652.98,
CUST_01351,Charles,Jenkins,zacharyroberts@example.org,001-468-906-3585x30101,-1,Biskra,2024-08-06,Premium,574.0,23639.07,
CUST_01352,Carolyn,Miller,aaroncarter@example.net,(827)475-8670x365,25,Algiers,2025-09-13,Standard,698.0,5012.929999999999,
CUST_01353,Julie,Lewis,erin39@example.com,(989)863-3181x2335,25,Oran,2024-04-17,Standard,576.0,3760.8100000000004,
CUST_01354,Megan,Barrera,handrade@example.com,745-277-6262x6367,35,Biskra,2024-09-15,Standard,630.0,6666.62,
CUST_01355,Regina,Melendez,qcervantes@example.com,001-959-644-3485x29537,25,Algiers,2025-10-01,Basic,544.0,2178.14,
CUST_01356,Kristen,Alvarez,ebarnes@example.com,6429076751,19,Batna,2023-06-18,Standard,618.0,18977.11,
CUST_01357,Christopher,Stewart,pmiranda@example.org,8997000940,44,Sétif,2023-12-08,Basic,613.0,20069.94,
CUST_01358,William,Allen,jennifer53@example.net,965-235-2326x60004,39,Tlemcen,2025-01-27,Standard,680.0,10359.59,
CUST_01359,Chad,Fitzgerald,brenda56@example.org,399-389-9651,18,Batna,2024-05-15,Premium,9999.0,17712.39,
CUST_01360,Kaitlyn,West,richard14@example.net,877-861-8687x0479,35,Sétif,2024-07-04,Standard,850.0,3132.47,
CUST_01361,Dylan,Mendez,,+1-495-408-9142x330,36,Sidi Bel Abbès,2024-02-18,Premium,796.0,11547.5,
CUST_01362,Justin,Smith,mary39@example.net,(622)914-0513x18660,41,Blida,2024-03-20,Standard,516.0,29847.22,
CUST_01363,John,Arnold,kingjessica@example.net,224-474-4203x59441,32,Annaba,2025-03-19,Basic,568.0,4391.73,
CUST_01364,Timothy,Perez,victoria86@example.com,477-741-3135x1830,50,Biskra,2023-12-26,Standard,561.0,12182.24,
CUST_01365,Joseph,Duffy,ibarton@example.org,(739)288-5217x895,45,Tlemcen,2024-06-06,Standard,627.0,15948.45,
CUST_01366,Janice,Byrd,rangelteresa@example.net,(355)581-6759x2383,20,Blida,2024-06-17,Premium,600.0,4358.62,
CUST_01367,Stephanie,Davis,oconnorvictoria@example.net,446-334-2924,19,Tlemcen,2025-06-29,Basic,541.0,7595.51,
CUST_01368,audrey,Garner,tiffanyboone@example.net,001-812-318-5273x4114,45,Annaba,2023-08-12,Basic,654.0,8425.779999999999,
CUST_01369,Martin,Davidson,james01@example.com,303.304.4077,29,Algiers,2024-09-17,Basic,639.0,22514.42,
CUST_01370,Pamela,Russell,elizabeth55@example.com,(663)745-4182x99126,51,Constantine,2023-01-11,Standard,593.0,5303.9400000000005,
CUST_01371,Kristopher,Miller,johnsonteresa@example.net,001-866-491-0082x2421,47,Sétif,2025-05-03,Standard,641.0,8208.86,
CUST_01372,Sara,Hernandez,chenvictor@example.net,(326)299-6208x3479,34,Algiers,2023-11-25,Standard,521.0,5334.07,
CUST_01373,Jerry,Bates,travis28@example.net,903.422.0074x859,21,Blida,2025-04-12,Standard,482.0,5151.17,
CUST_01374,Angela,Crosby,chelseadavis@example.com,(805)280-2860,39,Blida,2024-07-09,Standard,543.0,3727.75,
CUST_01375,Glenn,Mcconnell,josebarnes@example.com,774-876-9509x0418,39,Sétif,2025-10-02,Standard,432.0,11906.93,
CUST_01376,Jordan,Johnson,wmurphy@example.com,(838)787-8887,34,Sétif,2024-12-15,Standard,390.0,3757.81,
CUST_01377,Rhonda,Austin,charlesprice@example.org,(622)990-1138x60479,38,Oran,2025-02-15,Standard,687.0,18923.22,
CUST_01378,Christina,Lewis,clarkdavid@example.net,001-348-695-3829x4419,21,Sidi Bel Abbès,2025-04-16,Standard,656.0,7873.8,
CUST_01379,Jessica,Krueger,kyleanderson@example.org,001-551-467-3095,25,Sétif,2024-05-05,Standard,668.0,1483.03,
CUST_01380,Lindsey,Scott,hbriggs@example.net,001-265-362-9258x22828,29,Biskra,2023-07-09,Premium,583.0,13389.13,
CUST_01381,John,Clark,gvillanueva@example.com,(584)967-6780x96458,48,Blida,2025-01-24,Standard,614.0,7778.85,
CUST_01382,Autumn,Guerra,fcook@example.org,(631)975-5592x897,31,Blida,2023-02-15,Standard,728.0,37985.59,
CUST_01383,Gina,Thornton,tara62@example.com,851.719.9764x534,38,Batna,2023-01-29,Standard,689.0,0.0,
CUST_01384,Michael,Davidson,olivia96@example.com,596.230.0935x82016,53,Oran,2025-02-20,Basic,668.0,14838.13,
CUST_01385,Mark,Alvarez,geraldcampbell@example.org,648.834.9276x68098,37,Algiers,2025-09-23,Standard,501.0,13123.55,
CUST_01386,Linda,Sawyer,hilllaura@example.org,380-715-3735x8667,40,Batna,2023-08-25,Standard,700.0,16486.16,
CUST_01387,Robert,Smith,brendastafford@example.org,+1-667-346-2720x536,47,Oran,2024-08-29,Premium,649.0,6125.45,
CUST_01388,Eric,Schmidt,riley28@example.com,001-702-415-5383x0775,29,Oran,2025-08-09,Standard,652.0,3541.2000000000003,
CUST_01389,Paul,Butler,sherriwood@example.com,+1-384-346-0789x0751,29,Sidi Bel Abbès,2024-04-24,Basic,696.0,4197.75,
CUST_01390,Mitchell,Hernandez,kerry49@example.org,631-964-9828x38597,62,Sidi Bel Abbès,2024-03-02,Basic,779.0,4660.48,
CUST_01391,Nicholas,Flores,olsonmichael@example.com,001-494-434-3687x7156,18,Algiers,2025-05-09,Standard,698.0,20352.52,
CUST_01392,Joseph,Salazar,tuckerstacey@example.net,341.253.5977,19,Algiers,2023-03-12,Basic,575.0,17486.87,
CUST_01393,Stephanie,Schneider,,+1-743-814-8722x557,40,Blida,2023-03-05,Standard,558.0,9599.96,
CUST_01394,Matthew,Wong,zparker@example.net,257-739-5232x85558,31,Sidi Bel Abbès,2025-02-07,Premium,782.0,2556.04,
CUST_01395,kevin,Freeman,valdezrichard@example.org,341.636.2334x70407,65,Sétif,2025-04-14,Standard,830.0,12039.58,
CUST_01396,Wendy,Wallace,scotttiffany@example.net,001-773-241-8559,34,Biskra,2025-01-01,Basic,624.0,342.6,
CUST_01397,Victor,Campbell,djohnson@example.org,296.210.1759,53,Oran,2024-03-06,Basic,353.0,23688.32,
CUST_01398,Austin,Reyes,autumn78@example.com,001-592-885-5162x159,37,Sidi Bel Abbès,2024-01-26,Standard,748.0,16124.74,
CUST_01399,John,Bolton,ptucker@example.com,+1-658-396-0707x22883,52,Annaba,2023-07-22,Standard,759.0,9038.5,
CUST_01400,Michael,Rodriguez,cheryljones@example.org,8978427493,36,Annaba,2023-10-21,Standard,574.0,2428.08,
CUST_01401,Jennifer,Acosta,ealexander@example.net,480-830-0735x658,19,ALGIERS,2024-05-27,Standard,850.0,5743.759999999999,
CUST_01402,Terri,Cooper,uyoung@example.com,001-341-328-8669,35,Constantine,2024-11-17,Standard,539.0,12835.310000000001,
CUST_01403,Summer,Robles,charlessims@example.org,726-911-9789x25946,18,Blida,2024-10-01,Basic,494.0,3440.1099999999997,
CUST_01404,Joshua,Melendez,henryparks@example.com,541-218-1851x367,28,Batna,2023-04-19,Basic,772.0,21148.16,
CUST_01405,Jamie,Petersen,vaughnjavier@example.net,(684)518-4714x62201,35,Annaba,2023-08-05,Standard,763.0,13074.64,
CUST_01406,Joseph,Brown,rodriguezscott@example.net,960.930.8764,36,Algiers,2025-01-22,Standard,623.0,5712.360000000001,
CUST_01407,Alex,Fisher,igraham@example.org,001-976-429-5076x71621,31,Algiers,2023-09-17,Basic,656.0,4250.6,
CUST_01408,Alexandra,Black,douglasdakota@example.com,001-630-832-6456,33,Sidi Bel Abbès,2023-10-05,Premium,746.0,18174.43,
CUST_01409,Brianna,Miller,,+1-706-349-0970x342,35,Tlemcen,2024-03-19,Standard,574.0,29488.71,
CUST_01410,Brian,Tran,,+1-329-767-0742,32,Annaba,2023-01-24,Standard,785.0,10915.96,
CUST_01411,John,Valenzuela,kimberlypeterson@example.org,(202)421-6908x8754,38,Tlemcen,2023-07-24,Standard,612.0,0.0,
CUST_01412,Kendra,Richardson,katelyncarey@example.org,+1-891-506-5735x17454,37,Batna,2023-03-25,Standard,640.0,12396.86,
CUST_01413,Nancy,Navarro,brandon12@example.net,231.595.5897,30,Batna,2025-04-15,Basic,754.0,3948.8399999999997,
CUST_01414,Michelle,Chavez,fhickman@example.com,001-403-605-6870x941,18,Sétif,2022-11-17,Standard,437.0,1940.43,
CUST_01415,Christopher,Myers,kathleenwelch@example.net,233-276-8418x76776,39,Sétif,2023-09-14,Standard,762.0,12300.59,
CUST_01416,Kyle,David,qrhodes@example.org,873-903-3249,23,Batna,2025-08-08,Standard,475.0,4607.860000000001,
CUST_01417,Tonya,Kemp,virginia51@example.org,884-280-9473x1815,42,Batna,2025-05-26,Standard,551.0,6172.87,
CUST_01418,Francis,Williams,lisa47@example.com,911-707-9764,43,Blida,2024-11-19,Basic,764.0,6902.75,
CUST_01419,Michael,Peterson,williamtyler@example.org,(569)234-8540,36,Tlemcen,2024-05-21,Standard,617.0,7610.469999999999,
CUST_01420,Sue,James,,001-999-926-1382x6870,37,Sidi Bel Abbès,2024-03-07,Standard,850.0,1185.42,
CUST_01421,Nicholas,Williams,ashleyorozco@example.com,(363)277-9271,24,Sidi Bel Abbès,2025-02-21,Standard,711.0,27808.1,
CUST_01422,Vanessa,Martinez,qjackson@example.org,(582)643-2333x02399,32,Blida,2024-01-01,Standard,850.0,17007.78,
CUST_01423,Kristin,Olsen,davenportstephanie@example.com,001-743-906-9523,48,Biskra,2025-07-03,Standard,641.0,25287.63,
CUST_01424,Marcus,Taylor,christopher85@example.org,500.364.4885x4875,18,Oran,2025-10-01,Standard,573.0,3254.27,
CUST_01425,Crystal,Duran,,(780)753-7642,21,Algiers,2024-04-20,Standard,724.0,11040.89,
CUST_01426,Michele,Bean,bstephens@example.net,(903)292-2131,22,ORAN,2024-09-23,Basic,682.0,23578.31,
CUST_01427,Jennifer,Nguyen,nbrandt@example.net,001-492-687-9872x87314,27,Tlemcen,2023-12-14,Standard,627.0,5930.5599999999995,
CUST_01428,Riley,Johnston,wellselizabeth@example.com,241-260-3328x8807,38,Batna,2023-02-06,Standard,547.0,3490.8199999999997,
CUST_01429,Blake,Rose,matthew12@example.org,(320)817-5454,57,Blida,2024-06-14,Premium,716.0,13662.75,
CUST_01430,Christine,Barrett,brownpamela@example.com,(227)550-1526x97442,55,SÉTIF,2023-01-11,Premium,481.0,28900.86,
CUST_01431,Amanda,Wang,jessica33@example.org,001-258-872-3836,51,Algiers,2025-04-02,Premium,845.0,5877.92,
CUST_01432,Michelle,Rogers,jermainemorales@example.org,885-981-9701x501,19,TLEMCEN,2025-10-22,Basic,565.0,4501.8099999999995,
CUST_01433,Theresa,Caldwell,williamsonmichael@example.net,(501)482-8523,27,Tlemcen,2024-03-19,Standard,815.0,5794.51,
CUST_01434,Adam,Adams,karenrichards@example.net,(891)558-5511,59,Tlemcen,2024-10-19,Standard,654.0,13252.28,
CUST_01435,Christopher,Guzman,mckeesteven@example.com,714-324-8739x6262,25,Biskra,2025-08-22,Premium,600.0,12089.65,
CUST_01436,John,Jones,denise77@example.org,001-967-472-4434x35497,35,Tlemcen,2025-10-15,Standard,653.0,3076.6800000000003,
CUST_01437,Nicholas,Woods,rebecca43@example.net,+1-802-299-0348x04247,39,Algiers,2025-01-10,Standard,379.0,16732.449999999997,
CUST_01438,Ashley,Smith,barnesmichael@example.org,262.542.6622x5492,37,Sétif,2025-03-17,Standard,508.0,5693.82,
CUST_01439,Jerry,Larson,,4154273117,35,Sétif,2023-10-18,Basic,738.0,7686.110000000001,
CUST_01440,Cameron,Henry,robert00@example.net,684-929-3359,30,Blida,2023-05-10,Basic,555.0,4395.97,
CUST_01441,Barbara,Walsh,,653-990-2262,49,Annaba,2024-01-27,Standard,462.0,4136.07,
CUST_01442,Alex,Cortez,cassiesmith@example.org,001-906-547-6144x278,27,Batna,2023-10-26,Basic,728.0,1241.9099999999999,
CUST_01443,Donna,Williams,gregory31@example.com,+1-579-620-6754x939,27,Annaba,2024-11-30,Basic,702.0,29184.149999999998,
CUST_01444,Ricardo,Smith,,(528)578-3573x381,40,Algiers,2025-08-31,Standard,532.0,12110.22,
CUST_01445,Jesse,Peterson,brentodom@example.com,412-224-7409x8537,55,Annaba,2023-07-22,Standard,542.0,4981.24,
CUST_01446,Bradley,Moon,pwilliams@example.org,610-471-5558x70940,42,Constantine,2025-07-20,Standard,682.0,3734.77,
CUST_01447,Lisa,Leonard,phillip11@example.net,+1-325-351-2538x078,32,Annaba,2025-05-01,Standard,673.0,24094.74,
CUST_01448,jessica,Blackwell,,001-949-341-9715x755,43,Sétif,2024-02-28,Basic,666.0,9357.14,
CUST_01449,Jerry,Benjamin,tinaortiz@example.org,(816)321-8563x52007,40,Batna,2022-12-27,Basic,798.0,1863.83,
CUST_01450,Eric,Edwards,wmason@example.net,+1-269-377-1433x6080,34,Algiers,2023-02-06,Premium,693.0,4394.94,
CUST_01451,Justin,Webster,atkinsonjessica@example.net,(578)288-8189,25,Blida,2025-04-05,Standard,644.0,7310.31,
CUST_01452,Paula,Douglas,jmays@example.net,868-278-5185,42,Batna,2024-09-29,Premium,518.0,3036.0399999999995,
CUST_01453,donna,Reyes,,(672)980-0727x2081,18,Constantine,2024-10-04,Basic,558.0,14826.7,
CUST_01454,Stephen,Bell,andrew83@example.net,001-308-630-6978x9995,40,Batna,2025-10-17,Standard,533.0,9133.720000000001,
CUST_01455,Cathy,Harris,qsnow@example.com,749.906.6886x7518,31,Oran,2023-02-12,Premium,721.0,5734.08,
CUST_01456,Kevin,Jordan,elizabeth56@example.org,731-880-7392x0025,38,Batna,2025-02-20,Standard,619.0,4319.74,
CUST_01457,Jason,Townsend,polson@example.org,+1-931-467-8719x26154,22,Algiers,2025-06-02,Basic,686.0,16153.71,
CUST_01458,Douglas,Ortega,stephaniemoses@example.com,950-805-4908x09983,39,Sidi Bel Abbès,2023-07-29,Basic,810.0,594.6,
CUST_01459,William,Taylor,ndavis@example.org,343.683.0009,49,Annaba,2023-10-20,Standard,537.0,1128.33,
CUST_01460,Christina,Montgomery,valerievasquez@example.net,917-599-6546x628,37,Batna,2023-03-01,Standard,655.0,1607.74,
CUST_01461,Catherine,Gray,matthewchavez@example.com,+1-860-902-2302x3405,34,Sidi Bel Abbès,2025-06-04,Standard,658.0,6383.01,
CUST_01462,theresa,Garcia,christian58@example.net,001-204-318-2805x1666,18,Constantine,2023-07-08,Basic,688.0,6470.99,
CUST_01463,David,Rose,kelsey79@example.org,001-886-736-1527,39,Biskra,2025-04-18,Standard,607.0,1971.1,
CUST_01464,Melissa,Campbell,eric22@example.com,001-982-348-8631x373,27,Blida,2023-12-19,Standard,667.0,28591.809999999998,
CUST_01465,Jeremy,Jones,gentryanthony@example.org,(269)614-1939x6061,52,Sidi Bel Abbès,2025-08-28,Standard,725.0,7890.299999999999,
CUST_01466,Kristin,Marks,rivaslisa@example.net,(556)692-4768,18,Oran,2025-10-08,Standard,,17801.09,
CUST_01467,Jeffrey,Miller,gonzalezchad@example.org,781-340-5132,41,Sidi Bel Abbès,2025-06-26,Standard,632.0,8459.64,
CUST_01468,Elizabeth,Collins,xjohnson@example.com,9945067148,-1,Oran,2022-12-05,Standard,704.0,7063.08,
CUST_01469,Dan,Pacheco,kathryn64@example.com,522.975.7940x7403,47,Blida,2023-08-22,Standard,610.0,8374.83,
CUST_01470,Courtney,Austin,osmith@example.org,+1-813-269-4126x410,40,Annaba,2023-05-14,Standard,623.0,5773.639999999999,
CUST_01471,Katherine,Hayes,shelbywarner@example.net,8577631010,44,Blida,2024-02-01,Standard,767.0,6214.82,
CUST_01472,Cody,Morris,sjohnson@example.org,8476486794,48,Biskra,2023-08-15,Basic,594.0,41131.17,
CUST_01473,Chad,Smith,richardrodriguez@example.org,570.517.7375x949,24,Algiers,2024-03-12,Standard,572.0,1721.72,
CUST_01474,Dakota,Huynh,ramosaudrey@example.com,6043902144,38,Batna,2023-11-13,Standard,529.0,24932.63,
CUST_01475,Brittany,West,jessewade@example.net,796-555-2391x7033,31,Algiers,2025-06-29,Standard,588.0,4930.110000000001,
CUST_01476,Katherine,Collins,paulpowell@example.com,561.697.7317,30,Sétif,2024-12-12,Premium,586.0,4895.85,
CUST_01477,Eric,Hunter,sarahgonzalez@example.net,+1-858-965-3927,24,Oran,2023-08-24,Basic,581.0,5538.490000000001,
CUST_01478,Christian,Schaefer,joshuagonzalez@example.org,001-779-967-0605x58173,30,Tlemcen,2023-03-29,Standard,725.0,8148.120000000001,
CUST_01479,Nicole,Martinez,matthewlong@example.net,+1-993-254-6463,18,Oran,2025-09-05,Standard,608.0,938.6,
CUST_01480,Elaine,Fuller,michael03@example.net,001-734-427-1866x925,30,Tlemcen,2025-05-13,Standard,642.0,2130.5,
CUST_01481,Deborah,Murphy,pedrobrown@example.org,+1-611-601-5616x19738,40,Tlemcen,2024-09-28,Standard,697.0,4344.5599999999995,
CUST_01482,Christopher,Meza,aaronchambers@example.net,523.384.6990x86723,37,Algiers,2023-08-28,Standard,645.0,27575.92,
CUST_01483,Jose,Martinez,,(855)561-9221x88220,29,Oran,2024-06-10,Standard,654.0,5499.4800000000005,
CUST_01484,Tracey,Short,castillobryan@example.net,+1-530-723-6416x9368,43,TLEMCEN,2024-08-20,Basic,481.0,4128.4800000000005,
CUST_01485,Robert,Ford,alexis32@example.org,001-819-932-5282,38,Oran,2023-05-22,Standard,630.0,11814.28,
CUST_01486,Pamela,Allen,cassidy99@example.com,(625)529-6444,34,Sétif,2025-03-01,Standard,,23001.07,
CUST_01487,Jessica,Graham,wigginsnicole@example.org,933-306-4098x0587,-1,BATNA,2023-10-25,Premium,850.0,16765.51,
CUST_01488,Michael,Leonard,,(378)479-0259,51,Algiers,2025-01-01,Standard,572.0,13163.85,
CUST_01489,Joseph,Price,taylorwilson@example.org,001-466-703-2358x4180,19,Batna,2024-11-02,Basic,599.0,15932.04,
CUST_01490,Bridget,Bean,uhammond@example.com,001-439-657-9551,24,Sidi Bel Abbès,2023-09-03,Standard,463.0,6597.0599999999995,
CUST_01491,Christopher,Brown,vanessarichmond@example.com,3383625676,50,Constantine,2023-12-16,Standard,632.0,14818.71,
CUST_01492,Angela,Cross,,+1-405-663-0829,31,Biskra,2023-04-13,Standard,589.0,8924.29,
CUST_01493,Steven,Nixon,laurenwilliams@example.com,+1-488-231-2736x54852,25,Sidi Bel Abbès,2023-04-07,Standard,625.0,2927.73,
CUST_01494,Caleb,Cole,piercedevin@example.com,716-727-9636x512,38,Batna,2023-02-20,Standard,585.0,5501.43,
CUST_01495,Jenna,Smith,nicole08@example.org,+1-848-242-2623x003,32,Sidi Bel Abbès,2023-04-08,Standard,790.0,0.0,
CUST_01496,John,Johnson,aaronstrong@example.net,224-337-5391x692,18,Sétif,2024-12-28,Standard,645.0,11015.59,
CUST_01497,Jeffrey,Henderson,jsalazar@example.com,001-340-833-0454x4106,53,Sétif,2023-08-28,Standard,726.0,3484.34,
CUST_01498,Steven,Johnson,kelly58@example.org,451-276-4296,39,Tlemcen,2023-04-03,Premium,787.0,30166.54,
CUST_01499,Cody,Howard,lisa96@example.net,001-461-531-5255,22,Constantine,2023-04-06,Basic,636.0,9255.52,
CUST_01500,Laura,Tran,nguyenmary@example.org,574.735.4047x625,21,Algiers,2025-03-06,Premium,506.0,4403.87,
CUST_01501,Christopher,Melendez,lisaflores@example.net,(227)578-8826x03174,25,Algiers,2023-08-18,Basic,552.0,8450.78,
CUST_01502,Tamara,Lang,mannbrittany@example.org,+1-761-642-2935,25,Batna,2024-08-26,Basic,661.0,6352.54,
CUST_01503,Herbert,Nguyen,,999.811.3798x3045,45,CONSTANTINE,2024-03-10,Standard,641.0,11122.28,
CUST_01504,John,Wang,millerpaul@example.net,001-458-397-0152,25,ANNABA,2023-06-20,Standard,715.0,14582.49,
CUST_01505,Jenna,Larson,gbrown@example.org,976-612-8989x930,26,Sétif,2025-07-28,Standard,496.0,49.83,
CUST_01506,Joy,Adkins,mray@example.org,415.760.3387x885,31,Biskra,2025-06-12,Basic,623.0,5840.46,
CUST_01507,William,Hunt,paynekatie@example.org,001-576-930-9007,31,Tlemcen,2023-09-19,Standard,765.0,6035.84,
CUST_01508,brandi,Carr,kimberly57@example.net,+1-744-641-0769x2626,35,Annaba,2023-10-04,Standard,649.0,6172.44,
CUST_01509,Shannon,Gomez,norrisanthony@example.net,835-798-3985x907,21,Biskra,2025-06-06,Standard,606.0,12414.07,
CUST_01510,Shannon,Avila,qrivera@example.net,567-284-3407,44,Sidi Bel Abbès,2024-10-26,Standard,538.0,7997.28,
CUST_01511,Corey,Mcdaniel,,+1-535-700-7883x69223,33,Blida,2022-11-26,Standard,811.0,16665.09,
CUST_01512,Rebecca,Ortiz,david85@example.net,001-302-631-2653x27355,25,Tlemcen,2024-03-19,Standard,,1294.6699999999998,
CUST_01513,Jose,Vaughn,donaldanderson@example.com,771.946.9509x3555,50,Algiers,2025-08-08,Standard,637.0,29116.02,
CUST_01514,eduardo,Williams,ruizcharles@example.com,345-494-7612x1893,37,Sidi Bel Abbès,2024-11-22,Standard,816.0,4410.95,
CUST_01515,Katelyn,Smith,,(712)522-8305x6446,39,Algiers,2025-09-03,Premium,674.0,1396.71,
CUST_01516,Nathan,Nguyen,beverly02@example.com,656.507.7789,18,Annaba,2024-10-20,Premium,692.0,21654.88,
CUST_01517,Tony,Hodge,barbaraburke@example.com,+1-460-408-2369x62690,58,Constantine,2023-01-19,Premium,639.0,1941.22,
CUST_01518,Sean,Rush,moralesstephen@example.net,2675015120,18,Tlemcen,2025-05-29,Basic,629.0,11714.92,
CUST_01519,Johnny,Carr,egraham@example.org,362-418-3339,51,Tlemcen,2025-08-16,Basic,513.0,7387.67,
CUST_01520,Krista,Lynch,smithmatthew@example.org,912.626.0082x2837,40,Constantine,2024-03-23,Standard,711.0,1468.12,
CUST_01521,Brian,Mitchell,travis88@example.com,(282)306-3228,36,Constantine,2024-02-16,Premium,617.0,11858.79,
CUST_01522,Barbara,Brown,,001-252-847-6096,33,Blida,2024-03-08,Standard,663.0,5577.63,
CUST_01523,Heather,Scott,gregory73@example.com,+1-974-277-8840,42,Tlemcen,2023-09-06,Standard,699.0,3698.13,
CUST_01524,louis,Mcdonald,mcknightchristopher@example.net,489.872.8426x80928,18,Oran,2024-12-26,Standard,635.0,6325.37,
CUST_01525,Katelyn,Scott,vjohnson@example.org,818.860.5668x8031,52,Blida,2025-11-11,Premium,636.0,1899.0300000000002,
CUST_01526,Tara,Ray,cynthia27@example.net,331.324.2853x54160,32,Tlemcen,2024-07-13,Standard,700.0,24252.620000000003,
CUST_01527,Jose,Smith,ssmith@example.org,908.667.1520x7710,31,Algiers,2023-09-20,Basic,736.0,13423.72,
CUST_01528,Jeffrey,Proctor,jessica96@example.com,001-224-961-0511x090,58,Algiers,2025-04-23,Basic,555.0,30260.33,
CUST_01529,Tyler,Mclaughlin,barberalexander@example.org,(254)397-2392,43,Algiers,2025-10-31,Standard,749.0,23244.97,
CUST_01530,George,Santana,ndiaz@example.net,747.453.9659x7442,30,Sétif,2024-11-07,Standard,631.0,4401.83,
CUST_01531,Erin,Gallagher,elizabeth20@example.com,764-315-3740,38,Annaba,2023-07-31,Standard,648.0,0.0,
CUST_01532,Sharon,Lucero,mirandaclarke@example.com,001-399-976-8160x8557,18,Blida,2024-08-29,Standard,850.0,12575.4,
CUST_01533,Brandon,Cox,christina68@example.net,744-899-0803,42,Constantine,2023-09-18,Standard,623.0,13425.85,
CUST_01534,Brandon,Kelly,joseph09@example.net,001-486-932-4535,32,Tlemcen,2023-03-11,Standard,661.0,30699.02,
CUST_01535,Rachel,Davis,bartlettapril@example.net,584-466-8985,33,Oran,2023-08-05,Standard,681.0,3148.37,
CUST_01536,Margaret,Jenkins,brianhopkins@example.net,001-934-480-0226x425,39,Algiers,2023-11-14,Basic,581.0,12991.86,
CUST_01537,Martin,Payne,lynnholmes@example.com,+1-619-921-4749,23,Blida,2024-01-09,Standard,747.0,3118.42,
CUST_01538,Kenneth,Silva,emullen@example.net,+1-447-921-4617,23,Batna,2024-06-20,Standard,586.0,8774.470000000001,
CUST_01539,Lindsey,Cooper,christyprince@example.com,769.688.9798x877,32,BLIDA,2023-11-08,Premium,617.0,2697.31,
CUST_01540,Jonathan,Hayes,tammy34@example.org,892-493-6059,37,Sidi Bel Abbès,2023-11-11,Standard,722.0,9917.6,
CUST_01541,Vickie,Travis,johnhuang@example.net,+1-701-824-8447x936,37,Oran,2025-08-17,Basic,714.0,6000.01,
CUST_01542,chad,Ward,itaylor@example.net,207.706.5948,33,ANNABA,2023-03-03,Standard,787.0,11500.470000000001,
CUST_01543,Austin,Mann,treid@example.org,403.672.7186,39,Blida,2024-03-26,Standard,685.0,8323.47,
CUST_01544,Nancy,Barnes,marshdaniel@example.net,238-807-8287,18,Sétif,2023-02-05,Standard,537.0,3061.67,
CUST_01545,Heidi,Evans,william63@example.com,(854)818-0288x25212,35,Tlemcen,2022-12-27,Standard,509.0,1193.76,
CUST_01546,Sara,Flowers,,(488)228-4705,32,Annaba,2023-02-06,Standard,679.0,0.0,
CUST_01547,Jeffrey,Craig,udavis@example.org,420.936.6864,37,SIDI BEL ABBÈS,2024-07-01,Standard,657.0,614.08,
CUST_01548,Derek,Duffy,,001-360-232-0877x8347,-1,Sétif,2023-05-30,Standard,436.0,1702.56,
CUST_01549,Amanda,Colon,dana55@example.com,256.623.2770,39,Batna,2023-07-03,Premium,651.0,8608.7,
CUST_01550,Alyssa,Thornton,irobinson@example.com,622.285.7042,34,Constantine,2023-11-09,Standard,631.0,942.27,
CUST_01551,Matthew,Odonnell,tinaflynn@example.com,+1-604-811-6788x1596,34,Sidi Bel Abbès,2023-07-25,Standard,528.0,2641.9300000000003,
CUST_01552,Peter,Buchanan,,746.773.3229x12489,36,Biskra,2024-04-04,Standard,624.0,7604.5199999999995,
CUST_01553,Hannah,Johnson,pvance@example.net,+1-245-799-4264x076,40,Annaba,2023-01-15,Premium,646.0,0.0,
CUST_01554,David,Higgins,michelesanchez@example.net,5135871628,26,Batna,2024-02-20,Standard,587.0,309.78,
CUST_01555,Claudia,Flores,johnsonemily@example.org,(933)474-3567x027,36,Biskra,2025-03-01,Standard,689.0,7871.660000000001,
CUST_01556,Chad,Flores,bdiaz@example.net,+1-757-794-5759x599,42,Algiers,2025-07-15,Standard,497.0,11858.5,
CUST_01557,Mario,Wong,tanderson@example.net,571-748-5418,48,Constantine,2024-12-06,Standard,754.0,14321.94,
CUST_01558,David,Castaneda,douglas07@example.net,001-988-621-6511x92145,38,BLIDA,2023-10-28,Basic,674.0,2317.53,
CUST_01559,Brian,Harris,thomascruz@example.net,473-308-8240x353,48,Constantine,2025-01-28,Standard,729.0,9789.57,
CUST_01560,Justin,Esparza,doylegerald@example.org,001-763-940-9412x18052,19,Tlemcen,2023-10-25,Standard,642.0,9506.11,
CUST_01561,Ashley,Zimmerman,sara79@example.com,323-325-4601,32,ANNABA,2025-04-06,Standard,591.0,2518.4900000000002,
CUST_01562,Joyce,Blair,joseshaw@example.com,413.939.9627x6861,35,Annaba,2023-09-26,Basic,702.0,8047.71,
CUST_01563,David,Tate,anthonymartin@example.org,001-438-213-0149x480,25,Biskra,2024-07-01,Standard,615.0,2986.59,
CUST_01564,Allison,Jones,tbyrd@example.com,(431)391-9908,18,Annaba,2023-06-10,Standard,757.0,0.0,
CUST_01565,Philip,Hoffman,clintonhaley@example.org,001-366-970-4171x03891,44,Blida,2022-12-21,Standard,646.0,11381.84,
CUST_01566,Lisa,Johnson,jenniferharrington@example.org,001-734-249-5607x14876,57,Sidi Bel Abbès,2024-03-23,Premium,587.0,5019.889999999999,
CUST_01567,Karen,Hernandez,ehernandez@example.com,001-531-860-3781x10570,18,Annaba,2023-01-17,Standard,802.0,7041.59,
CUST_01568,Raymond,Murray,reedcathy@example.com,+1-366-793-2337x007,34,Biskra,2025-04-27,Premium,582.0,0.0,
CUST_01569,Kimberly,Carpenter,,932.634.3065,51,Blida,2025-07-05,Standard,664.0,12898.45,
CUST_01570,Amber,Fox,cindycurtis@example.org,759.709.7228x582,22,Blida,2023-12-07,Standard,530.0,3421.9500000000003,
CUST_01571,Yolanda,Rodriguez,shannonstephanie@example.org,548.923.6788,58,Annaba,2024-01-20,Standard,654.0,12986.89,
CUST_01572,Anna,Reid,stephaniepatel@example.org,836-947-5846x648,18,Blida,2023-02-27,Basic,499.0,8400.13,
CUST_01573,Jerry,Wang,benjaminperez@example.com,352-397-7601x45840,29,Blida,2023-08-16,Standard,788.0,2948.8500000000004,
CUST_01574,Christopher,Gonzales,mannjennifer@example.net,(311)368-6114x6036,18,Biskra,2024-09-07,Standard,682.0,513.1800000000001,
CUST_01575,Reginald,Goodman,matthew46@example.com,626-283-6843x771,50,Annaba,2023-09-25,Standard,682.0,3284.7799999999997,
CUST_01576,Lauren,Nelson,juan59@example.com,+1-466-500-3011x96227,38,Biskra,2023-12-29,Standard,544.0,8702.15,
CUST_01577,Brenda,Meadows,hannahpearson@example.net,001-573-668-3850x95709,19,Algiers,2025-03-16,Basic,744.0,14291.51,
CUST_01578,cassandra,Miller,antonio11@example.org,(840)434-8484x37700,42,Sidi Bel Abbès,2025-08-25,Basic,635.0,7186.320000000001,
CUST_01579,Mark,Guerrero,nancy14@example.org,+1-954-749-6695x421,39,Sétif,2023-04-03,Standard,740.0,5830.89,
CUST_01580,Matthew,Mason,rodrigueztammy@example.net,001-517-734-4794x592,19,Oran,2025-04-24,Standard,838.0,23846.65,
CUST_01581,Jennifer,Pierce,robertoblankenship@example.net,+1-671-700-1707x812,25,Sidi Bel Abbès,2024-01-29,Standard,547.0,7068.26,
CUST_01582,Charles,Rodgers,gatesmorgan@example.net,984-414-2355x2833,50,Biskra,2025-04-17,Standard,762.0,3210.96,
CUST_01583,Jennifer,Villarreal,jberry@example.org,+1-430-326-5647x71158,35,Biskra,2025-06-17,Standard,683.0,10781.6,
CUST_01584,Susan,Moyer,charles07@example.net,001-611-861-1464,25,Oran,2025-10-07,Standard,549.0,4459.969999999999,
CUST_01585,Yvonne,Chase,bruceray@example.com,924-973-8852x3774,64,Algiers,2023-01-12,Premium,753.0,1001.2,
CUST_01586,Ann,Clay,matthewthompson@example.org,(218)808-2267,50,Sétif,2024-02-06,Basic,850.0,12934.439999999999,
CUST_01587,Andrew,Weaver,renee38@example.org,001-357-216-4682,40,Algiers,2023-06-07,Standard,599.0,2278.47,
CUST_01588,Victoria,Kennedy,griffinlisa@example.com,508.686.6932x07098,26,Biskra,2023-09-05,Basic,650.0,4484.16,
CUST_01589,Eric,Neal,tvasquez@example.net,762.996.5074x456,48,Constantine,2024-02-23,Basic,670.0,11125.31,
CUST_01590,Randall,Rhodes,,279-547-7950,23,Blida,2023-11-12,Standard,493.0,7881.8099999999995,
CUST_01591,David,Hernandez,samuelwhite@example.net,903.526.4525,36,Annaba,2022-11-23,Premium,704.0,3666.88,
CUST_01592,Renee,Blake,qmolina@example.org,001-963-751-6852x2476,36,Oran,2023-03-29,Standard,741.0,0.0,
CUST_01593,Jean,Gonzalez,brownlauren@example.org,(769)833-2763x3422,37,CONSTANTINE,2025-03-08,Standard,601.0,1790.7999999999997,
CUST_01594,Kelli,Hall,paulawall@example.org,622.459.3103x3700,28,Annaba,2023-08-14,Standard,705.0,16630.519999999997,
CUST_01595,Paula,Harris,msmith@example.org,831.388.3845,61,Constantine,2023-12-11,Premium,770.0,2136.37,
CUST_01596,Tommy,Kelley,adamsjeffery@example.org,001-285-817-6968,38,Blida,2023-12-22,Standard,681.0,4514.72,
CUST_01597,Janice,Parker,codyburns@example.net,+1-537-492-6405,35,Sidi Bel Abbès,2023-06-17,Basic,656.0,5714.030000000001,
CUST_01598,Tara,Donaldson,xboyd@example.net,942.988.3903,18,Biskra,2025-06-14,Standard,538.0,14687.43,
CUST_01599,Erica,Miller,andrew21@example.net,859.265.5102x50666,35,Sétif,2024-10-20,Standard,767.0,7782.83,
CUST_01600,Jeffrey,Evans,truiz@example.net,001-386-232-8959,47,Annaba,2024-06-12,Standard,9999.0,6421.23,
CUST_01601,Jacob,Thomas,,759-663-7439x63994,41,Algiers,2023-06-20,Standard,735.0,14816.65,
CUST_01602,Anna,Flores,robert65@example.org,370-287-3002,51,CONSTANTINE,2025-01-26,Basic,541.0,3037.6400000000003,
CUST_01603,Sierra,Case,opowers@example.net,001-525-367-3223x4874,18,Sétif,2024-11-12,Standard,579.0,6313.039999999999,
CUST_01604,Adam,Davis,johnsonalex@example.net,966.707.3264x47893,32,Tlemcen,2023-12-14,Basic,640.0,8139.219999999999,
CUST_01605,Sheila,Davis,ynorton@example.net,+1-909-537-1645x81045,41,Blida,2024-02-13,Standard,613.0,7341.16,
CUST_01606,Susan,Conley,robin33@example.net,380.552.8905x665,39,Sidi Bel Abbès,2024-06-28,Premium,638.0,1421.96,
CUST_01607,Patricia,Singh,hdavis@example.net,237.843.4509x68593,37,Constantine,2025-02-07,Basic,727.0,14060.300000000001,
CUST_01608,Brian,Allen,zramirez@example.net,+1-324-434-3548x6952,18,Oran,2024-12-02,Basic,625.0,8721.58,
CUST_01609,Paul,Carson,hbrown@example.net,2356469466,48,TLEMCEN,2025-04-09,Standard,710.0,3412.13,
CUST_01610,Jason,Powell,bhill@example.net,001-211-561-2215,65,Tlemcen,2025-04-24,Premium,499.0,0.0,
CUST_01611,Richard,Edwards,andrea68@example.net,001-519-700-4158x933,43,Constantine,2025-05-26,Standard,682.0,4555.2,
CUST_01612,Robert,Espinoza,osmith@example.net,450-602-9573x80101,40,Batna,2025-06-07,Premium,776.0,21855.260000000002,
CUST_01613,Cody,Weaver,angelica61@example.net,399-591-3650x5519,31,Tlemcen,2024-02-06,Premium,463.0,1688.34,
CUST_01614,Samuel,Shaw,ajones@example.net,2499293285,18,Oran,2024-08-30,Basic,582.0,17799.11,
CUST_01615,Christopher,Estes,jaredtaylor@example.org,395-922-0940x037,18,Sidi Bel Abbès,2023-12-15,Standard,662.0,30365.320000000003,
CUST_01616,Angela,Cruz,ascott@example.com,(811)726-2030x6951,35,Sidi Bel Abbès,2024-11-19,Premium,599.0,7839.45,
CUST_01617,Gary,Wilson,pwilliams@example.org,+1-211-423-9933,54,Batna,2023-12-08,Basic,850.0,11969.67,
CUST_01618,Nancy,Romero,icarpenter@example.org,(823)314-5968x89109,28,Tlemcen,2025-02-25,Standard,608.0,12027.740000000002,
CUST_01619,Michelle,Williams,michael52@example.org,620-336-0816,42,Biskra,2025-03-03,Standard,712.0,17493.949999999997,
CUST_01620,Jon,Burgess,ilarsen@example.net,897-714-0834,35,Blida,2023-09-15,Standard,657.0,26964.489999999998,
CUST_01621,Nancy,Johnson,rsmith@example.net,780-262-7456x69839,44,Sidi Bel Abbès,2023-08-21,Basic,742.0,9467.119999999999,
CUST_01622,Charlene,Hill,douglas90@example.com,+1-857-376-2538x476,25,Tlemcen,2025-04-13,Standard,631.0,8414.48,
CUST_01623,James,Davis,tyler86@example.org,346.385.9026x2976,21,Sétif,2024-01-10,Standard,673.0,12015.529999999999,
CUST_01624,Kayla,Fernandez,msmith@example.com,+1-782-846-8967x016,36,Constantine,2025-05-19,Standard,709.0,5155.55,
CUST_01625,Julie,Underwood,bradley15@example.com,(731)425-2423,49,Batna,2025-05-07,Standard,737.0,2415.5699999999997,
CUST_01626,Peter,Johnson,julie89@example.com,+1-561-772-1505x205,46,Annaba,2025-03-02,Standard,601.0,6013.98,
CUST_01627,jacob,Wilson,nathan60@example.com,+1-493-642-3221x091,35,Blida,2025-07-13,Basic,9999.0,2895.3199999999997,
CUST_01628,Jeremy,Rodriguez,regina14@example.org,+1-478-634-3779,28,Algiers,2025-02-17,Standard,815.0,5786.450000000001,
CUST_01629,Colin,Wilson,,001-481-681-0096,29,Constantine,2025-10-13,Basic,514.0,10900.92,
CUST_01630,Maurice,Ford,rcochran@example.com,(487)574-5263x488,24,Sidi Bel Abbès,2025-05-03,Standard,629.0,10674.02,
CUST_01631,Edward,Collins,davidmorris@example.com,217-588-2805,56,Blida,2023-11-15,Standard,850.0,10190.42,
CUST_01632,Jerry,Fitzgerald,williamruiz@example.org,976-676-6608x288,23,Batna,2024-12-25,Basic,618.0,11260.5,
CUST_01633,Maria,Griffin,briankennedy@example.org,436-885-9315,37,Constantine,2023-02-24,Basic,542.0,28434.260000000002,
CUST_01634,Diana,Castillo,jennifer14@example.com,401.806.1445,21,Blida,2023-12-03,Standard,714.0,10003.259999999998,
CUST_01635,Steven,Nelson,jasonlarson@example.net,911.253.3349x7296,42,Oran,2022-12-09,Basic,703.0,37383.75,
CUST_01636,Brandon,Harris,jeremy49@example.net,858.258.6188x8178,44,Constantine,2023-03-18,Standard,728.0,2496.4400000000005,
CUST_01637,Ashley,Hernandez,jeff63@example.net,(474)490-3312,31,Annaba,2025-06-23,Basic,376.0,8762.29,
CUST_01638,Marc,Hawkins,csmith@example.org,+1-914-283-6874x77740,28,Annaba,2024-01-27,Standard,520.0,5789.549999999999,
CUST_01639,Robert,Bolton,richard07@example.com,001-822-482-1282x193,18,Sidi Bel Abbès,2024-07-12,Basic,835.0,6088.969999999999,
CUST_01640,Jose,Alexander,,+1-833-804-5969x206,30,Algiers,2025-07-11,Standard,9999.0,14657.27,
CUST_01641,Amy,Hinton,whitejohnny@example.com,658.849.8118,42,Batna,2023-02-27,Standard,487.0,0.0,
CUST_01642,Tammy,White,salaskara@example.com,+1-317-304-8364,18,Sétif,2025-01-16,Premium,507.0,5397.47,
CUST_01643,Beth,Frost,ashley42@example.org,+1-937-493-1363x659,43,SIDI BEL ABBÈS,2024-01-24,Standard,797.0,8657.83,
CUST_01644,Ronald,Vasquez,ndiaz@example.com,+1-361-734-1749,45,Annaba,2025-03-09,Basic,759.0,5454.96,
CUST_01645,Wendy,Johnson,harold72@example.org,299.307.6150,43,Oran,2023-02-09,Standard,741.0,59250.85,
CUST_01646,Chelsea,Cook,parkerisaac@example.org,(347)892-1499x01086,18,Blida,2025-05-04,Basic,685.0,2047.6100000000001,
CUST_01647,Jane,Smith,cooperrebecca@example.org,806.379.9673x67209,27,Algiers,2025-04-07,Premium,544.0,7227.09,
CUST_01648,Kathleen,Ellis,rtorres@example.org,7589699724,46,Oran,2024-11-09,Standard,732.0,28941.219999999998,
CUST_01649,Karen,Cox,kwilliamson@example.com,801.215.4917x732,41,Tlemcen,2024-02-19,Basic,689.0,1461.73,
CUST_01650,Matthew,Romero,cwebster@example.net,697-935-8679x43364,47,Algiers,2023-05-15,Premium,732.0,7215.49,
CUST_01651,James,Burns,zbarrett@example.com,+1-964-358-7669x494,26,Batna,2023-12-04,Standard,525.0,9998.070000000002,
CUST_01652,Courtney,Rodgers,,2246053772,32,Biskra,2024-09-11,Premium,644.0,0.0,
CUST_01653,Leslie,Perez,marvin03@example.com,(748)807-8053x833,34,Tlemcen,2023-06-06,Standard,565.0,0.0,
CUST_01654,Jennifer,Martinez,tburke@example.net,504.407.3730x41506,30,Blida,2025-05-18,Premium,625.0,2015.29,
CUST_01655,Leon,Williams,rickblack@example.net,896.233.4674x646,38,Annaba,2023-07-09,Basic,452.0,8961.46,
CUST_01656,Mercedes,Taylor,,+1-374-215-9209x410,62,Constantine,2024-09-30,Standard,575.0,10925.43,
CUST_01657,Ryan,Webb,flemingcaitlyn@example.org,(248)849-7797x3833,44,Oran,2023-08-27,Standard,620.0,4963.8099999999995,
CUST_01658,Jason,Morris,joseph78@example.net,250.852.6027,52,Biskra,2024-04-10,Basic,389.0,4725.8099999999995,
CUST_01659,Ryan,Ruiz,smiller@example.net,+1-912-692-3613x91237,64,Batna,2024-08-28,Standard,603.0,2280.11,
CUST_01660,Brianna,Sanford,gravestammy@example.org,768.370.5807x9106,58,Algiers,2025-04-27,Standard,655.0,11588.09,
CUST_01661,Joseph,Crawford,wrose@example.net,+1-847-784-8303x48573,38,Blida,2024-12-07,Basic,817.0,3415.17,
CUST_01662,Adrian,Carter,christine72@example.net,8906317883,40,Annaba,2025-01-30,Basic,677.0,8945.449999999999,
CUST_01663,Christopher,Vasquez,julie84@example.com,908-789-5930x320,33,Sétif,2022-11-17,Standard,698.0,7194.110000000001,
CUST_01664,Jennifer,Peterson,xharvey@example.org,852-830-2999,36,Annaba,2023-07-09,Standard,763.0,3165.1800000000003,
CUST_01665,Susan,Carson,reneehoward@example.com,(440)930-7991x540,36,Annaba,2025-08-21,Standard,654.0,2449.3100000000004,
CUST_01666,Anthony,Thomas,jason85@example.org,4422318206,42,Blida,2024-06-13,Basic,717.0,3955.05,
CUST_01667,David,Steele,reneebrown@example.com,484-673-8577x9739,36,Batna,2024-10-11,Standard,625.0,18555.59,
CUST_01668,Mark,Fox,brookschristopher@example.org,423.782.6429x5185,51,Batna,2024-10-20,Standard,515.0,21937.89,
CUST_01669,Gina,Schroeder,rogersmatthew@example.org,608.919.6954,40,SÉTIF,2023-03-05,Standard,706.0,1923.1299999999999,
CUST_01670,Lauren,Smith,william49@example.net,650-289-2446,18,Annaba,2025-08-13,Premium,440.0,1734.68,
CUST_01671,Anthony,Cantu,xlarson@example.com,(993)955-8810x822,36,Batna,2023-10-06,Basic,610.0,2381.09,
CUST_01672,Katrina,Hayes,rpeck@example.com,001-425-641-2387,34,TLEMCEN,2025-04-20,Standard,818.0,15818.85,
CUST_01673,John,Carlson,smithbryan@example.com,559-748-4967x41662,37,Sétif,2024-11-03,Standard,470.0,8917.94,
CUST_01674,Tracy,Moore,brenda50@example.org,001-976-874-9064x12272,22,Batna,2023-06-16,Standard,571.0,8220.95,
CUST_01675,Bryan,Campbell,stacy34@example.org,700.754.5583x4559,18,Sétif,2025-04-08,Basic,597.0,6027.0,
CUST_01676,Susan,Coleman,jamesbauer@example.net,866.280.8950x4910,27,Blida,2023-06-20,Standard,684.0,9448.05,
CUST_01677,Thomas,Wood,erin85@example.org,297-593-3686,26,Oran,2024-11-13,Standard,686.0,5967.12,
CUST_01678,Robert,Mills,debbie01@example.org,(458)839-1115x320,31,Blida,2023-01-04,Premium,723.0,19999.52,
CUST_01679,Cheryl,Lee,jasmineshepard@example.com,979.402.0388,50,Oran,2024-07-17,Standard,593.0,8247.88,
CUST_01680,Christina,Rice,stephanie78@example.org,001-467-666-3420x83481,36,Constantine,2025-02-03,Standard,760.0,10970.79,
CUST_01681,Richard,Carter,eduardo64@example.com,8475832796,39,Sidi Bel Abbès,2024-08-23,Standard,611.0,10925.92,
CUST_01682,Denise,Holmes,twallace@example.com,+1-592-746-8714x469,33,Annaba,2023-02-20,Standard,516.0,16338.46,
CUST_01683,Mark,Morton,,+1-840-826-9089x649,46,Sétif,2024-11-12,Standard,695.0,9506.42,
CUST_01684,Lindsey,Brown,stanleyamanda@example.org,001-423-224-6872,18,Annaba,2024-04-07,Premium,811.0,11714.85,
CUST_01685,Jerry,Mann,brian61@example.org,867.748.5783x04559,48,Sidi Bel Abbès,2024-11-07,Standard,478.0,0.0,
CUST_01686,Denise,Wade,margaret78@example.com,+1-800-655-1267,24,Blida,2025-09-07,Basic,591.0,2605.91,
CUST_01687,Joseph,Donaldson,gabrieljohnson@example.com,246-653-4420,31,Constantine,2023-02-16,Standard,645.0,1502.34,
CUST_01688,Gina,Reynolds,,2357191985,53,Sétif,2023-12-26,Basic,577.0,6676.76,
CUST_01689,Craig,Walker,brandon14@example.org,(929)287-6632,24,Blida,2023-04-02,Basic,575.0,19666.29,
CUST_01690,James,Davis,vwilliams@example.net,+1-717-900-5229x184,33,Blida,2024-08-09,Standard,628.0,1867.42,
CUST_01691,Katie,Cox,cookdavid@example.org,001-525-299-6114x358,26,Blida,2025-09-09,Premium,833.0,3533.44,
CUST_01692,Adam,Webb,david06@example.org,6927216897,34,Annaba,2025-05-02,Standard,9999.0,12148.28,
CUST_01693,Daniel,Murillo,tammymoore@example.com,819.827.4312,34,Sétif,2023-12-02,Basic,673.0,7199.099999999999,
CUST_01694,Melissa,Thompson,richardstrong@example.com,280-562-4755x52672,26,Sétif,2024-10-01,Premium,850.0,6635.7300000000005,
CUST_01695,Thomas,Brown,,7569870690,25,Oran,2025-03-07,Basic,603.0,30710.11,
CUST_01696,Teresa,Miller,atkinsonshawn@example.net,+1-632-735-3933x054,41,Oran,2025-06-23,Standard,810.0,8511.98,
CUST_01697,Robert,Kennedy,kempbonnie@example.org,(618)830-2426,36,Biskra,2025-03-20,Standard,513.0,52826.81,
CUST_01698,Courtney,Sutton,berrydouglas@example.org,511-654-8805x1093,40,Sétif,2025-03-10,Premium,563.0,6746.42,
CUST_01699,jennifer,Walker,pharris@example.org,575-943-7009x84164,44,Sidi Bel Abbès,2022-12-18,Standard,645.0,1726.64,
CUST_01700,Deborah,Davis,vsmith@example.com,301.925.9283x397,32,Biskra,2023-12-27,Standard,625.0,15797.710000000001,
CUST_01701,Allison,Gibson,,773-393-0105,49,Sétif,2024-09-06,Standard,591.0,17025.48,
CUST_01702,Amy,Wright,freemanjason@example.com,770-589-4406x5452,40,Batna,2024-04-06,Standard,702.0,4652.54,
CUST_01703,Elizabeth,Phelps,ahancock@example.net,462-807-8562x271,18,Algiers,2025-02-22,Standard,563.0,0.0,
CUST_01704,tiffany,Greer,efrench@example.org,+1-268-301-0936,38,Tlemcen,2023-09-13,Standard,696.0,19426.41,
CUST_01705,Ashley,Olsen,valdezbrandon@example.org,(976)928-0587,52,Sidi Bel Abbès,2025-03-21,Basic,668.0,5651.91,
CUST_01706,Christopher,Lambert,yanderson@example.net,(811)295-6964,18,Sidi Bel Abbès,2024-03-18,Standard,668.0,654.68,
CUST_01707,Cynthia,Nixon,peter91@example.net,(920)651-3563,-1,Biskra,2025-03-18,Standard,820.0,2291.98,
CUST_01708,Chelsea,Bell,crawforddaniel@example.com,001-948-667-3581x8217,44,Biskra,2024-03-18,Basic,793.0,0.0,
CUST_01709,Tina,Porter,nathanielmercer@example.net,+1-458-743-8356x99971,30,Constantine,2025-03-08,Standard,711.0,7268.08,
CUST_01710,Megan,Carr,terrypatricia@example.com,+1-591-526-7191x9699,39,Batna,2023-07-31,Standard,622.0,4894.47,
CUST_01711,Benjamin,Burton,kathymendoza@example.org,5567828753,43,Batna,2023-05-26,Standard,683.0,864.42,
CUST_01712,Hannah,Brown,kimberly74@example.com,511.428.2699x34517,57,Constantine,2023-04-11,Standard,617.0,3063.28,
CUST_01713,Jeffrey,Alexander,vdixon@example.org,994.975.0557,39,Tlemcen,2023-02-06,Basic,612.0,7360.490000000001,
CUST_01714,Kevin,Jones,elizabethlewis@example.net,435-238-1157x50927,53,Tlemcen,2023-09-05,Standard,701.0,14293.990000000002,
CUST_01715,Austin,Cobb,xvargas@example.com,+1-956-229-4339x1686,18,Biskra,2024-06-22,Premium,792.0,5177.53,
CUST_01716,Mark,Ross,jeremy94@example.com,601-504-2797,18,Batna,2023-09-13,Standard,590.0,7576.610000000001,
CUST_01717,Brenda,Wilson,,589.669.9132x93575,36,Biskra,2025-07-11,Premium,574.0,23640.88,
CUST_01718,Chris,Davis,mjohnson@example.com,756.601.6426x245,24,Sétif,2025-10-31,Premium,651.0,13436.92,
CUST_01719,Aaron,Thompson,rivasmatthew@example.com,(592)623-9407x1734,41,Sétif,2024-01-05,Standard,788.0,17724.850000000002,
CUST_01720,Bryan,Lynn,marissa47@example.net,9067039810,36,Oran,2024-01-14,Standard,388.0,5060.95,
CUST_01721,Matthew,Jones,singhaaron@example.org,(241)775-6168,23,Sétif,2023-08-16,Premium,758.0,10711.02,
CUST_01722,Maria,Rice,joseph33@example.net,366.750.2859,20,Sétif,2024-12-14,Standard,625.0,6883.1900000000005,
CUST_01723,Natasha,Arnold,glucas@example.net,(378)329-0524x922,41,Oran,2024-10-24,Standard,711.0,9805.13,
CUST_01724,Ernest,Aguilar,william41@example.com,3136856993,25,CONSTANTINE,2024-02-06,Standard,506.0,0.0,
CUST_01725,Eric,Bullock,lorijohnson@example.com,802-809-8446x9888,52,Batna,2024-09-26,Standard,537.0,8833.57,
CUST_01726,Amy,Vazquez,stevenayers@example.net,636-375-9164,38,Batna,2023-06-09,Basic,735.0,4124.76,
CUST_01727,Edward,Wilson,staffordcorey@example.org,252.431.5682x34284,24,Constantine,2025-07-05,Premium,591.0,9629.88,
CUST_01728,Nancy,Morse,zthompson@example.com,532-802-5342,52,Sidi Bel Abbès,2025-04-06,Basic,538.0,15708.439999999999,
CUST_01729,Lisa,Wells,collinsdennis@example.net,998.976.6740,39,Constantine,2023-02-02,Standard,521.0,3250.31,
CUST_01730,Shane,Morgan,megan00@example.org,905.410.9724,18,Batna,2023-09-11,Premium,764.0,27773.61,
CUST_01731,Ryan,Roberts,kimlisa@example.net,001-739-427-6398,29,Annaba,2024-07-12,Basic,850.0,0.0,
CUST_01732,Dale,Arnold,rebeccawong@example.net,+1-927-586-8070x4235,52,Oran,2024-06-05,Standard,674.0,7388.81,
CUST_01733,Carolyn,Riley,hooverjessica@example.net,001-292-713-5347,48,Algiers,2025-04-23,Premium,771.0,15036.060000000001,
CUST_01734,Tonya,Barajas,simpsonnicholas@example.net,+1-584-794-9996,36,Sidi Bel Abbès,2023-12-31,Premium,763.0,36345.55,
CUST_01735,Robert,Rubio,kaylayoung@example.org,795-719-4845x42259,40,Oran,2023-06-14,Premium,748.0,35130.47,
CUST_01736,Meghan,Lopez,newtoncheryl@example.com,719-363-5110x9674,56,Annaba,2025-10-18,Standard,555.0,8405.53,
CUST_01737,Lindsay,Patterson,uavila@example.net,4505417372,24,Blida,2023-04-08,Standard,699.0,8947.119999999999,
CUST_01738,Michelle,Tucker,coneill@example.net,323.581.2817,38,Batna,2025-09-12,Basic,581.0,6709.43,
CUST_01739,Kyle,Ramos,natalie11@example.org,559.363.7311x493,45,Algiers,2025-11-07,Standard,429.0,16391.99,
CUST_01740,William,Martin,brianreynolds@example.com,001-540-803-8180,41,Blida,2024-07-03,Basic,617.0,2894.85,
CUST_01741,Nathan,Davis,hardindavid@example.net,(441)640-8170,25,Sétif,2023-01-19,Standard,621.0,14159.36,
CUST_01742,Cynthia,Ruiz,omay@example.org,(414)299-9703,41,Blida,2023-06-05,Standard,665.0,1023.8799999999999,
CUST_01743,Larry,Simpson,jenniferparker@example.org,206-351-0046,35,Algiers,2024-10-01,Standard,705.0,13028.529999999999,
CUST_01744,daniel,Martinez,michael79@example.com,(907)422-3956,32,Oran,2024-05-01,Premium,499.0,6674.42,
CUST_01745,Laura,Jones,,(377)551-3877x12398,35,Tlemcen,2024-03-26,Premium,671.0,2507.2,
CUST_01746,Cynthia,Martin,william30@example.com,(619)345-5868x173,41,Biskra,2024-07-12,Standard,601.0,0.0,
CUST_01747,Gina,Jimenez,umaxwell@example.net,5313575859,18,BISKRA,2024-10-10,Standard,9999.0,8689.34,
CUST_01748,John,Myers,antoniolester@example.com,+1-533-792-7195x406,50,Sétif,2025-07-21,Standard,488.0,5933.92,
CUST_01749,Alan,Rowland,estuart@example.com,778.542.0555,27,Batna,2023-08-31,Standard,458.0,16608.5,
CUST_01750,Sharon,Atkinson,hblake@example.net,001-467-378-8892,43,Algiers,2025-01-31,Standard,534.0,5657.99,
CUST_01751,Stanley,Taylor,frostandrew@example.net,671-312-4617x5780,23,Algiers,2025-09-21,Standard,666.0,6395.3099999999995,
CUST_01752,Valerie,Arnold,hwebb@example.com,842-962-4470x498,18,Oran,2023-03-18,Standard,694.0,0.0,
CUST_01753,Alexis,Wilson,aowens@example.org,925.570.4430,28,Constantine,2023-10-15,Basic,556.0,7652.14,
CUST_01754,Nicholas,Henderson,qsandoval@example.net,+1-403-604-3817x79989,22,Sétif,2025-05-22,Standard,797.0,4587.68,
CUST_01755,Eugene,Mcdonald,melissa11@example.net,301.686.4323,18,Batna,2024-12-06,Basic,850.0,3953.95,
CUST_01756,Lisa,Davis,martinmichael@example.org,600.234.3743x2567,32,Batna,2023-06-30,Standard,596.0,4226.3,
CUST_01757,Devin,Davis,jamiejones@example.com,511-819-0206x071,18,Tlemcen,2023-06-23,Standard,597.0,4545.93,
CUST_01758,Kristen,Ward,gregorylevine@example.com,326-373-5384x256,64,Sétif,2023-03-11,Standard,646.0,4567.47,
CUST_01759,Gina,Barnett,joseph26@example.net,484-855-3758,18,Biskra,2023-03-31,Standard,850.0,6876.9800000000005,
CUST_01760,Danielle,Wood,nelsoncheryl@example.net,202-532-3585x9358,31,Batna,2025-06-28,Premium,562.0,5995.9800000000005,
CUST_01761,George,Holmes,anthony75@example.org,981.997.3544x2524,40,Sidi Bel Abbès,2024-04-23,Standard,582.0,2036.1799999999998,
CUST_01762,Justin,Browning,lbaker@example.org,4468400606,26,Blida,2024-07-02,Standard,707.0,9244.779999999999,
CUST_01763,David,Harmon,,279.638.5460x9121,38,Algiers,2024-04-07,Premium,665.0,7819.0,
CUST_01764,Michele,King,jessica96@example.org,260-999-3247,48,Tlemcen,2023-04-18,Basic,505.0,16938.23,
CUST_01765,Stephanie,Ward,mannkenneth@example.org,+1-660-632-5039x43988,41,Constantine,2024-03-30,Standard,785.0,2606.13,
CUST_01766,Ashley,Moore,ronaldhartman@example.com,001-749-964-5495,32,Biskra,2025-06-28,Basic,621.0,4892.85,
CUST_01767,Glen,Hardy,snydermorgan@example.net,001-527-818-3224x0239,30,Constantine,2024-04-16,Basic,850.0,7636.64,
CUST_01768,Curtis,Ortiz,jennifer40@example.com,001-265-751-1286x3811,35,Algiers,2025-09-04,Premium,485.0,210.22,
CUST_01769,Jasmine,Ballard,benjaminhampton@example.com,+1-559-752-8276x77423,40,Blida,2023-07-07,Standard,713.0,12820.88,
CUST_01770,Karen,Wilkins,ylee@example.org,001-278-439-6921x510,48,Sétif,2022-11-13,Standard,635.0,1836.28,
CUST_01771,Scott,Martin,james48@example.com,001-565-337-1557,25,Algiers,2023-12-07,Premium,672.0,11609.72,
CUST_01772,Adam,Bradley,cameronchavez@example.org,+1-995-507-9337x73129,37,Blida,2025-09-08,Standard,848.0,10036.210000000001,
CUST_01773,Judy,Holmes,englishkatie@example.net,001-275-990-8268x009,49,Constantine,2023-05-20,Premium,546.0,20391.22,
CUST_01774,Ann,Fuller,,394.752.3959x60233,37,Tlemcen,2025-08-01,Standard,608.0,10038.77,
CUST_01775,Patricia,Black,hshah@example.com,(879)203-2308x880,35,Tlemcen,2023-09-18,Basic,498.0,3179.45,
CUST_01776,Carl,Rogers,stephanienavarro@example.org,900.778.8675,-1,BATNA,2024-11-29,Standard,724.0,5065.5599999999995,
CUST_01777,Matthew,Ritter,bailey14@example.com,6498723669,41,Constantine,2024-03-14,Premium,583.0,11012.14,
CUST_01778,Walter,Moses,fernandezdavid@example.net,(804)438-4504,56,Oran,2024-04-28,Premium,746.0,10079.810000000001,
CUST_01779,Paul,Bates,cassandra39@example.com,866-774-0788,44,Biskra,2023-10-22,Standard,698.0,3766.6000000000004,
CUST_01780,Joseph,Jones,browndebbie@example.com,726.541.8793x978,41,Sidi Bel Abbès,2024-04-13,Standard,697.0,6591.59,
CUST_01781,Charles,Moore,natasharodriguez@example.net,259-682-4378x047,34,Algiers,2024-04-23,Standard,672.0,8022.32,
CUST_01782,Bridget,Price,phammary@example.com,(392)469-2032x7357,50,Batna,2024-01-12,Standard,654.0,5793.02,
CUST_01783,Timothy,Lopez,,+1-557-489-5915,40,Blida,2023-05-30,Standard,661.0,19041.07,
CUST_01784,Kimberly,James,carpenterkristen@example.org,778-536-9030x34136,46,Constantine,2024-08-17,Standard,637.0,18630.12,
CUST_01785,Marcus,Oconnor,christina97@example.net,507.506.0074x614,42,Sidi Bel Abbès,2022-12-16,Standard,614.0,16913.94,
CUST_01786,Brent,Ramirez,blairdonna@example.com,736-987-1638x7621,36,Sidi Bel Abbès,2025-04-06,Standard,749.0,10303.29,
CUST_01787,Marissa,Stevenson,teresa86@example.com,482-948-7414,33,Biskra,2023-12-13,Standard,538.0,0.0,
CUST_01788,Jesus,Brown,swansoncassandra@example.net,426.334.9212x2339,25,BATNA,2024-07-21,Standard,708.0,11422.48,
CUST_01789,Andrew,Murray,lewistara@example.net,001-604-348-4567x715,28,Sidi Bel Abbès,2024-10-24,Premium,625.0,16586.65,
CUST_01790,Noah,Smith,robert93@example.net,816-745-7677,30,Sidi Bel Abbès,2025-01-08,Standard,460.0,23619.74,
CUST_01791,Paul,Callahan,ckaufman@example.net,(320)985-2964x552,33,Batna,2023-01-18,Basic,427.0,13073.64,
CUST_01792,Ashley,Medina,lmoreno@example.net,272.875.4422x06185,64,Tlemcen,2023-05-17,Basic,516.0,29800.56,
CUST_01793,Margaret,Mcdonald,,500-467-2466x390,26,Oran,2023-08-20,Standard,642.0,12133.73,
CUST_01794,Brian,Davis,zoehoover@example.org,701.611.8406,44,Biskra,2024-06-16,Standard,634.0,0.0,
CUST_01795,Matthew,Jimenez,dennis45@example.org,001-961-651-4369,27,Batna,2024-03-24,Standard,678.0,7259.64,
CUST_01796,Stephanie,Clark,pinedasusan@example.net,887.513.5566,38,Annaba,2025-04-15,Standard,714.0,9944.1,
CUST_01797,Amy,Shaffer,jennifer86@example.net,,21,Constantine,2023-08-28,Standard,703.0,5320.650000000001,
CUST_01798,Roger,Morrison,kfisher@example.net,968.942.6851,23,ANNABA,2024-03-01,Basic,787.0,22430.06,
CUST_01799,Anne,Roberson,davisnatalie@example.org,+1-371-490-9520x3872,-1,Oran,2025-03-11,Standard,533.0,3662.62,
CUST_01800,Laurie,Walsh,waltersrachel@example.net,(524)546-2201x6566,49,Tlemcen,2023-07-02,Premium,659.0,4425.0,
CUST_01801,Erika,Johnson,keithdennis@example.com,(953)781-4030,36,Batna,2025-09-12,Standard,631.0,9372.44,
CUST_01802,Caitlin,Rose,cameron42@example.org,(748)243-5074,29,Tlemcen,2023-07-02,Premium,504.0,4883.27,
CUST_01803,Michelle,David,wyattdanielle@example.net,+1-270-924-4043x109,23,Sidi Bel Abbès,2023-02-25,Premium,680.0,1651.28,
CUST_01804,Angela,Young,jacqueline32@example.com,737.965.5476x1727,44,Annaba,2023-11-16,Premium,661.0,0.0,
CUST_01805,Kyle,Mcintosh,taylor12@example.com,(461)353-9392x94270,18,Batna,2023-01-15,Standard,485.0,77.01,
CUST_01806,Darlene,Clark,maria33@example.net,4626798958,47,Sidi Bel Abbès,2024-04-13,Basic,689.0,14685.1,
CUST_01807,Jason,Wilkerson,guerracarrie@example.net,5377191275,32,Batna,2024-04-01,Standard,526.0,2324.33,
CUST_01808,Samantha,Rush,christopherstevenson@example.com,+1-622-506-5910x04436,54,Sétif,2023-08-31,Standard,653.0,4426.03,
CUST_01809,John,Colon,qchapman@example.org,(500)772-2768,30,Constantine,2024-04-01,Standard,601.0,5900.389999999999,
CUST_01810,Brandon,Burton,udorsey@example.net,210.293.3853x0009,18,Sétif,2023-07-02,Standard,,5634.43,
CUST_01811,Theresa,Peterson,ebrewer@example.com,646-658-6172x84703,18,Sétif,2024-10-10,Standard,723.0,12081.939999999999,
CUST_01812,Jeffrey,Joseph,ygomez@example.net,(784)315-4635x17573,39,Biskra,2023-12-18,Basic,768.0,1944.05,
CUST_01813,Kristin,Cameron,,(795)496-5600x337,46,Constantine,2024-07-28,Standard,498.0,2846.25,
CUST_01814,Randall,Nelson,dana10@example.net,(722)551-4557,32,Sidi Bel Abbès,2024-10-14,Standard,624.0,3392.84,
CUST_01815,Jerry,Sanders,nelsonjustin@example.com,430-329-7081x3722,23,Algiers,2024-09-21,Premium,587.0,7581.21,
CUST_01816,James,Little,larrywerner@example.org,+1-622-295-0149x628,34,Sidi Bel Abbès,2025-04-12,Premium,625.0,10585.79,
CUST_01817,Erica,Contreras,james08@example.com,+1-934-476-7900,26,Blida,2023-10-10,Standard,653.0,8383.2,
CUST_01818,Ryan,Myers,gwendolyn36@example.net,2947386825,38,Batna,2024-08-07,Standard,779.0,8354.49,
CUST_01819,Matthew,Schultz,ashleysparks@example.com,(492)932-5727x3468,28,Algiers,2025-01-17,Standard,551.0,19523.690000000002,
CUST_01820,Joseph,Thompson,jonking@example.com,(861)405-1496x18068,42,Biskra,2025-04-21,Premium,639.0,3983.62,
CUST_01821,Paul,Rodgers,nbender@example.org,749-840-3951x869,22,Oran,2023-07-21,Standard,689.0,8838.57,
CUST_01822,Kevin,Williams,heatheryoung@example.org,+1-938-801-6934,41,Tlemcen,2023-01-25,Standard,573.0,13846.22,
CUST_01823,Derek,Wall,troysnyder@example.org,+1-798-401-2201x6318,61,Algiers,2022-11-18,Basic,713.0,16245.72,
CUST_01824,Eric,Carpenter,edwin13@example.org,(531)340-9821x2702,30,Biskra,2024-08-24,Premium,454.0,6815.84,
CUST_01825,Ronald,Lopez,whitemichael@example.org,217.375.6900,31,Tlemcen,2024-10-12,Basic,624.0,14311.22,
CUST_01826,Karen,Miller,vbennett@example.org,001-624-948-3438x71515,22,Blida,2024-03-03,Basic,431.0,13083.64,
CUST_01827,Darius,Marshall,hursthannah@example.com,2275282040,42,Biskra,2022-11-22,Standard,777.0,32074.98,
CUST_01828,Molly,Fitzpatrick,justinreeves@example.net,523-421-6005,34,Blida,2024-12-15,Standard,530.0,16027.990000000002,
CUST_01829,Amy,Taylor,jacob76@example.org,(620)421-3116x795,18,Biskra,2025-09-23,Standard,701.0,16193.65,
CUST_01830,julie,Jackson,bsnyder@example.org,001-216-478-1167x8629,34,Batna,2023-02-25,Basic,666.0,7430.51,
CUST_01831,Jacob,Sanders,karen67@example.org,001-202-720-9941x75304,29,Annaba,2023-02-05,Basic,624.0,10786.79,
CUST_01832,Alejandra,Maxwell,ortegaanthony@example.com,908-648-5284x67703,49,Sétif,2024-03-21,Standard,644.0,4231.48,
CUST_01833,Travis,Gross,wendysantos@example.com,940-458-3550x172,49,Sidi Bel Abbès,2024-10-14,Basic,612.0,3682.73,
CUST_01834,Tina,Sanchez,amycunningham@example.org,001-283-820-5112x134,22,Annaba,2025-05-31,Standard,777.0,9268.8,
CUST_01835,Amanda,Jones,coxguy@example.org,(751)917-4711x7064,-1,Tlemcen,2024-03-03,Standard,753.0,14506.62,
CUST_01836,William,Sullivan,crystaldavis@example.com,3792044813,47,Oran,2023-03-01,Basic,663.0,9324.380000000001,
CUST_01837,Karen,Richard,holly76@example.com,261.495.2496x017,51,Oran,2024-03-19,Basic,695.0,8458.0,
CUST_01838,Kirk,Jones,dberg@example.org,(923)480-4534,26,Sidi Bel Abbès,2024-03-30,Standard,604.0,0.0,
CUST_01839,Derek,Atkins,brianlowery@example.net,001-728-948-9873,18,Constantine,2025-10-19,Basic,590.0,26725.54,
CUST_01840,Susan,Harvey,jasonhardy@example.net,602.840.9398x6639,32,Blida,2024-06-18,Standard,648.0,6196.5,
CUST_01841,Joseph,Byrd,brendahall@example.net,001-965-523-9188x67622,31,Batna,2025-10-13,Premium,798.0,7058.87,
CUST_01842,Michelle,Rivas,patty62@example.org,466-333-4014,43,Batna,2024-01-22,Standard,637.0,5237.15,
CUST_01843,James,Khan,gregory63@example.com,(288)662-3357,32,Blida,2023-08-30,Premium,638.0,9500.619999999999,
CUST_01844,Michael,Moran,james42@example.org,717-954-9449,42,Blida,2023-05-13,Standard,615.0,11905.449999999999,
CUST_01845,Lisa,Welch,hayden46@example.org,815.612.9116x47924,30,Constantine,2024-08-15,Premium,736.0,9666.12,
CUST_01846,Natalie,Ewing,jonchandler@example.com,599.287.5915,24,Algiers,2024-04-04,Standard,484.0,6682.639999999999,
CUST_01847,Lisa,Green,roblesjeffrey@example.com,292.330.5782x4531,18,Constantine,2023-08-14,Premium,524.0,2650.31,
CUST_01848,Tina,Strong,julianichols@example.net,(324)230-1460x6696,55,Sétif,2025-04-16,Standard,734.0,4628.15,
CUST_01849,Brooke,Gutierrez,mgentry@example.org,(818)379-0650,51,Blida,2024-03-05,Standard,572.0,8041.48,
CUST_01850,Michael,Smith,mcculloughlucas@example.org,001-831-560-0402x7289,18,Constantine,2023-03-15,Basic,847.0,15147.52,
CUST_01851,Gerald,Spencer,bakerjacqueline@example.net,425-207-9669x9784,40,ALGIERS,2024-10-21,Standard,526.0,23201.8,
CUST_01852,Justin,Ramirez,derek60@example.net,737.623.8615x9528,58,Sidi Bel Abbès,2025-10-15,Premium,645.0,27912.949999999997,
CUST_01853,Donna,Terry,paulahurst@example.net,001-598-829-3055x77979,31,Sidi Bel Abbès,2024-03-02,Standard,732.0,6294.01,
CUST_01854,Taylor,Cortez,williamsbrenda@example.net,281-450-4390x356,38,Biskra,2023-12-06,Premium,515.0,3714.27,
CUST_01855,Andrea,Ortiz,acoleman@example.net,(635)447-6075x12101,43,Sétif,2023-05-12,Basic,702.0,9545.25,
CUST_01856,Derrick,Collins,robin80@example.org,559-740-8593x565,36,Constantine,2025-04-08,Standard,649.0,27298.239999999998,
CUST_01857,danielle,Ruiz,lgallagher@example.com,7764557374,44,Batna,2023-02-03,Standard,622.0,23651.74,
CUST_01858,George,Rivera,robert90@example.org,+1-575-822-7929x49652,39,Sidi Bel Abbès,2023-08-18,Standard,533.0,5080.91,
CUST_01859,Morgan,Clements,thomaslori@example.net,654.407.0084x15912,24,Sétif,2024-07-22,Standard,591.0,4851.49,
CUST_01860,Luis,Small,marydaniels@example.org,001-639-476-3529x461,19,Sétif,2025-02-08,Premium,687.0,17181.22,
CUST_01861,Andrew,Brown,donald63@example.org,461-818-9787x372,38,Batna,2025-11-08,Premium,768.0,20901.32,
CUST_01862,Patricia,Lopez,,001-791-671-6033x308,40,Blida,2023-02-15,Premium,647.0,7316.62,
CUST_01863,debra,Wright,lbrown@example.net,4933137880,49,Algiers,2024-08-09,Standard,774.0,6578.83,
CUST_01864,Sarah,Washington,djimenez@example.com,236.557.6455x459,43,Blida,2025-07-24,Basic,507.0,8911.54,
CUST_01865,William,Austin,james11@example.org,(269)439-5533,54,Annaba,2024-12-08,Standard,583.0,5090.01,
CUST_01866,Jacob,Shah,harriserika@example.org,885-250-7026x4062,37,Sétif,2024-03-08,Standard,655.0,6940.24,
CUST_01867,Jennifer,Flores,franciskenneth@example.net,562.216.4834x2797,37,Constantine,2024-08-12,Standard,505.0,7122.43,
CUST_01868,Brian,Knight,whull@example.org,+1-402-635-8937x71258,34,Biskra,2025-10-28,Standard,850.0,5249.38,
CUST_01869,Anita,Shannon,maria51@example.com,+1-459-591-9456x44645,19,Tlemcen,2022-11-18,Standard,470.0,849.9100000000001,
CUST_01870,Jonathan,Schmitt,,767.285.5470x18977,39,Oran,2025-07-18,Standard,660.0,4845.740000000001,
CUST_01871,Kevin,Hayes,goodmanchristina@example.org,(972)550-2800x41770,48,Blida,2024-12-19,Basic,551.0,2950.8500000000004,
CUST_01872,Rodney,Chambers,,9797921645,45,Constantine,2024-04-29,Basic,618.0,8159.25,
CUST_01873,Keith,White,mistywolf@example.com,985.315.0668x8155,25,Batna,2023-12-16,Standard,673.0,18493.51,
CUST_01874,Robert,Butler,lperry@example.com,7937636460,24,Batna,2023-03-22,Standard,676.0,6395.58,
CUST_01875,Robert,Boyer,robinsonbrenda@example.com,822.845.1825,-1,Oran,2024-08-23,Premium,634.0,2892.5600000000004,
CUST_01876,Christopher,Thomas,cberger@example.net,586-397-8487x9896,18,Tlemcen,2024-02-20,Basic,646.0,10486.85,
CUST_01877,Jeffrey,Bailey,qsims@example.net,669.422.5916,34,Annaba,2022-11-16,Standard,790.0,952.1999999999999,
CUST_01878,David,Webb,twillis@example.org,876-531-9198,46,Sidi Bel Abbès,2025-11-07,Standard,702.0,42119.1,
CUST_01879,denise,Copeland,elizabeth36@example.org,(722)830-6356x73577,52,Tlemcen,2025-01-21,Basic,686.0,9192.89,
CUST_01880,Gabriel,Franklin,,001-903-627-3032x482,18,Sétif,2023-06-26,Basic,673.0,2807.6099999999997,
CUST_01881,Laura,Anderson,kristincombs@example.org,788-820-3806,25,Constantine,2024-11-05,Standard,785.0,3975.33,
CUST_01882,Anna,Gonzalez,mckinneyclifford@example.org,617.979.0366x66369,32,Constantine,2024-05-20,Standard,628.0,3926.87,
CUST_01883,Debra,Moore,bonnie45@example.org,537.990.2940,39,BATNA,2023-07-09,Standard,652.0,17460.75,
CUST_01884,Cynthia,Gonzalez,kellereric@example.com,001-752-875-6719x5030,24,Biskra,2024-03-24,Standard,742.0,11183.16,
CUST_01885,Bryan,Clarke,jacquelinemejia@example.com,(449)548-9185,18,Biskra,2024-05-16,Standard,580.0,10565.65,
CUST_01886,Gary,Smith,murphyjoshua@example.com,876.749.1361x657,29,Constantine,2024-05-21,Standard,745.0,3194.3500000000004,
CUST_01887,Wanda,Benjamin,krodriguez@example.net,949-902-9484x94345,41,Sétif,2025-06-15,Standard,661.0,8670.14,
CUST_01888,Chase,Keith,vcooper@example.org,001-709-515-9567x83239,44,Sétif,2025-04-14,Basic,552.0,4116.24,
CUST_01889,Sandra,Riley,christopher70@example.com,(218)453-6087x8072,18,Algiers,2025-07-28,Standard,679.0,425.08000000000004,
CUST_01890,Rebecca,House,andreadunn@example.org,(909)496-6763,32,Algiers,2023-06-18,Standard,748.0,9321.06,
CUST_01891,Scott,Phillips,wesley65@example.com,807.919.0565x7439,44,Sidi Bel Abbès,2022-12-19,Standard,507.0,7552.35,
CUST_01892,Jorge,Cardenas,carolynjones@example.com,001-890-395-4688x7305,31,Algiers,2025-05-31,Standard,630.0,17485.0,
CUST_01893,Mark,Pollard,tammyowen@example.com,(325)647-8009x58040,27,Sétif,2023-03-25,Basic,723.0,13960.01,
CUST_01894,Leslie,Cobb,williamschad@example.net,+1-600-573-8854x67347,28,Sétif,2025-02-14,Standard,468.0,0.0,
CUST_01895,Jesse,Berry,spencerjoshua@example.org,598-459-6718,39,Oran,2023-06-20,Standard,585.0,11887.57,
CUST_01896,Alexander,Carter,diana25@example.net,211-690-3594,35,Constantine,2024-11-06,Standard,686.0,9122.83,
CUST_01897,Justin,Petersen,annette99@example.net,001-903-823-8876,37,Sétif,2022-12-21,Premium,622.0,9045.86,
CUST_01898,Cynthia,Guerra,,6396978387,44,Annaba,2022-12-05,Standard,750.0,4774.51,
CUST_01899,Cory,Gonzalez,eugeneavila@example.net,497.202.6638,39,Sidi Bel Abbès,2023-03-26,Standard,798.0,17713.16,
CUST_01900,Sarah,Hansen,david31@example.org,486.205.7767x7192,53,Annaba,2023-01-15,Basic,696.0,26960.65,
CUST_01901,Eric,Cordova,cflores@example.com,2588923036,33,Sidi Bel Abbès,2024-04-30,Standard,530.0,11540.539999999999,
CUST_01902,Timothy,Wheeler,josephharper@example.net,(865)957-1364,18,Blida,2024-12-16,Basic,654.0,11505.08,
CUST_01903,Cody,Mcgee,jeremy52@example.com,344.788.2526x990,45,Oran,2025-02-24,Standard,742.0,5564.26,
CUST_01904,Dakota,Rodriguez,palvarez@example.org,+1-251-757-6467,33,Algiers,2024-11-05,Standard,618.0,1357.06,
CUST_01905,Karen,Mathis,walleramy@example.net,001-831-293-4650x2758,34,Annaba,2025-08-18,Standard,778.0,4052.6,
CUST_01906,Kevin,Reese,nicholas33@example.net,001-923-249-5245,60,Batna,2023-02-04,Standard,760.0,19475.940000000002,
CUST_01907,Michelle,Russo,ocastaneda@example.org,(838)480-3242x7161,30,Biskra,2025-08-04,Premium,632.0,13512.28,
CUST_01908,Nicholas,Walls,timothy23@example.net,503.385.4787x2681,47,Tlemcen,2023-04-30,Standard,782.0,6426.38,
CUST_01909,Jennifer,Bean,ingramjennifer@example.org,001-732-680-6253x941,18,Batna,2023-12-20,Standard,725.0,7098.25,
CUST_01910,Caleb,Ryan,lucasmerritt@example.org,540-403-5630,27,Biskra,2023-04-26,Standard,773.0,5648.07,
CUST_01911,Thomas,Nguyen,monica04@example.com,001-886-457-1689,30,Oran,2023-06-13,Premium,545.0,1902.6100000000001,
CUST_01912,Kimberly,Leon,warrengerald@example.net,(285)464-3476x08823,34,Batna,2024-06-30,Standard,697.0,6111.77,
CUST_01913,Gregory,Harper,randall36@example.org,363-930-8460,21,Constantine,2025-02-04,Basic,797.0,7301.66,
CUST_01914,Tammy,Hernandez,youngjared@example.com,590-284-7491x1634,46,Annaba,2025-09-10,Standard,579.0,1479.12,
CUST_01915,Bruce,Sampson,pricejimmy@example.com,(822)484-5541x40857,50,Constantine,2025-07-19,Standard,580.0,6489.82,
CUST_01916,Michael,Gallagher,schultzwilliam@example.net,(310)966-0026x04690,18,Blida,2024-09-13,Premium,609.0,3620.71,
CUST_01917,Matthew,Dixon,stoutjennifer@example.org,441-306-6788x4573,22,Sétif,2023-11-29,Basic,550.0,21383.56,
CUST_01918,Nancy,Pruitt,eric38@example.net,954.440.7110,48,Tlemcen,2024-05-30,Standard,612.0,1944.1000000000001,
CUST_01919,Andrew,Sanchez,mooneydanielle@example.net,5665714853,49,Oran,2024-05-12,Basic,652.0,8574.94,
CUST_01920,Christopher,Gibson,michael12@example.net,+1-324-792-2028,23,Constantine,2023-01-03,Basic,480.0,6042.889999999999,
CUST_01921,Brenda,Kidd,dillon76@example.net,7122696250,38,Sidi Bel Abbès,2025-01-27,Standard,724.0,16342.779999999999,
CUST_01922,Valerie,Taylor,hallcarolyn@example.org,8324502749,35,Annaba,2024-07-19,Basic,785.0,6295.57,
CUST_01923,William,Campbell,blakesarah@example.net,676.454.3999,46,Biskra,2025-02-19,Premium,519.0,3501.5299999999997,
CUST_01924,Jo,Smith,triciamills@example.net,714-286-3290x850,24,Blida,2025-09-04,Basic,554.0,4306.7300000000005,
CUST_01925,William,Simpson,cookanthony@example.com,282-937-7210,44,Blida,2023-09-24,Standard,625.0,5494.87,
CUST_01926,Thomas,Vazquez,holtthomas@example.com,700-934-5688x486,26,Annaba,2024-04-19,Basic,775.0,719.03,
CUST_01927,Kimberly,George,abennett@example.com,(436)260-4741,26,Biskra,2023-03-07,Basic,640.0,6544.62,
CUST_01928,Aaron,Graham,waltermoore@example.org,+1-394-804-3935,43,Algiers,2023-04-10,Basic,498.0,10307.35,
CUST_01929,Cathy,Erickson,xmccann@example.org,001-966-384-8031x636,39,Sidi Bel Abbès,2023-10-23,Basic,596.0,6879.24,
CUST_01930,Jose,Holland,wrightjohn@example.com,729-483-9303x953,55,Sétif,2022-12-27,Standard,448.0,11884.240000000002,
CUST_01931,desiree,Holden,henryshaffer@example.com,640.911.4997,19,Batna,2023-09-06,Basic,710.0,18960.02,
CUST_01932,Tracy,Powers,cchase@example.com,001-999-909-6781x94565,34,Annaba,2024-09-10,Premium,598.0,5138.91,
CUST_01933,Clinton,Noble,kerriking@example.com,836.689.1080x4175,18,Annaba,2022-12-16,Basic,469.0,9936.86,
CUST_01934,Melissa,Barr,hurstwesley@example.net,571.869.9165x872,20,Annaba,2023-10-15,Basic,702.0,4050.38,
CUST_01935,Chad,Johnson,,426-357-2818,35,Constantine,2025-05-31,Standard,728.0,9867.16,
CUST_01936,Katherine,Hanson,rhonda24@example.net,+1-991-596-0841x58553,53,Algiers,2024-12-24,Standard,803.0,40635.490000000005,
CUST_01937,Joshua,Bryant,hharris@example.com,(396)670-7169x448,43,Blida,2022-11-14,Premium,541.0,14418.729999999998,
CUST_01938,Brian,Navarro,muellermike@example.org,(931)406-4079,52,Tlemcen,2024-02-05,Premium,796.0,1607.1,
CUST_01939,Joy,Thompson,kara42@example.com,344.997.9925,40,Annaba,2025-04-20,Standard,619.0,8575.17,
CUST_01940,Ricky,Holloway,victoria75@example.net,283.871.0539x259,56,Sidi Bel Abbès,2024-03-29,Standard,793.0,13534.61,
CUST_01941,Angela,Lee,osmith@example.org,543.304.0256x0041,49,Sétif,2024-11-28,Basic,572.0,11900.13,
CUST_01942,Melanie,Marshall,timothykey@example.com,727-297-1763,30,Sétif,2025-06-26,Standard,642.0,9099.13,
CUST_01943,Kathleen,White,umoore@example.net,8434881767,21,Constantine,2025-05-29,Standard,700.0,6485.7699999999995,
CUST_01944,Samuel,Thomas,larry16@example.net,491.758.4647,41,Sétif,2023-01-10,Basic,623.0,6822.93,
CUST_01945,Justin,Roman,tinawilliams@example.org,(990)561-5502x61340,34,Oran,2025-06-17,Standard,723.0,5608.78,
CUST_01946,Eric,Townsend,,866.654.0532x421,28,Annaba,2023-11-14,Basic,667.0,11247.699999999999,
CUST_01947,Jacqueline,Landry,dmcintyre@example.net,+1-805-981-3805x73213,25,Biskra,2025-02-18,Premium,850.0,368.51,
CUST_01948,Rita,Castro,michael52@example.com,251-707-0557,52,Constantine,2024-09-24,Standard,670.0,17243.32,
CUST_01949,Nathaniel,Hart,rpreston@example.com,423-759-9896,35,Biskra,2024-01-21,Basic,633.0,16013.78,
CUST_01950,Edward,Ross,ryan06@example.net,(755)315-1797,21,Tlemcen,2023-06-20,Standard,582.0,1609.8899999999999,
CUST_01951,Natalie,King,jeffery27@example.org,645-880-1976x213,59,Oran,2024-01-20,Premium,639.0,3717.16,
CUST_01952,Felicia,Jones,sheenaballard@example.com,001-353-422-2470x81014,53,Tlemcen,2025-01-09,Premium,566.0,7755.05,
CUST_01953,Charles,Grant,bradley89@example.net,537-248-1268x179,23,Algiers,2024-06-05,Standard,624.0,12469.009999999998,
CUST_01954,Andrew,Robertson,riveradestiny@example.net,7812403340,30,Biskra,2025-05-19,Basic,641.0,194.22,
CUST_01955,Daniel,Griffith,morgantina@example.net,558.369.9021,31,Oran,2024-02-05,Basic,550.0,757.57,
CUST_01956,Robert,Turner,prestonsusan@example.org,(446)776-4281,40,Tlemcen,2024-06-07,Premium,609.0,2626.4,
CUST_01957,James,Waters,bryantlindsey@example.net,584.395.9126x09203,45,Blida,2025-02-05,Premium,710.0,23203.99,
CUST_01958,Mike,Schmitt,tyler16@example.com,(578)813-0499x504,33,Blida,2024-10-23,Standard,753.0,12120.75,
CUST_01959,Raymond,Bell,,001-653-922-3072,24,Sétif,2023-08-18,Standard,618.0,23165.239999999998,
CUST_01960,Sabrina,Gutierrez,elizabethcarroll@example.com,645.286.1805x8393,18,Biskra,2023-07-10,Basic,659.0,12209.189999999999,
CUST_01961,Joseph,Ochoa,mary78@example.net,(898)581-9206x965,46,Constantine,2023-12-23,Basic,525.0,3488.14,
CUST_01962,Rose,Perry,stephaniegraham@example.org,(536)683-1275,31,Oran,2024-06-17,Standard,799.0,11792.09,
CUST_01963,Chloe,Lawson,tammy78@example.net,001-602-728-0177x10629,32,Algiers,2023-04-07,Basic,559.0,14608.93,
CUST_01964,Paul,Chang,joseph35@example.net,441.543.9103,25,Oran,2025-05-06,Basic,725.0,5873.57,
CUST_01965,Ryan,Alvarado,kburch@example.net,3663747720,28,Algiers,2023-10-01,Standard,644.0,13875.81,
CUST_01966,Andrea,Hicks,judithmathis@example.org,(401)787-7795x3342,23,Annaba,2024-08-21,Standard,592.0,7722.31,
CUST_01967,Shelley,Anderson,david77@example.com,001-427-374-5750x21885,44,Oran,2025-09-02,Basic,665.0,0.0,
CUST_01968,Julian,Parker,pereznicholas@example.net,296.687.8842,23,Sidi Bel Abbès,2023-11-10,Premium,685.0,13189.82,
CUST_01969,Hailey,Holt,,277-406-9392x8532,38,Batna,2023-10-18,Basic,664.0,3724.77,
CUST_01970,Christopher,Barnes,svargas@example.com,001-777-681-8986x3613,40,Batna,2025-10-19,Premium,617.0,2060.16,
CUST_01971,Brenda,Padilla,wilsonann@example.net,823.450.1947x377,45,Sétif,2024-11-20,Standard,812.0,11792.96,
CUST_01972,William,Casey,wware@example.com,001-399-277-9178x22008,51,Algiers,2023-02-26,Standard,640.0,2389.1,
CUST_01973,Jonathan,Wagner,,(825)915-7595x1490,18,Oran,2024-10-05,Basic,633.0,8045.39,
CUST_01974,Kristen,Ritter,beckalan@example.net,858-772-4227x496,36,Constantine,2024-09-20,Basic,752.0,2566.06,
CUST_01975,Lisa,Gonzalez,dodsonmichael@example.com,597-525-1234,28,Batna,2023-07-24,Standard,712.0,19383.73,
CUST_01976,Ryan,Brooks,ffrazier@example.com,542.365.8750,18,Algiers,2023-10-06,Basic,783.0,11808.57,
CUST_01977,Deborah,Kim,scottthomas@example.com,928-606-1990,35,SÉTIF,2024-01-16,Standard,758.0,9040.9,
CUST_01978,Jean,Gutierrez,rwall@example.com,(817)512-4356,47,Algiers,2023-07-08,Basic,503.0,8097.33,
CUST_01979,Michael,Gonzalez,jennifer55@example.net,567.635.0781x072,40,Sidi Bel Abbès,2025-05-21,Standard,745.0,14230.16,
CUST_01980,Joseph,Barber,whitenicholas@example.com,+1-693-663-1962x756,31,Annaba,2024-08-08,Standard,675.0,12643.380000000001,
CUST_01981,Kathleen,Aguilar,sotomary@example.com,(630)206-3621x0516,64,Sidi Bel Abbès,2024-05-24,Standard,642.0,5423.8099999999995,
CUST_01982,Molly,Hanna,pittsmary@example.net,713-453-7396,-1,Sidi Bel Abbès,2025-08-18,Premium,640.0,2668.16,
CUST_01983,Olivia,Cannon,beverly86@example.com,470.855.4899x071,22,Tlemcen,2025-02-28,Premium,609.0,14331.25,
CUST_01984,Sarah,Nguyen,terrieverett@example.org,5299331326,26,Blida,2024-02-16,Basic,555.0,3347.21,
CUST_01985,Eric,Wright,charles77@example.org,001-329-918-4251x956,21,Sétif,2024-11-11,Basic,525.0,13687.82,
CUST_01986,Rebecca,Rogers,ericschwartz@example.com,(485)487-0630,35,Biskra,2025-03-13,Basic,850.0,14871.17,
CUST_01987,Jennifer,Franklin,laurakelly@example.org,+1-878-697-1535,23,Sidi Bel Abbès,2025-09-10,Basic,562.0,15707.03,
CUST_01988,Robert,Beck,,(250)272-8310x185,33,Biskra,2024-04-21,Standard,850.0,22690.420000000002,
CUST_01989,Richard,Collins,karen58@example.org,+1-605-680-1088x6797,18,Sidi Bel Abbès,2024-03-03,Basic,505.0,19613.16,
CUST_01990,Brianna,Griffin,,565-933-3477x4963,20,Tlemcen,2025-07-19,Basic,817.0,10855.23,
CUST_01991,Dylan,Mcguire,kgillespie@example.net,591-950-2374,50,Annaba,2023-09-23,Standard,554.0,16214.869999999999,
CUST_01992,Lawrence,Morris,,+1-304-672-6097x9629,45,Batna,2025-09-17,Standard,602.0,33414.76,
CUST_01993,Tommy,Young,kgray@example.net,001-559-919-8174x73665,42,Biskra,2024-06-11,Basic,818.0,30929.13,
CUST_01994,Alexandria,Drake,rebecca57@example.org,319.884.4496,18,Annaba,2025-05-25,Standard,670.0,1831.6799999999998,
CUST_01995,Luke,Morgan,tim74@example.org,321.323.8487x756,20,Biskra,2025-02-17,Standard,395.0,3485.04,
CUST_01996,Marissa,Harrison,,001-929-500-0590x5451,30,Sétif,2023-10-31,Premium,591.0,6590.0199999999995,
CUST_01997,Michael,Johnson,,562-571-2393x3065,40,Batna,2025-06-30,Standard,628.0,2059.05,
CUST_01998,James,Reeves,,+1-809-262-8219,33,Biskra,2024-05-02,Basic,508.0,11137.27,
CUST_01999,Tracy,Soto,jgordon@example.org,001-873-876-3097x73983,55,Sétif,2022-12-11,Premium,482.0,2612.43,
CUST_02000,Victor,Hudson,ugordon@example.com,8044450729,27,Tlemcen,2025-07-19,Premium,670.0,4390.41,
CUST_02001,Jessica,Arellano,parksandre@example.com,+1-832-526-5278x254,52,Algiers,2023-11-11,Basic,656.0,6346.719999999999,
CUST_02002,kevin,Miller,ronald11@example.com,953.298.7245x819,58,Biskra,2024-11-16,Standard,569.0,1414.09,
CUST_02003,Kevin,Simpson,kathy80@example.com,765.297.2683,37,Sidi Bel Abbès,2025-01-31,Standard,540.0,9058.98,
CUST_02004,Terri,Bailey,melissaortiz@example.com,221.428.1568x387,48,Sidi Bel Abbès,2025-06-17,Standard,766.0,15155.84,
CUST_02005,Abigail,Cook,jcarroll@example.org,949-524-1371,27,Algiers,2025-06-23,Standard,690.0,4438.200000000001,
CUST_02006,Ronald,Lee,pooleallison@example.net,306.884.8368,34,Sidi Bel Abbès,2023-05-08,Basic,646.0,5003.14,
CUST_02007,Amanda,Coleman,zwilliams@example.com,955.495.7354x1057,33,Batna,2025-10-18,Standard,617.0,2933.99,
CUST_02008,Kelly,White,johnsonamber@example.com,287-423-5784x57208,66,Blida,2025-09-08,Basic,537.0,15104.32,
CUST_02009,allen,Mitchell,brian74@example.net,316.760.8161,37,Batna,2024-10-02,Standard,755.0,7446.26,
CUST_02010,Tanya,Davis,allen47@example.net,+1-450-900-4584x0892,45,Algiers,2024-01-31,Standard,710.0,5093.39,
CUST_02011,Patricia,Dean,mcintoshpatrick@example.net,893-656-5803x6383,40,Sidi Bel Abbès,2023-04-14,Standard,737.0,8360.880000000001,
CUST_02012,Fred,Cox,washingtonalexandria@example.org,851.542.4496,44,Tlemcen,2022-12-20,Standard,714.0,8623.0,
CUST_02013,billy,Johnson,jason80@example.com,001-388-967-2514x096,42,Algiers,2024-07-22,Basic,649.0,2051.24,
CUST_02014,Wayne,West,jimenezalexander@example.net,316.468.8130x38469,30,Biskra,2023-02-25,Standard,628.0,733.64,
CUST_02015,Brian,James,jose66@example.org,(973)812-5361x276,53,Constantine,2025-03-05,Premium,566.0,22726.170000000002,
CUST_02016,Evan,Avila,sarah94@example.com,550-380-9897x173,33,Batna,2025-03-09,Standard,654.0,3810.58,
CUST_02017,Clifford,Coleman,gerald14@example.com,616.750.4415x264,41,Biskra,2025-01-30,Standard,624.0,6552.51,
CUST_02018,Douglas,Leach,srodgers@example.net,(941)891-3780x498,27,Constantine,2022-12-04,Standard,734.0,3317.31,
CUST_02019,Jaime,Kelley,seanwheeler@example.com,001-624-227-6074x1464,35,Constantine,2024-03-03,Premium,642.0,13237.869999999999,
CUST_02020,David,Bell,eric55@example.com,683-326-2138,51,Batna,2023-11-24,Standard,712.0,5073.51,
CUST_02021,Megan,Johnston,joshua25@example.org,950.456.8808x4820,38,Sidi Bel Abbès,2023-01-29,Basic,838.0,5617.3099999999995,
CUST_02022,Peter,Harris,,978.513.2672,60,Annaba,2023-04-30,Standard,651.0,2709.63,
CUST_02023,Robert,Cole,bgonzales@example.net,688-619-4687x74929,46,Tlemcen,2024-09-11,Basic,510.0,11393.74,
CUST_02024,Kristin,Harris,freed@example.org,001-566-484-9053x6678,27,Algiers,2023-06-09,Standard,604.0,6528.58,
CUST_02025,Randy,Winters,nancywebb@example.net,5535403883,18,Oran,2024-10-28,Standard,595.0,2994.33,
CUST_02026,Laura,Ortega,huntdaniel@example.com,780-523-6280x193,59,Oran,2023-03-12,Standard,732.0,3182.34,
CUST_02027,Joshua,Mcclure,,(873)441-5910x660,18,Annaba,2025-01-04,Basic,749.0,21282.58,
CUST_02028,Michael,Roberts,,(324)478-9225,31,Sétif,2025-09-30,Standard,677.0,3176.73,
CUST_02029,Cory,Conner,matthewmoses@example.org,908-240-1579,-1,Sétif,2023-04-09,Basic,716.0,2860.77,
CUST_02030,Christina,Mills,elliottcheryl@example.net,(326)886-6508x368,36,Biskra,2025-08-27,Basic,546.0,22829.25,
CUST_02031,Emily,Martin,bobby37@example.org,2874143903,18,Algiers,2025-08-09,Basic,785.0,6770.49,
CUST_02032,Matthew,Tyler,,402.347.4857x9888,23,Annaba,2023-05-15,Standard,591.0,5724.38,
CUST_02033,Jeremy,Wilson,sheila29@example.org,(629)572-5401,31,Biskra,2024-11-30,Basic,744.0,10117.630000000001,
CUST_02034,Megan,Phillips,kelly18@example.net,(845)594-7800x7924,-1,Sétif,2024-02-05,Standard,729.0,9821.949999999999,
CUST_02035,Carmen,Mills,,+1-950-245-8387x5007,28,Tlemcen,2024-08-09,Premium,813.0,12217.85,
CUST_02036,Jessica,Wilson,codykoch@example.org,001-659-280-4333x15696,18,Oran,2023-01-04,Premium,626.0,7249.11,
CUST_02037,Larry,Johnson,vanessasellers@example.com,(306)822-6093,48,Blida,2023-04-03,Standard,717.0,10772.61,
CUST_02038,Paul,Massey,,9823310171,25,Tlemcen,2025-03-31,Basic,610.0,16436.9,
CUST_02039,Kenneth,Marshall,brandon19@example.net,+1-795-408-1900x5673,29,Sétif,2025-11-09,Standard,539.0,2815.64,
CUST_02040,Michael,Wood,,(941)330-2286,32,Algiers,2024-01-20,Standard,635.0,16666.23,
CUST_02041,Mark,Henderson,kennethjackson@example.org,(977)774-1490x571,28,Annaba,2023-04-26,Standard,655.0,3397.65,
CUST_02042,Jennifer,Shields,rbenson@example.com,(361)858-7898,45,Biskra,2025-06-13,Standard,707.0,28505.61,
CUST_02043,Corey,Arellano,michelle11@example.org,524-312-4845x467,30,Annaba,2024-03-12,Basic,572.0,11496.630000000001,
CUST_02044,Sandra,Harrison,christopher06@example.com,+1-354-350-8570x340,19,Sidi Bel Abbès,2024-01-28,Standard,699.0,4961.04,
CUST_02045,Rebecca,Murray,pgarcia@example.org,312-973-8318,18,Constantine,2022-12-14,Standard,543.0,1699.46,
CUST_02046,John,Stewart,bhoward@example.com,2019915426,52,Biskra,2025-04-28,Standard,777.0,2834.3,
CUST_02047,Edgar,Carter,fisherjoshua@example.com,001-424-411-4754x66248,30,Annaba,2025-09-20,Premium,668.0,0.0,
CUST_02048,Bryan,Coleman,,846.803.8951x59234,27,Batna,2023-04-21,Standard,752.0,7608.4800000000005,
CUST_02049,Megan,Simpson,mscott@example.org,664-395-0605,21,Oran,2024-12-08,Basic,698.0,34248.15,
CUST_02050,Jason,Baird,velazquezdarlene@example.com,+1-763-910-7890x7869,31,Sétif,2023-01-09,Premium,636.0,12166.35,
CUST_02051,Angela,Miranda,traceyhill@example.net,+1-554-847-4733x43597,35,Tlemcen,2024-04-18,Premium,9999.0,1034.74,
CUST_02052,Clayton,Simmons,eric53@example.org,+1-875-904-0937x01185,29,Blida,2024-10-18,Standard,553.0,4189.63,
CUST_02053,Joan,Howard,murphykristin@example.com,6959792818,64,Constantine,2024-01-14,Standard,597.0,0.0,
CUST_02054,William,Sanders,,(241)861-1954,45,Constantine,2025-01-30,Standard,706.0,13097.18,
CUST_02055,William,Mcclain,dixonamanda@example.net,001-406-483-1121x7959,36,Constantine,2023-06-29,Standard,671.0,18704.1,
CUST_02056,Stephanie,Lopez,itucker@example.com,3386561627,32,Oran,2023-06-07,Basic,721.0,0.0,
CUST_02057,Kylie,Crawford,mlopez@example.com,+1-273-974-2142x0942,27,Tlemcen,2023-07-31,Standard,712.0,14287.609999999999,
CUST_02058,Timothy,Rodriguez,tjones@example.net,925-905-9253x0955,36,Tlemcen,2025-04-07,Standard,396.0,0.0,
CUST_02059,Jasmin,Walker,emily27@example.org,495.372.3816x129,18,ANNABA,2023-10-29,Standard,850.0,2562.67,
CUST_02060,Curtis,Beasley,allenjared@example.org,6756350246,29,Oran,2023-05-17,Premium,473.0,3129.31,
CUST_02061,Donald,Daniel,jeremyjackson@example.org,+1-573-385-7094,40,Annaba,2024-04-21,Premium,705.0,11522.58,
CUST_02062,Tracey,Proctor,nbenjamin@example.com,+1-221-531-6822x608,33,SIDI BEL ABBÈS,2023-01-25,Standard,393.0,2827.46,
CUST_02063,Daniel,Hall,tkirby@example.com,001-398-383-8037x473,42,Annaba,2025-03-30,Basic,627.0,1714.98,
CUST_02064,Sean,Lambert,randall45@example.com,507-670-0535x5882,25,BISKRA,2025-01-13,Standard,685.0,11549.869999999999,
CUST_02065,Elizabeth,Maxwell,contreraslisa@example.net,+1-738-950-2847x7982,18,BATNA,2023-07-10,Standard,843.0,17503.79,
CUST_02066,Chad,Watson,craig33@example.net,5705666706,-1,Oran,2023-03-01,Standard,645.0,14198.46,
CUST_02067,Kristina,Jones,gterry@example.net,953-309-3731x34037,28,Sidi Bel Abbès,2022-11-21,Standard,631.0,0.0,
CUST_02068,Stacy,Tucker,anthonydavis@example.net,001-920-404-5820,25,Oran,2024-01-14,Standard,815.0,7990.759999999999,
CUST_02069,Maria,Cole,david68@example.com,532.855.0652x9905,56,Sidi Bel Abbès,2024-09-26,Premium,564.0,17821.39,
CUST_02070,David,Johnson,vhatfield@example.net,7952789035,40,Biskra,2023-02-28,Standard,581.0,1068.56,
CUST_02071,Cassandra,Pham,zryan@example.net,245-765-7817x442,22,Blida,2023-01-11,Standard,652.0,10467.92,
CUST_02072,Susan,Ward,beltransamantha@example.net,+1-556-274-0920x16759,47,Algiers,2023-01-29,Basic,715.0,17363.77,
CUST_02073,Nicole,Shields,turnerarthur@example.net,+1-680-267-0914x4654,50,Algiers,2022-11-26,Basic,750.0,23814.28,
CUST_02074,Pamela,Johnson,jennifer45@example.com,+1-276-683-4875x256,18,Biskra,2024-08-09,Basic,674.0,6822.370000000001,
CUST_02075,Donald,Campbell,,3133807951,18,Constantine,2024-11-12,Basic,703.0,4818.8,
CUST_02076,Daniel,Olsen,,+1-915-695-9043x15071,39,Oran,2024-10-04,Standard,609.0,5435.540000000001,
CUST_02077,Gabriela,Castillo,ugates@example.net,(431)703-2319x7670,42,Blida,2025-10-02,Premium,684.0,20021.93,
CUST_02078,Cory,Hicks,,(389)524-4183x281,26,Sidi Bel Abbès,2024-10-05,Standard,769.0,4612.07,
CUST_02079,Joseph,Reese,katrina92@example.net,659.814.4894x009,44,Batna,2025-06-01,Standard,671.0,5404.17,
CUST_02080,Michelle,Scott,yyoung@example.net,(948)887-8073,42,Sidi Bel Abbès,2024-02-13,Basic,518.0,6377.88,
CUST_02081,Jonathan,Armstrong,shawnwilliams@example.org,925-619-1871x628,44,Sidi Bel Abbès,2024-03-02,Standard,680.0,0.0,
CUST_02082,Stephen,Coleman,smolina@example.net,491-793-5264,40,Tlemcen,2024-11-01,Basic,627.0,6255.65,
CUST_02083,cheryl,Wilson,fhancock@example.org,256.675.9105x63967,32,Blida,2025-03-21,Standard,493.0,480.03999999999996,
CUST_02084,Tim,Olson,nelsonmichael@example.com,202.750.1554x494,29,Sidi Bel Abbès,2025-04-20,Standard,850.0,10213.54,
CUST_02085,David,Price,tracydodson@example.com,001-484-255-5766x3354,47,Batna,2022-12-10,Basic,450.0,3939.0699999999997,
CUST_02086,Annette,Peterson,kimberlyjennings@example.org,672.482.7695x8870,28,Sétif,2025-04-25,Standard,621.0,9712.94,
CUST_02087,Andrew,Ortiz,ishepherd@example.org,+1-227-964-4829x4350,36,Tlemcen,2025-05-10,Standard,674.0,6245.92,
CUST_02088,Laurie,Reynolds,timothyharrell@example.com,+1-584-824-7164x91916,26,Tlemcen,2023-11-12,Standard,694.0,20612.43,
CUST_02089,Melissa,Parks,matthewthompson@example.org,269-915-6978,18,Tlemcen,2024-05-23,Standard,690.0,4634.3,
CUST_02090,Jared,Mendoza,smithbryan@example.org,001-649-302-3743x26924,23,Biskra,2022-11-16,Basic,9999.0,13061.039999999999,
CUST_02091,Heather,Chambers,rebecca91@example.org,+1-929-346-4031x1828,30,Blida,2024-03-02,Standard,730.0,0.0,
CUST_02092,Michael,Bailey,valdezanthony@example.org,690.459.6669,42,Annaba,2024-08-02,Standard,514.0,5745.07,
CUST_02093,Sara,Wilcox,jenniferhoward@example.net,001-742-288-4637x7348,38,ANNABA,2022-11-22,Standard,753.0,7825.889999999999,
CUST_02094,Tina,White,iwells@example.net,779-731-6250,32,Annaba,2023-05-04,Premium,579.0,3629.9,
CUST_02095,Scott,Obrien,michelle48@example.org,001-672-368-7793x889,31,Constantine,2025-06-06,Basic,716.0,11216.7,
CUST_02096,Tammy,Ramos,fcastillo@example.net,(791)404-0762x9696,18,Blida,2023-03-01,Basic,651.0,2788.6,
CUST_02097,Levi,Robinson,taylorjustin@example.com,507-519-1294,42,Sidi Bel Abbès,2023-01-12,Standard,672.0,10847.24,
CUST_02098,Sara,Henderson,grice@example.com,+1-363-255-0193x531,32,Oran,2025-01-08,Standard,800.0,7950.34,
CUST_02099,William,Wood,fbridges@example.org,900.517.4931x7560,58,Algiers,2023-06-02,Standard,637.0,12830.669999999998,
CUST_02100,Dale,Fitzpatrick,nlewis@example.org,+1-470-410-1492x621,36,Blida,2022-11-29,Standard,529.0,167.46,
CUST_02101,Aaron,Jones,scook@example.net,(360)225-1435x80471,33,Algiers,2025-09-25,Basic,668.0,8246.51,
CUST_02102,Matthew,Miller,julie11@example.net,896-202-7693x47796,37,Batna,2023-08-20,Standard,699.0,17648.760000000002,
CUST_02103,Wayne,Macdonald,ehernandez@example.com,6428246406,18,Oran,2025-03-16,Premium,737.0,6389.86,
CUST_02104,Kathleen,Morgan,nichole82@example.com,001-971-714-8816x05801,44,Batna,2025-08-05,Standard,850.0,2537.0,
CUST_02105,Bobby,Jackson,yrojas@example.com,6444414429,45,Sétif,2024-05-06,Premium,563.0,699.12,
CUST_02106,Crystal,Moreno,gravesmelanie@example.org,413-678-6268x49704,18,Oran,2024-02-05,Standard,541.0,4393.62,
CUST_02107,Anna,Wagner,edward07@example.com,+1-981-470-0681x43659,28,Annaba,2024-08-26,Basic,732.0,2645.37,
CUST_02108,Debra,Mcdonald,,341-271-5007x60175,53,Algiers,2025-07-24,Premium,741.0,10543.130000000001,
CUST_02109,Rita,Spencer,williamdickson@example.com,361.486.7706x672,40,Constantine,2024-07-10,Standard,832.0,8996.85,
CUST_02110,Jesse,Willis,greenalex@example.net,001-921-552-7259,36,Annaba,2024-02-18,Standard,722.0,6564.68,
CUST_02111,Maria,Buck,kristen08@example.net,001-912-805-9944,39,Tlemcen,2025-01-25,Basic,684.0,2105.71,
CUST_02112,Amanda,Valencia,davisemily@example.org,962-208-3610x88025,45,Oran,2025-05-31,Standard,749.0,12719.949999999999,
CUST_02113,Nancy,Jackson,mossraymond@example.org,903.855.9591x516,35,Oran,2024-03-03,Standard,663.0,798.96,
CUST_02114,Robert,Haas,wliu@example.net,(436)402-5368x7320,21,Batna,2025-06-25,Standard,708.0,634.35,
CUST_02115,Michael,Trujillo,hughesjoseph@example.net,287.238.7183x410,30,Sétif,2024-01-12,Standard,690.0,5445.18,
CUST_02116,Amber,Robertson,melissafischer@example.net,200.946.0356,18,Algiers,2024-01-06,Standard,488.0,7597.240000000001,
CUST_02117,Annette,Sweeney,thomashanson@example.org,947-290-5830x4702,29,Constantine,2025-05-30,Standard,679.0,17638.39,
CUST_02118,Ronald,Richardson,adamraymond@example.org,601-498-5754x73880,30,Sidi Bel Abbès,2023-10-14,Standard,849.0,26877.95,
CUST_02119,Patrick,Dixon,kristen72@example.com,732-405-2851x55013,38,Blida,2024-04-08,Premium,682.0,8792.47,
CUST_02120,Christopher,Kim,xchambers@example.com,2517391841,27,ORAN,2025-04-30,Standard,593.0,1536.8000000000002,
CUST_02121,Curtis,Johnson,,451-856-9933x276,18,Biskra,2024-07-30,Basic,633.0,253.32,
CUST_02122,Samantha,Baker,williamhood@example.org,2927523906,22,Sétif,2023-06-17,Standard,568.0,0.0,
CUST_02123,Lisa,Gonzales,kevinhess@example.org,373.594.9125,42,SÉTIF,2024-01-12,Premium,850.0,16848.89,
CUST_02124,Justin,Lopez,jared65@example.net,,18,Oran,2025-08-12,Standard,649.0,7901.02,
CUST_02125,Patrick,Hall,fergusonchristina@example.net,563.330.2304x2333,38,Tlemcen,2024-01-09,Standard,745.0,16439.07,
CUST_02126,Kayla,Nguyen,tylergreen@example.org,001-243-486-6684x70726,24,Sidi Bel Abbès,2023-10-22,Standard,747.0,2683.21,
CUST_02127,Jessica,Obrien,gharris@example.org,(937)238-0882x330,35,ORAN,2024-09-09,Basic,692.0,9943.93,
CUST_02128,Victoria,Weaver,steven07@example.com,586-821-0986,44,Sidi Bel Abbès,2024-06-12,Basic,846.0,4191.0,
CUST_02129,Tracie,Thompson,suarezamy@example.net,(400)766-8812x7904,41,Constantine,2024-06-30,Standard,551.0,10818.24,
CUST_02130,Joseph,Morris,hendersonkimberly@example.net,592.324.1997x970,38,Algiers,2024-07-15,Standard,715.0,9072.73,
CUST_02131,Amanda,Baker,williamsonrobin@example.com,001-844-787-8904x8334,25,Biskra,2023-12-30,Premium,471.0,26519.399999999998,
CUST_02132,Heather,Moon,paulwhite@example.org,980-666-6405,29,Annaba,2024-10-13,Standard,465.0,11770.449999999999,
CUST_02133,Amanda,Hardy,wilkinsonjason@example.net,(953)271-2688,32,Blida,2025-11-04,Premium,802.0,3311.29,
CUST_02134,Christopher,Buchanan,tommy13@example.net,001-673-614-2175x6247,26,Annaba,2023-06-15,Standard,704.0,6357.9800000000005,
CUST_02135,Daniel,Cherry,shannonbowen@example.org,(697)866-2084x078,32,Blida,2025-07-21,Basic,501.0,7789.69,
CUST_02136,Kathryn,Rivera,yphillips@example.org,799-778-5652,54,Blida,2023-04-25,Standard,605.0,20277.66,
CUST_02137,Matthew,Kramer,ngibson@example.org,001-690-272-2679,46,SÉTIF,2024-11-11,Standard,662.0,5680.32,
CUST_02138,Corey,Hays,damon82@example.com,001-838-468-8339x238,35,Constantine,2023-12-09,Standard,683.0,17015.79,
CUST_02139,Nicole,Henderson,alopez@example.com,203-656-5748,32,Annaba,2024-05-02,Basic,665.0,24791.100000000002,
CUST_02140,Sara,Mccarthy,robertcastillo@example.net,(806)300-1266x460,34,Blida,2024-09-04,Standard,667.0,8191.060000000001,
CUST_02141,Barry,Meadows,smithcarla@example.com,(659)854-5430x0178,39,Constantine,2024-10-29,Basic,791.0,4365.14,
CUST_02142,Misty,Acosta,lindasmith@example.net,822-858-9873x07321,35,Batna,2025-04-29,Standard,643.0,22871.3,
CUST_02143,Rachel,Hudson,williamsseth@example.net,+1-461-717-1340,61,Algiers,2025-09-18,Standard,657.0,8237.58,
CUST_02144,Richard,Thompson,ymcknight@example.com,249.746.5265,52,Annaba,2023-09-19,Premium,589.0,16535.31,
CUST_02145,Pamela,Powers,,459.253.8875x59875,43,Blida,2025-01-13,Standard,536.0,8105.51,
CUST_02146,Emily,Keith,suzannebrandt@example.net,(430)916-4303,26,Sidi Bel Abbès,2024-12-23,Standard,615.0,6686.32,
CUST_02147,Kenneth,Hampton,jeremyrobbins@example.org,001-645-978-6740,37,Sidi Bel Abbès,2023-04-02,Basic,643.0,21946.64,
CUST_02148,Daisy,Duran,robin72@example.net,634.619.0671x00997,40,Constantine,2024-09-14,Standard,681.0,3112.7599999999998,
CUST_02149,Frederick,Hudson,grayjordan@example.org,(282)465-8597,54,Blida,2024-05-30,Basic,633.0,7315.7699999999995,
CUST_02150,Charles,Peterson,terrence99@example.org,(584)634-5651x234,46,Blida,2023-01-12,Basic,740.0,7856.6900000000005,
CUST_02151,Misty,Holt,,001-239-959-4357x8459,45,Annaba,2025-11-08,Basic,660.0,44444.87,
CUST_02152,Jessica,Martinez,charlesgarcia@example.org,(664)921-8154,50,Biskra,2024-05-18,Standard,850.0,7236.580000000001,
CUST_02153,jeff,Marshall,dwilliams@example.com,5704950626,33,Sidi Bel Abbès,2024-01-29,Standard,529.0,8821.380000000001,
CUST_02154,Sarah,Reeves,davidcook@example.org,5799804707,38,Tlemcen,2025-08-21,Standard,579.0,24769.379999999997,
CUST_02155,Victor,Alvarado,,001-796-636-9184,47,Blida,2023-03-09,Basic,732.0,8983.17,
CUST_02156,Erika,Willis,tinarocha@example.com,001-392-782-6290x165,32,Tlemcen,2025-01-12,Premium,651.0,18176.87,
CUST_02157,Lee,Olson,sean87@example.org,(953)733-1793x134,34,Sétif,2025-07-03,Standard,742.0,9334.880000000001,
CUST_02158,Christina,Henderson,villarrealnoah@example.net,8216000278,44,Tlemcen,2025-03-06,Basic,516.0,4907.1,
CUST_02159,Michael,Velasquez,abrown@example.com,225-738-0631,33,Annaba,2025-07-11,Premium,739.0,5832.05,
CUST_02160,Mary,Reyes,georgehawkins@example.net,001-927-746-2268,37,Annaba,2023-02-17,Standard,850.0,22987.88,
CUST_02161,Julie,Bailey,katherine38@example.com,(607)657-9314,30,Tlemcen,2023-09-01,Premium,850.0,7665.64,
CUST_02162,Krista,Wilson,ukeller@example.net,001-462-943-8409,36,Sidi Bel Abbès,2025-09-08,Basic,707.0,2204.46,
CUST_02163,Charles,Kelly,elizabethgutierrez@example.com,3702518251,41,Annaba,2023-02-18,Premium,544.0,900.39,
CUST_02164,Amanda,Chavez,woodsbeth@example.com,756-261-9667x601,30,Blida,2023-07-27,Standard,520.0,3443.85,
CUST_02165,Wanda,Mack,archerphilip@example.com,976-647-5665x73297,28,Oran,2025-02-26,Standard,608.0,7744.849999999999,
CUST_02166,Matthew,Hamilton,christina23@example.org,8943621470,49,Sétif,2025-09-19,Premium,678.0,7368.619999999999,
CUST_02167,Matthew,Atkinson,yrobinson@example.org,234-828-9078x16293,48,Oran,2023-12-02,Basic,744.0,6112.94,
CUST_02168,Brian,Rodriguez,reynoldsdavid@example.net,3363705904,37,Sidi Bel Abbès,2024-10-31,Standard,612.0,5155.2,
CUST_02169,Audrey,Bond,bramos@example.net,819.294.6709,24,Biskra,2024-03-31,Standard,679.0,3256.2799999999997,
CUST_02170,Christina,Wilcox,edwardroy@example.net,408.678.8477,33,Annaba,2024-03-24,Standard,577.0,7781.14,
CUST_02171,Christy,Andersen,,948.723.0097x154,44,Tlemcen,2025-10-29,Basic,703.0,4923.03,
CUST_02172,Allen,Burnett,melissapham@example.org,(472)411-5678x1408,60,Blida,2025-02-13,Premium,646.0,14004.84,
CUST_02173,Richard,Hurley,davidsonshannon@example.com,509-342-3159x63781,18,Tlemcen,2023-01-19,Standard,561.0,6989.1,
CUST_02174,Daniel,Acosta,patrickcarpenter@example.org,6472904644,30,Batna,2024-11-28,Standard,756.0,7154.71,
CUST_02175,Amy,Murphy,christinavelez@example.com,+1-291-219-2689,22,Tlemcen,2024-05-13,Basic,532.0,1383.06,
CUST_02176,Victoria,Bernard,,944-916-6611,46,Constantine,2025-05-15,Basic,416.0,7160.280000000001,
CUST_02177,Joshua,Waller,eoneal@example.org,+1-605-985-8240,44,Sidi Bel Abbès,2024-12-31,Basic,740.0,3044.04,
CUST_02178,Bridget,Park,,903.715.1861,32,Tlemcen,2024-07-15,Standard,666.0,4582.879999999999,
CUST_02179,Ryan,Mejia,cheryl76@example.com,+1-219-349-5832x5199,36,Algiers,2023-04-10,Standard,488.0,2905.8900000000003,
CUST_02180,Michelle,Powell,josedean@example.org,(477)870-8594,18,Biskra,2023-05-19,Basic,673.0,29976.729999999996,
CUST_02181,christina,Paul,joseph44@example.net,(913)880-1155,30,Tlemcen,2023-09-11,Standard,586.0,8782.49,
CUST_02182,Cory,Sheppard,,(332)937-5083x973,26,Batna,2025-07-22,Standard,604.0,10732.05,
CUST_02183,Lisa,Hernandez,dylanyoung@example.net,(813)495-7965,42,Biskra,2022-11-19,Basic,556.0,16347.26,
CUST_02184,James,Walker,smithjenna@example.net,858-404-8294x07828,40,Batna,2025-01-25,Standard,502.0,6935.34,
CUST_02185,Adrienne,Goodman,,001-462-458-7360x80558,18,Sétif,2023-04-18,Standard,707.0,1785.14,
CUST_02186,James,Mann,stantonvictoria@example.com,6113532703,18,Blida,2025-09-04,Basic,487.0,212.68,
CUST_02187,Scott,Buckley,irosales@example.net,001-263-771-3799x870,-1,Annaba,2024-05-19,Premium,461.0,23284.379999999997,
CUST_02188,Amber,Aguilar,yatesjanet@example.net,001-439-765-7537x64451,32,Sétif,2023-04-30,Premium,676.0,7551.18,
CUST_02189,Gary,Smith,kristeningram@example.com,+1-242-899-6138x07186,31,Tlemcen,2024-08-22,Standard,541.0,11328.93,
CUST_02190,Denise,Jacobs,matthew06@example.net,438.929.2162x98604,35,Biskra,2023-12-26,Standard,570.0,14851.63,
CUST_02191,Tyler,Lindsey,sanchezdebra@example.net,8566956250,26,Oran,2023-04-14,Standard,624.0,8709.0,
CUST_02192,Luis,Payne,byrdsherry@example.net,001-886-208-1107x14923,19,Annaba,2025-03-15,Basic,670.0,5556.05,
CUST_02193,Robert,Johnson,tina84@example.com,001-543-372-1326x77638,18,Tlemcen,2023-02-03,Standard,688.0,10526.38,
CUST_02194,Sandra,Brown,jesse43@example.org,001-297-397-5684x21818,35,Biskra,2025-05-29,Standard,768.0,7423.6900000000005,
CUST_02195,Thomas,Ford,reevesheather@example.org,212-565-9746,37,Algiers,2023-04-04,Basic,709.0,3147.42,
CUST_02196,Jason,Anderson,crose@example.org,423-227-5888x1185,48,Sétif,2023-07-09,Standard,534.0,114.16,
CUST_02197,Melody,Wilson,,289-210-9531,47,Oran,2024-03-29,Premium,685.0,4981.95,
CUST_02198,Donna,White,caleb62@example.org,380.613.7020,27,Algiers,2023-02-01,Standard,528.0,9074.84,
CUST_02199,Ruth,Ramirez,tmiller@example.org,(207)872-7204x5098,24,Annaba,2024-12-07,Basic,722.0,8290.2,
CUST_02200,Paige,Bell,,(526)225-1049x4617,52,Batna,2024-11-10,Standard,518.0,10026.11,
CUST_02201,Lisa,Meza,clarkdiane@example.org,001-967-630-9240,33,Oran,2024-10-10,Premium,720.0,4802.950000000001,
CUST_02202,James,Bradley,pperry@example.org,001-503-563-8574,29,Tlemcen,2023-03-02,Standard,455.0,5224.62,
CUST_02203,Luke,Gordon,johnsonangela@example.org,(826)775-0146x8314,45,Algiers,2025-10-04,Standard,646.0,10945.48,
CUST_02204,Kimberly,Perez,kayla55@example.net,001-546-442-0181x902,33,Algiers,2023-02-24,Standard,550.0,13654.509999999998,
CUST_02205,Tiffany,Garcia,sullivanalfred@example.net,875-907-5192,36,Sidi Bel Abbès,2024-10-06,Basic,583.0,6848.040000000001,
CUST_02206,Leah,Ramirez,mccluredeborah@example.net,(984)439-6568,37,Algiers,2023-04-16,Standard,643.0,7154.67,
CUST_02207,Adam,Bruce,bmiller@example.org,(953)647-6414x4271,40,BATNA,2023-07-08,Basic,491.0,12427.29,
CUST_02208,Michelle,Cox,michael80@example.org,(790)869-5473,23,Blida,2023-04-09,Basic,533.0,17080.75,
CUST_02209,Shane,Taylor,james10@example.net,6988245081,28,Blida,2024-03-10,Premium,679.0,3245.96,
CUST_02210,Edward,Gonzalez,gonzalesdaniel@example.org,(802)425-2553x13417,21,Constantine,2024-07-02,Standard,622.0,16119.14,
CUST_02211,Rebecca,Reed,vasquezjoseph@example.org,463-379-0584,48,Sidi Bel Abbès,2023-06-05,Standard,736.0,10405.97,
CUST_02212,James,Fischer,gmontgomery@example.org,001-882-996-5612x06464,45,Sétif,2023-08-23,Basic,666.0,13872.36,
CUST_02213,Angela,Kelly,markwilliams@example.com,(401)843-9992x570,18,ORAN,2022-11-21,Standard,,6487.85,
CUST_02214,Abigail,Fuller,,252-703-2865x91819,18,Constantine,2024-06-14,Premium,688.0,9420.17,
CUST_02215,Jamie,Jacobs,hornmatthew@example.org,(973)908-3038x84016,25,Sétif,2024-08-22,Basic,657.0,9062.53,
CUST_02216,Heather,Pitts,navarromark@example.com,797-609-5744,34,Algiers,2025-05-31,Standard,681.0,11808.64,
CUST_02217,Brittany,Mcneil,prestonjohn@example.com,(973)484-3155x67695,31,Tlemcen,2023-12-30,Standard,387.0,5552.799999999999,
CUST_02218,Jillian,Perez,qrobinson@example.org,303.591.9056x6514,27,Blida,2023-06-09,Standard,752.0,2925.26,
CUST_02219,Patricia,Sanders,edwardray@example.net,468.616.0519x170,34,Constantine,2025-06-17,Standard,708.0,2428.86,
CUST_02220,Ronald,Allen,jessica37@example.org,+1-301-531-8434,23,Batna,2025-06-10,Standard,656.0,2049.8999999999996,
CUST_02221,Timothy,Wilson,jbrady@example.com,511-647-6207,29,Sidi Bel Abbès,2024-06-24,Standard,631.0,21448.77,
CUST_02222,Norma,Christensen,,(547)931-1688x59266,49,Algiers,2022-11-27,Standard,613.0,1049.34,
CUST_02223,Miranda,Mills,jeffrey30@example.org,685-378-1656x0880,28,Biskra,2024-11-30,Basic,720.0,7277.76,
CUST_02224,Benjamin,Dodson,juangould@example.net,(888)226-1734,45,Biskra,2024-03-27,Standard,622.0,1043.6799999999998,
CUST_02225,Kathryn,Hamilton,,281-637-2293,33,Batna,2022-11-19,Basic,569.0,18306.25,
CUST_02226,Jermaine,Parsons,joshuarodriguez@example.org,(547)564-9273x8681,50,Sidi Bel Abbès,2024-10-23,Standard,570.0,2806.04,
CUST_02227,Pamela,Martin,xpacheco@example.net,581-255-3925,51,Constantine,2023-02-16,Standard,664.0,6778.400000000001,
CUST_02228,Raymond,Brown,,678-276-0287,41,Sidi Bel Abbès,2023-05-06,Standard,831.0,2789.33,
CUST_02229,Robin,Jennings,smithheather@example.org,001-516-978-1288,40,Tlemcen,2024-10-06,Basic,503.0,757.31,
CUST_02230,Carolyn,Fernandez,,(527)781-4695,18,Annaba,2025-05-06,Standard,572.0,8268.240000000002,
CUST_02231,Robert,Black,johnlevy@example.org,8724486115,45,Annaba,2025-11-04,Standard,684.0,0.0,
CUST_02232,Lisa,Price,brownbarbara@example.com,201.541.2804x4712,49,Sétif,2023-04-01,Standard,632.0,1823.5900000000001,
CUST_02233,Amy,Parker,richard37@example.net,+1-786-317-3277x6063,31,Annaba,2024-02-01,Basic,754.0,8829.06,
CUST_02234,Ashley,Perkins,eward@example.com,569-984-3663,39,Batna,2024-02-11,Standard,655.0,17448.3,
CUST_02235,Christopher,Valencia,michael57@example.com,578.959.2945x8361,59,Blida,2023-10-20,Premium,542.0,8564.310000000001,
CUST_02236,Nancy,Mckee,,8429445025,35,Algiers,2023-05-01,Standard,575.0,16270.6,
CUST_02237,Valerie,Burnett,christineclarke@example.net,+1-581-461-0376,42,Tlemcen,2023-09-27,Standard,649.0,20286.15,
CUST_02238,Jeffrey,Sparks,torrestravis@example.org,+1-826-398-0865x5108,18,Tlemcen,2025-05-04,Basic,439.0,7290.0199999999995,
CUST_02239,Steven,Hooper,vcharles@example.net,493.913.2940,34,Batna,2024-08-17,Standard,701.0,20411.440000000002,
CUST_02240,Hunter,Winters,clayrichard@example.com,(955)274-8632x810,18,Batna,2024-01-18,Standard,676.0,12431.45,
CUST_02241,Monica,Rogers,timothy84@example.org,3967006616,34,Annaba,2025-10-24,Standard,546.0,6855.69,
CUST_02242,Scott,Sullivan,kellysteele@example.com,+1-779-918-1433x697,49,Batna,2025-05-28,Standard,597.0,6858.33,
CUST_02243,Michael,Long,cruzjames@example.org,(805)233-8824x99696,33,Biskra,2024-12-22,Basic,850.0,20462.53,
CUST_02244,Melissa,Swanson,,+1-604-914-0363,21,Blida,2023-11-12,Standard,581.0,13695.24,
CUST_02245,Devin,Paul,veleznichole@example.com,+1-402-329-3094x431,53,Annaba,2023-09-09,Standard,645.0,3341.1600000000003,
CUST_02246,Melissa,Morris,mlawson@example.org,5722566872,31,Sétif,2024-10-14,Basic,503.0,5102.46,
CUST_02247,Shelley,Bailey,scottjones@example.net,(710)541-3677x767,38,Constantine,2025-01-08,Standard,575.0,3632.74,
CUST_02248,David,Berg,dmendoza@example.org,001-267-655-7912,45,Batna,2023-08-28,Standard,629.0,11962.42,
CUST_02249,Andrew,Martin,rachel38@example.net,826.897.6941x36674,35,Tlemcen,2025-06-24,Standard,782.0,14218.82,
CUST_02250,April,Mendoza,fhall@example.com,283-659-0949,48,Blida,2023-08-24,Standard,679.0,17456.01,
CUST_02251,Joshua,Ellis,ttaylor@example.com,627-286-1095x47287,25,Sidi Bel Abbès,2023-10-26,Standard,572.0,4124.1,
CUST_02252,Christopher,Austin,huynhpatrick@example.org,378.228.0356,52,Biskra,2024-10-26,Standard,538.0,39514.09,
CUST_02253,Nathan,Simpson,usmith@example.com,(901)639-9392x567,23,Sétif,2025-04-22,Basic,727.0,17994.6,
CUST_02254,Christopher,Haas,zjones@example.org,(567)286-1633x86381,24,Annaba,2023-04-17,Basic,711.0,9854.17,
CUST_02255,Lauren,Anderson,nturner@example.com,(565)649-7705x3644,18,Tlemcen,2024-10-24,Standard,746.0,22274.64,
CUST_02256,Justin,Anderson,djames@example.net,+1-401-228-9348x2800,26,Batna,2023-08-08,Basic,709.0,4986.48,
CUST_02257,Paul,Johnson,reginald69@example.com,+1-200-619-2331x524,41,Oran,2025-08-24,Standard,710.0,3612.96,
CUST_02258,Dana,Murphy,heather27@example.com,661.427.7933x33569,18,Algiers,2023-02-22,Standard,727.0,4858.719999999999,
CUST_02259,Joseph,Hogan,ylong@example.org,(929)550-6410x31841,22,Constantine,2024-10-11,Basic,540.0,18462.99,
CUST_02260,Miguel,Taylor,cynthia65@example.net,(846)612-0384x672,45,Blida,2024-11-20,Standard,783.0,15202.9,
CUST_02261,Charles,Guzman,janicedixon@example.net,843-453-5425,39,Biskra,2024-11-13,Standard,695.0,14200.84,
CUST_02262,Roberto,Adkins,crawfordveronica@example.org,001-738-247-5134x07491,23,Batna,2024-12-16,Basic,804.0,2563.1400000000003,
CUST_02263,Amanda,Novak,brett55@example.com,(951)520-6906x11959,57,Sidi Bel Abbès,2023-05-01,Standard,573.0,8131.3099999999995,
CUST_02264,John,Smith,stewartjoshua@example.com,294.242.8054,32,Tlemcen,2025-10-31,Premium,610.0,6378.8,
CUST_02265,Kimberly,Simon,danielkelly@example.org,487.430.5390x0343,20,Sétif,2023-04-16,Standard,569.0,13104.08,
CUST_02266,Patricia,Maldonado,jasmine62@example.net,697-556-5783x3939,35,Oran,2022-12-14,Standard,749.0,10434.17,
CUST_02267,Evelyn,Miller,kathleen87@example.net,(980)595-7283,43,Algiers,2024-11-28,Standard,473.0,4277.450000000001,
CUST_02268,Charles,Morrison,ocervantes@example.net,001-484-760-7456,38,Sétif,2024-10-13,Basic,806.0,5517.24,
CUST_02269,Adam,Clark,sethcrosby@example.net,475.287.5098x02075,64,Blida,2024-01-24,Standard,654.0,7049.38,
CUST_02270,Patricia,Pruitt,npollard@example.net,4642847739,18,Constantine,2023-10-04,Premium,643.0,2872.49,
CUST_02271,Laura,Summers,alexander73@example.net,497-218-9011,28,Annaba,2025-02-19,Basic,742.0,20379.91,
CUST_02272,Tracy,White,mosschristine@example.net,526-716-6647x107,19,Constantine,2024-03-11,Standard,570.0,10797.57,
CUST_02273,Robert,Taylor,stephensdaniel@example.net,001-230-201-6183x21529,33,Sidi Bel Abbès,2023-10-01,Standard,732.0,10575.6,
CUST_02274,lindsay,Reyes,rdawson@example.org,8869042831,58,Constantine,2023-07-02,Standard,530.0,2759.9300000000003,
CUST_02275,Melissa,Turner,valerie71@example.org,(306)606-7377x8892,27,Oran,2024-06-29,Basic,596.0,2719.7799999999997,
CUST_02276,Benjamin,Stevens,gordonjonathan@example.net,+1-901-817-0564,42,Batna,2024-06-25,Premium,654.0,11035.880000000001,
CUST_02277,Mitchell,Avila,owatkins@example.net,267.559.4791,27,Sidi Bel Abbès,2024-06-14,Premium,672.0,5146.82,
CUST_02278,Amber,Castaneda,francis08@example.org,253-234-3049x8207,20,Algiers,2023-04-29,Standard,604.0,3591.17,
CUST_02279,Stephanie,Mcdonald,jose53@example.net,001-596-241-6382x51172,35,Annaba,2025-05-23,Premium,714.0,8021.1,
CUST_02280,Michael,Martin,lsolis@example.com,830.380.4808,26,Oran,2023-05-13,Standard,691.0,17420.379999999997,
CUST_02281,Michael,Smith,jacqueline30@example.com,377-921-1271x68109,45,Sétif,2025-07-25,Standard,565.0,2951.9,
CUST_02282,Terri,Durham,christopherhernandez@example.com,637.811.0706x8686,25,Blida,2023-03-02,Standard,759.0,3450.69,
CUST_02283,Thomas,Young,ronald95@example.org,+1-974-925-2577x6899,33,Annaba,2024-11-26,Standard,675.0,12183.68,
CUST_02284,Ashley,Davis,ujohnson@example.org,+1-837-501-4095x07151,50,Constantine,2023-07-15,Standard,722.0,2580.8900000000003,
CUST_02285,Debra,Freeman,thernandez@example.net,(211)859-5338x41629,-1,Constantine,2024-07-04,Standard,736.0,13991.720000000001,
CUST_02286,Kathryn,Miller,qsanders@example.org,5986051834,28,Tlemcen,2023-06-24,Standard,683.0,1854.62,
CUST_02287,John,Graham,schwartzsarah@example.com,493.347.2441x676,28,Biskra,2024-05-02,Standard,603.0,6451.530000000001,
CUST_02288,Kelly,Smith,tmitchell@example.org,+1-732-368-3487x092,52,Sétif,2024-11-17,Standard,701.0,4406.27,
CUST_02289,Ann,Lawrence,michael82@example.com,(377)433-1258,35,Biskra,2025-08-07,Premium,611.0,16784.13,
CUST_02290,Phillip,Powell,adrian19@example.com,001-744-376-5224x6968,61,Sétif,2024-08-22,Basic,599.0,10030.77,
CUST_02291,Carl,Wood,,+1-728-245-4705x00574,32,Sidi Bel Abbès,2024-02-10,Basic,578.0,0.0,
CUST_02292,Larry,Stevens,,(676)407-8335,57,Constantine,2025-08-16,Standard,573.0,5786.58,
CUST_02293,Michael,Mitchell,,(334)317-6546x141,24,Algiers,2024-10-28,Standard,674.0,11859.91,
CUST_02294,Kelly,Parsons,ashleyguerrero@example.org,+1-929-983-5844x8012,57,Oran,2023-04-09,Standard,781.0,19725.44,
CUST_02295,Scott,Burns,rochapaul@example.net,239-509-1744x79408,40,Algiers,2025-03-30,Standard,554.0,755.36,
CUST_02296,Tara,Sherman,garrettreid@example.com,919-896-5840x293,38,Blida,2023-10-30,Standard,637.0,8587.710000000001,
CUST_02297,Lori,Bowman,hburch@example.org,(238)265-6260,26,Batna,2024-08-08,Standard,776.0,48991.04,
CUST_02298,Anthony,Melton,smithjohn@example.org,937-382-8687x22030,36,Algiers,2025-10-26,Standard,555.0,8838.53,
CUST_02299,Amy,Lam,kduncan@example.org,397.766.2154,42,Oran,2025-10-16,Premium,563.0,12834.33,
CUST_02300,Victoria,Brown,robersonerika@example.org,529.629.4286x358,27,Tlemcen,2023-05-14,Standard,630.0,1865.3700000000001,
CUST_02301,Nicole,Gonzalez,rnewman@example.net,959-410-9233x55885,51,Biskra,2024-10-23,Standard,612.0,4875.450000000001,
CUST_02302,Jose,Pena,claychristopher@example.net,8553875302,45,Blida,2025-01-08,Premium,681.0,18029.56,
CUST_02303,Carolyn,Chang,caleb79@example.com,+1-320-327-9891x4548,18,Biskra,2025-09-20,Standard,603.0,13171.39,
CUST_02304,Susan,Kennedy,williamrogers@example.net,887-749-4009x2628,21,Biskra,2025-05-20,Standard,626.0,12680.42,
CUST_02305,Tina,Snyder,vanessaclayton@example.net,+1-405-470-1974x3575,42,Batna,2023-11-23,Standard,584.0,9343.56,
CUST_02306,Lori,Terry,morgan68@example.org,001-584-869-0015x812,46,Constantine,2023-09-07,Standard,574.0,0.0,
CUST_02307,Jacob,Oliver,kristen00@example.org,(719)906-7244x609,30,Sidi Bel Abbès,2025-07-22,Basic,609.0,6678.860000000001,
CUST_02308,Mary,Patel,,3832572890,41,Algiers,2025-01-04,Premium,530.0,2057.77,
CUST_02309,Maria,Wright,xparker@example.net,280-742-0223,39,Tlemcen,2024-04-17,Standard,668.0,25141.46,
CUST_02310,Max,Wright,xhaney@example.net,001-728-876-5755x52586,54,Biskra,2023-12-11,Basic,669.0,13553.35,
CUST_02311,Jenny,Simmons,gadams@example.com,626.848.7130x00255,31,Blida,2023-11-20,Premium,598.0,9906.39,
CUST_02312,John,Mitchell,derek48@example.com,270-841-4505x6337,40,Tlemcen,2025-08-04,Basic,701.0,21155.36,
CUST_02313,Deborah,Farrell,garzadeborah@example.org,+1-475-395-5942,52,Annaba,2023-08-08,Standard,666.0,12743.25,
CUST_02314,Sarah,Hernandez,gilbertchristina@example.com,001-611-280-1677x4360,40,Tlemcen,2024-06-03,Standard,781.0,14151.82,
CUST_02315,Cassandra,Gonzales,jeffrey69@example.com,349.834.7688x9386,18,Oran,2024-12-18,Premium,676.0,6030.01,
CUST_02316,Alicia,Castillo,ureyes@example.com,208.743.1965x21790,31,Annaba,2024-11-07,Basic,620.0,9176.28,
CUST_02317,Dennis,Barnes,lucas74@example.org,(784)759-5876,49,Tlemcen,2025-06-23,Premium,437.0,7066.389999999999,
CUST_02318,Clifford,Jackson,pereztyler@example.org,731.483.5941x234,18,Annaba,2023-05-24,Standard,711.0,5059.53,
CUST_02319,Mitchell,Black,keithflores@example.com,616-427-4351,55,Biskra,2025-04-30,Basic,605.0,12752.67,
CUST_02320,James,Simpson,moorecory@example.com,+1-502-581-0607x6344,30,Blida,2024-11-25,Basic,711.0,6087.52,
CUST_02321,Aaron,Banks,nwaller@example.org,001-456-341-6298x7025,36,Batna,2025-01-10,Standard,679.0,8841.32,
CUST_02322,Nancy,Adams,staceydickerson@example.org,223.468.5044x8526,39,Annaba,2023-11-12,Standard,678.0,9176.09,
CUST_02323,Diana,Hernandez,jonathansnow@example.net,(430)961-1390x045,48,BATNA,2025-05-26,Basic,598.0,4698.69,
CUST_02324,Frederick,Adams,,+1-733-355-5638,33,Biskra,2025-03-05,Standard,765.0,17233.309999999998,
CUST_02325,angela,Andrade,yphillips@example.com,001-280-905-5733,20,TLEMCEN,2025-10-14,Basic,751.0,2711.18,
CUST_02326,Tara,Sullivan,rsmith@example.com,2447750175,34,Sétif,2024-11-25,Premium,462.0,12041.66,
CUST_02327,Peter,Casey,brewermarcus@example.com,001-672-523-2420,44,Algiers,2023-01-18,Standard,692.0,7503.7699999999995,
CUST_02328,John,Brown,dillonmargaret@example.net,813.363.5911x4202,59,Constantine,2025-04-24,Basic,547.0,0.0,
CUST_02329,Javier,Spencer,adamsjennifer@example.org,+1-445-542-2492x2430,31,Constantine,2025-03-09,Standard,689.0,2144.8599999999997,
CUST_02330,Brian,Johnson,davidfox@example.net,(382)543-5097,27,Batna,2023-07-22,Standard,706.0,5185.44,
CUST_02331,Evan,Morris,fwilson@example.com,(294)984-6764,18,Sidi Bel Abbès,2024-08-08,Standard,442.0,13491.210000000001,
CUST_02332,Michael,Bennett,adam30@example.net,309.706.3360x273,20,Sétif,2024-04-09,Premium,682.0,10303.24,
CUST_02333,Jennifer,Fisher,xreese@example.org,(429)624-5989x77738,34,Annaba,2025-09-14,Standard,580.0,4044.2,
CUST_02334,Eric,Ramirez,brookemartin@example.org,833.481.3852x23590,18,Sidi Bel Abbès,2024-11-28,Standard,649.0,8647.45,
CUST_02335,Kelsey,Hensley,samantha01@example.com,212-545-2292x4567,40,Tlemcen,2024-12-25,Premium,726.0,5728.6900000000005,
CUST_02336,Rebecca,Terry,austin62@example.net,+1-933-774-1535x833,24,Tlemcen,2023-02-07,Premium,633.0,13182.85,
CUST_02337,Rebecca,Howe,,+1-445-587-5950x8257,23,Constantine,2025-02-01,Basic,793.0,6875.05,
CUST_02338,Erin,Smith,asmith@example.org,+1-969-748-4674,47,Constantine,2025-02-03,Standard,722.0,2661.64,
CUST_02339,Corey,Kelley,stephanie65@example.org,+1-469-722-7025,39,Blida,2025-07-16,Basic,702.0,9274.48,
CUST_02340,Dakota,Rodriguez,mcclainmorgan@example.com,001-662-241-2667x6809,48,Batna,2024-07-26,Premium,702.0,9079.5,
CUST_02341,Kevin,Johnson,rogeradams@example.com,001-653-220-6543x26143,-1,Annaba,2024-04-19,Basic,789.0,7762.02,
CUST_02342,Michael,Preston,james10@example.net,356-483-0953,37,Constantine,2025-11-02,Premium,786.0,3742.55,
CUST_02343,Frank,Heath,chill@example.com,587.206.7644x286,36,Sidi Bel Abbès,2025-10-24,Premium,518.0,7429.549999999999,
CUST_02344,Jillian,Stevens,navarrojessica@example.net,6124448056,19,Oran,2023-03-15,Standard,744.0,9788.43,
CUST_02345,William,Parker,johnsonjonathan@example.org,2076231492,36,Tlemcen,2024-08-31,Standard,697.0,10044.55,
CUST_02346,Allen,Rosario,brian41@example.org,707-204-3105,33,Annaba,2023-02-16,Standard,672.0,502.79,
CUST_02347,Jessica,Palmer,,251.741.4835x156,35,Oran,2023-08-30,Standard,626.0,19109.809999999998,
CUST_02348,David,Ellis,jenningscalvin@example.org,+1-461-915-1116,55,Oran,2023-08-19,Standard,748.0,12276.310000000001,
CUST_02349,Karen,Jensen,daniel61@example.net,(350)447-2553x10737,43,Constantine,2022-11-19,Standard,563.0,9728.65,
CUST_02350,Dustin,Gross,manuel24@example.org,+1-586-509-6925,37,Sétif,2022-12-24,Standard,799.0,0.0,
CUST_02351,Emily,Livingston,kimberlywhitaker@example.net,940-309-9812,38,Tlemcen,2023-04-09,Standard,756.0,13446.2,
CUST_02352,Jaclyn,Sparks,zacharywest@example.com,001-415-894-9254x3450,26,Sétif,2023-08-24,Premium,467.0,14535.52,
CUST_02353,Glenn,Sanchez,zgarrett@example.com,681-510-5129x272,39,Algiers,2025-01-26,Basic,9999.0,14492.34,
CUST_02354,Trevor,Jimenez,,507-708-2408,46,Oran,2025-01-04,Premium,611.0,2022.31,
CUST_02355,Michelle,Robinson,holdershawn@example.org,2823366162,43,Sidi Bel Abbès,2025-05-05,Premium,592.0,26785.199999999997,
CUST_02356,Sally,Lawrence,jessica26@example.net,(208)469-6110x8403,41,Sidi Bel Abbès,2024-01-14,Basic,477.0,9872.210000000001,
CUST_02357,Timothy,Todd,hamptonrobert@example.org,899.250.6667,36,Batna,2023-12-05,Premium,646.0,13974.82,
CUST_02358,Alicia,Johnson,morgansandra@example.net,+1-208-730-6925x098,32,Batna,2025-07-15,Premium,614.0,15391.62,
CUST_02359,Sarah,Collins,richardskaitlyn@example.org,(443)261-6050,51,Sidi Bel Abbès,2024-01-23,Standard,454.0,3530.47,
CUST_02360,Bonnie,Farmer,harmonrachel@example.net,+1-436-378-4903,34,Sidi Bel Abbès,2024-03-10,Standard,481.0,9905.740000000002,
CUST_02361,anna,Sosa,dicksonkatie@example.com,955.700.4375x315,39,Constantine,2025-07-17,Standard,705.0,27416.61,
CUST_02362,Christine,Williams,madelinelong@example.org,001-703-867-4867,70,Sidi Bel Abbès,2025-09-19,Standard,667.0,12406.64,
CUST_02363,Melissa,Ingram,sherri53@example.com,+1-274-239-2708x12078,33,Annaba,2024-05-04,Premium,662.0,3510.33,
CUST_02364,Christopher,Smith,wrightdouglas@example.org,723.341.6099x09757,33,Sétif,2024-01-22,Standard,457.0,15538.480000000001,
CUST_02365,Anna,Jimenez,rgreen@example.net,4434946162,31,Sidi Bel Abbès,2024-12-07,Standard,739.0,4959.3099999999995,
CUST_02366,Nicole,Anderson,smithjoseph@example.net,7264028465,36,Oran,2024-12-26,Standard,850.0,2376.25,
CUST_02367,Briana,Reyes,nleach@example.net,239.474.5391,47,Annaba,2024-06-27,Basic,616.0,6909.46,
CUST_02368,Angela,Jenkins,kevin33@example.net,+1-673-960-9085x75379,37,Sétif,2025-02-15,Basic,714.0,2578.22,
CUST_02369,Daniel,Espinoza,hector90@example.org,(649)827-8523,25,Oran,2023-10-25,Premium,530.0,2270.83,
CUST_02370,Kristine,Merritt,,(908)496-0106x6589,47,Blida,2023-04-02,Basic,657.0,3838.83,
CUST_02371,Mike,Fisher,karlarobinson@example.com,504-645-0398x638,38,Sétif,2025-10-21,Standard,473.0,1257.18,
CUST_02372,Veronica,Morrison,,+1-386-702-9653x283,42,Annaba,2022-12-06,Premium,850.0,29546.12,
CUST_02373,Allen,Mcclain,williamsonlaura@example.net,478.460.1508x33451,26,Tlemcen,2025-11-02,Standard,850.0,12721.7,
CUST_02374,Julia,Reed,romerojames@example.com,+1-981-647-4250,54,Annaba,2024-06-10,Standard,603.0,5715.13,
CUST_02375,Dean,Hoover,margaret00@example.com,567.875.5005x35760,41,Sidi Bel Abbès,2023-06-29,Standard,595.0,7779.139999999999,
CUST_02376,Wendy,Jones,teresaruiz@example.org,(416)632-9566x148,39,Annaba,2024-02-11,Basic,805.0,3862.69,
CUST_02377,Amy,Jones,heathermaldonado@example.net,873.606.1460x1741,32,Algiers,2025-07-23,Standard,506.0,1589.41,
CUST_02378,Brian,Bryan,,+1-659-262-7838x77765,36,CONSTANTINE,2023-07-15,Basic,618.0,9771.36,
CUST_02379,Sheila,Ruiz,,540.828.2656x529,28,Sidi Bel Abbès,2023-12-13,Basic,664.0,8489.09,
CUST_02380,Guy,Wood,matthew40@example.org,001-649-489-3975x95536,35,Constantine,2024-12-02,Basic,757.0,9860.26,
CUST_02381,Melissa,Green,riveranicole@example.com,(258)639-0187x6927,25,Annaba,2024-05-25,Premium,682.0,9261.369999999999,
CUST_02382,Mark,Sharp,wbrown@example.net,634.443.0299x73854,28,Blida,2023-01-17,Basic,587.0,3464.85,
CUST_02383,Christina,Cowan,lori80@example.com,001-568-686-9890x876,36,Constantine,2024-04-29,Standard,680.0,2536.2,
CUST_02384,Kyle,Trujillo,rodriguezsean@example.com,378.915.6162,41,Annaba,2023-12-31,Standard,728.0,8636.45,
CUST_02385,Thomas,Miller,sgonzalez@example.org,001-831-891-6661x624,33,Sidi Bel Abbès,2025-07-03,Standard,787.0,10423.83,
CUST_02386,Phillip,Walls,shawhenry@example.com,001-222-947-6867,24,Oran,2024-01-16,Standard,783.0,9790.45,
CUST_02387,Scott,Little,steve25@example.com,+1-252-535-2980,-1,Blida,2025-02-20,Basic,595.0,10233.57,
CUST_02388,Jeffrey,Alexander,matthew24@example.com,001-911-355-8221x81951,50,Tlemcen,2025-10-07,Standard,532.0,3402.43,
CUST_02389,Shannon,Johnson,bkennedy@example.net,+1-831-631-6453x833,25,Constantine,2023-11-29,Standard,762.0,3492.66,
CUST_02390,Vanessa,Wyatt,john21@example.org,625-746-7591,43,Tlemcen,2025-02-25,Standard,723.0,1059.17,
CUST_02391,Katherine,Ruiz,codyballard@example.org,(768)625-8320x143,23,Batna,2024-01-11,Standard,682.0,6424.77,
CUST_02392,Robin,Lee,ngolden@example.net,836.586.3644x49810,18,Constantine,2025-03-20,Standard,673.0,1175.74,
CUST_02393,Michele,Juarez,cynthiabennett@example.net,3423942992,43,TLEMCEN,2025-05-09,Standard,850.0,11850.26,
CUST_02394,Joseph,Baker,dawnconner@example.com,5699782099,18,Constantine,2025-06-27,Standard,747.0,2777.31,
CUST_02395,Cody,Galvan,williamcummings@example.net,339.890.1505x95476,70,Biskra,2025-10-29,Standard,699.0,627.89,
CUST_02396,Bruce,Fuller,phunt@example.org,500-854-6801x3143,29,Algiers,2025-08-11,Standard,640.0,1550.25,
CUST_02397,Tristan,Gonzalez,mossdaniel@example.com,895-299-2917x919,43,Tlemcen,2025-06-16,Standard,841.0,11374.29,
CUST_02398,Jimmy,Carter,uschneider@example.net,001-220-259-4836,44,Oran,2024-02-15,Premium,706.0,8886.15,
CUST_02399,April,Rodriguez,petersontina@example.net,760.596.4394,25,Blida,2025-07-19,Standard,652.0,22405.530000000002,
CUST_02400,Trevor,Martinez,hornrobert@example.org,(235)630-5325x624,28,Tlemcen,2024-05-08,Standard,641.0,954.28,
CUST_02401,Joseph,Hill,marcus16@example.net,001-532-340-5741x1935,33,Algiers,2023-07-26,Basic,719.0,23197.48,
CUST_02402,Dawn,Riley,zolsen@example.com,609.552.1858x680,47,Tlemcen,2023-08-24,Basic,532.0,23421.769999999997,
CUST_02403,Brittany,Johnson,markbuck@example.net,+1-957-583-9803x7037,32,Oran,2023-04-29,Standard,499.0,5283.429999999999,
CUST_02404,Micheal,Arnold,sbradley@example.com,753.307.4878x13409,37,Blida,2022-11-27,Basic,759.0,5206.719999999999,
CUST_02405,Brian,Jones,sanchezmegan@example.com,370-400-4854,31,Annaba,2024-11-10,Standard,751.0,2626.51,
CUST_02406,William,Garcia,erika25@example.com,696.325.5614,26,Constantine,2024-11-07,Basic,461.0,5225.18,
CUST_02407,Jennifer,Schwartz,dbrown@example.net,821.352.9417,28,Oran,2023-02-25,Standard,666.0,6851.32,
CUST_02408,Melissa,Robertson,ericchristensen@example.org,+1-365-226-1216x694,50,Algiers,2023-02-04,Standard,616.0,10864.300000000001,
CUST_02409,Fred,Clark,martinezshawn@example.com,556-673-2383x68414,33,Blida,2024-01-16,Standard,602.0,22241.05,
CUST_02410,Geoffrey,Pham,bradyjoseph@example.net,+1-405-338-9059x5094,24,Sétif,2024-06-29,Standard,543.0,17346.18,
CUST_02411,Ray,Rivera,fvasquez@example.org,001-987-327-4105x915,24,Batna,2023-11-19,Standard,817.0,22290.879999999997,
CUST_02412,Christopher,Collins,jennifer52@example.net,(943)452-2173x28424,18,Tlemcen,2024-06-20,Basic,474.0,1547.46,
CUST_02413,elizabeth,Johnson,christinaschneider@example.com,(765)913-4204,29,Biskra,2025-02-14,Standard,733.0,11116.17,
CUST_02414,Vanessa,Sanchez,michael62@example.net,(330)530-2413x001,38,Oran,2023-09-16,Standard,591.0,15607.44,
CUST_02415,Kevin,Parker,campbellsteven@example.com,905.859.2277x02604,32,Tlemcen,2025-09-01,Premium,749.0,1410.3400000000001,
CUST_02416,Thomas,Silva,,+1-896-941-1350x76499,18,Constantine,2024-12-18,Standard,720.0,9856.49,
CUST_02417,Jasmine,Lee,chunter@example.com,419-247-5052,18,Oran,2023-01-23,Basic,791.0,9643.51,
CUST_02418,Nicole,Kramer,aolsen@example.net,522-359-3323x8143,20,Sétif,2025-07-19,Standard,706.0,5388.59,
CUST_02419,Stephanie,Reynolds,nrodgers@example.net,744.369.7071x1989,62,Oran,2023-03-21,Standard,682.0,8576.22,
CUST_02420,Troy,Orr,johnbrown@example.org,415.658.6026x4236,18,Batna,2025-04-03,Premium,684.0,9777.93,
CUST_02421,Amanda,Baird,nyang@example.com,747-987-5080,50,Oran,2023-01-24,Premium,703.0,2609.4300000000003,
CUST_02422,Theresa,Kirk,crystal40@example.org,(574)989-4244,42,Tlemcen,2025-05-05,Standard,,1766.4,
CUST_02423,Richard,Patterson,mitchellamber@example.com,001-571-618-8161x8277,33,Sidi Bel Abbès,2024-04-03,Standard,657.0,13941.579999999998,
CUST_02424,Brianna,Kim,nicholas27@example.org,001-531-788-1567x541,43,Blida,2024-09-30,Standard,740.0,13150.67,
CUST_02425,Nancy,Bell,oharper@example.org,001-379-907-7045x5300,53,Annaba,2023-03-05,Standard,805.0,6036.33,
CUST_02426,Sarah,Garcia,wjackson@example.net,(612)298-5672,32,Batna,2023-12-18,Premium,455.0,725.56,
CUST_02427,Kristin,Herman,markmassey@example.com,648.456.5264x2437,18,Biskra,2025-02-04,Standard,850.0,4306.86,
CUST_02428,kimberly,Johnson,brettjones@example.com,996-807-2652x0148,18,Algiers,2024-09-24,Standard,703.0,8349.349999999999,
CUST_02429,Shannon,Hall,nathanielbrown@example.org,(719)256-9320,30,Sétif,2025-01-18,Standard,485.0,18848.600000000002,
CUST_02430,Bobby,English,hlozano@example.net,001-358-384-4523x6494,33,Algiers,2025-04-07,Basic,659.0,17194.579999999998,
CUST_02431,Laura,Byrd,medinanicholas@example.com,001-304-806-2321x5175,24,SIDI BEL ABBÈS,2024-08-19,Standard,704.0,4067.38,
CUST_02432,Harold,Ray,rogersrussell@example.org,643-542-2070,28,Oran,2025-03-26,Premium,715.0,13013.2,
CUST_02433,Brandon,Gibson,,+1-295-389-3674x286,57,Sidi Bel Abbès,2025-03-09,Standard,559.0,25565.75,
CUST_02434,Tracey,Vazquez,hcontreras@example.com,788.401.1130,42,Tlemcen,2023-04-25,Standard,554.0,12656.109999999999,
CUST_02435,Jared,Walker,earlowens@example.com,6448806324,62,Biskra,2023-08-13,Premium,725.0,8633.1,
CUST_02436,Austin,Richard,robertfoster@example.net,(454)327-9339x970,33,Blida,2024-11-15,Standard,670.0,19178.52,
CUST_02437,Chris,Cruz,collinselizabeth@example.org,2296654419,29,Annaba,2024-05-01,Standard,582.0,6997.82,
CUST_02438,Michelle,Jackson,cellis@example.com,8356623724,47,Batna,2025-10-23,Standard,517.0,10296.64,
CUST_02439,Lindsey,Smith,monica19@example.net,3653632267,24,Oran,2025-04-22,Basic,663.0,10657.980000000001,
CUST_02440,William,Wilson,carrie27@example.org,001-416-794-2229,21,Annaba,2024-07-02,Standard,796.0,14105.96,
CUST_02441,Chad,Ramos,ylevy@example.org,265.972.2458x8366,32,Tlemcen,2024-07-17,Standard,726.0,14981.85,
CUST_02442,jimmy,Bates,palmerjessica@example.org,283.261.5926x6866,56,Sidi Bel Abbès,2024-08-18,Standard,550.0,7622.85,
CUST_02443,Robert,Allen,williamslisa@example.com,(209)536-0470x928,49,Annaba,2024-03-22,Standard,610.0,6151.53,
CUST_02444,Christopher,Thomas,robinsonthomas@example.com,(679)739-2268,23,Blida,2023-05-03,Basic,587.0,5837.73,
CUST_02445,Madeline,Figueroa,cheryldaniel@example.org,(398)832-4072x8195,38,Oran,2024-11-09,Basic,541.0,8475.460000000001,
CUST_02446,Anthony,Lloyd,greeneanna@example.org,409-433-6272x445,40,SIDI BEL ABBÈS,2023-12-10,Standard,589.0,8549.68,
CUST_02447,Jonathon,Price,lauranorris@example.net,001-372-822-1553x250,25,Tlemcen,2025-06-17,Standard,755.0,8615.79,
CUST_02448,Jacob,Russo,gking@example.org,001-365-516-0862x495,56,Annaba,2024-08-09,Standard,604.0,33610.0,
CUST_02449,Ronald,Griffith,maria52@example.net,001-566-447-1181,22,Algiers,2024-03-23,Standard,566.0,8013.24,
CUST_02450,James,Berry,medinateresa@example.com,(706)736-9851x676,33,Tlemcen,2024-09-20,Premium,766.0,22346.75,
CUST_02451,Karen,Jones,abolton@example.net,360.622.3644x995,40,Annaba,2024-03-19,Basic,648.0,8695.57,
CUST_02452,Adam,Adams,terri49@example.org,(426)631-7774x42221,45,Constantine,2025-10-06,Premium,774.0,27918.75,
CUST_02453,Daniel,Moran,,+1-790-534-7317x51029,38,Biskra,2023-11-05,Standard,469.0,5483.46,
CUST_02454,William,Harris,thomasjohnson@example.com,351.935.6343,46,Oran,2024-09-05,Premium,607.0,18589.800000000003,
CUST_02455,Tamara,Burch,zhall@example.org,001-954-871-5433x82541,30,Biskra,2024-07-30,Standard,608.0,2758.77,
CUST_02456,Donald,Craig,sandersamber@example.net,+1-894-358-0284x5718,32,Tlemcen,2024-11-08,Premium,675.0,13755.140000000001,
CUST_02457,Willie,Miller,mikecarter@example.net,514.853.6513,23,Oran,2025-03-23,Standard,617.0,17619.24,
CUST_02458,Robert,Schwartz,gmiller@example.com,8549337073,38,Oran,2023-03-31,Basic,645.0,12184.75,
CUST_02459,Jaclyn,Webb,xjacobs@example.org,921-478-9406,20,Tlemcen,2024-02-22,Standard,681.0,13691.24,
CUST_02460,Valerie,Dickerson,,819.616.7875,32,Sidi Bel Abbès,2025-10-04,Standard,746.0,9153.880000000001,
CUST_02461,Alexis,Maxwell,lawsondouglas@example.com,(631)575-5046x161,28,Biskra,2025-05-26,Standard,734.0,13934.39,
CUST_02462,Rachel,Nelson,carrieowens@example.com,754.257.6909x4142,20,Tlemcen,2023-12-03,Basic,605.0,4201.84,
CUST_02463,James,Byrd,robinsonmark@example.com,(888)923-1329,22,Biskra,2023-07-06,Basic,466.0,9792.75,
CUST_02464,mackenzie,Parker,amanda59@example.net,897-476-3858,34,Constantine,2023-11-13,Standard,505.0,16368.35,
CUST_02465,Deborah,Mcneil,tonyrussell@example.com,(728)771-1716x5359,32,Annaba,2024-09-05,Standard,667.0,1577.92,
CUST_02466,Sara,Roman,hwade@example.net,782-794-8630x99728,30,Blida,2023-03-25,Premium,657.0,3748.36,
CUST_02467,Betty,Haynes,rita14@example.net,001-814-421-5440x967,35,Blida,2025-08-05,Premium,755.0,6823.29,
CUST_02468,Andrea,Crane,tgreen@example.org,001-952-977-0354x76630,30,Tlemcen,2025-04-19,Standard,591.0,5432.700000000001,
CUST_02469,Tracy,Jones,aguilarrandall@example.net,(219)640-7234x615,57,Oran,2024-12-31,Standard,476.0,6209.33,
CUST_02470,Bryan,Williams,annataylor@example.net,(751)239-0029,50,Oran,2025-03-19,Basic,782.0,6136.3099999999995,
CUST_02471,Clayton,Alexander,kthompson@example.org,001-955-752-3783x904,39,Sidi Bel Abbès,2024-12-20,Standard,645.0,5548.55,
CUST_02472,Kelly,Bennett,,238.584.6519,38,Blida,2024-07-19,Premium,705.0,4962.8099999999995,
CUST_02473,Latoya,Hansen,christopher01@example.com,5646490359,34,Oran,2025-10-04,Standard,709.0,7043.93,
CUST_02474,Felicia,Stevenson,,307.818.2182,42,Algiers,2025-07-08,Premium,441.0,25.42,
CUST_02475,Elizabeth,Carroll,carlmcfarland@example.com,+1-981-210-8023x8836,31,Constantine,2025-04-04,Premium,664.0,3897.63,
CUST_02476,Elizabeth,Kelly,john56@example.com,811-493-5472x863,20,Blida,2025-04-14,Premium,618.0,4759.06,
CUST_02477,Elizabeth,Hall,tammy20@example.org,275-291-4509,30,Annaba,2024-09-23,Standard,621.0,2594.46,
CUST_02478,Michael,Mendoza,ngilbert@example.com,491.906.7333,30,Sétif,2025-10-10,Premium,715.0,6392.179999999999,
CUST_02479,Luis,Robinson,amber02@example.net,796-468-9923x8585,30,Algiers,2023-01-31,Standard,612.0,2048.25,
CUST_02480,Erin,Rodriguez,erika44@example.net,579-420-7405x1870,18,Constantine,2023-03-04,Standard,616.0,10616.58,
CUST_02481,Denise,Bryant,andersonkimberly@example.net,+1-598-939-1032x0410,25,Constantine,2024-05-21,Basic,815.0,1787.12,
CUST_02482,Carlos,Archer,vjackson@example.com,251-426-3700x79633,35,Constantine,2023-11-29,Standard,649.0,699.23,
CUST_02483,Steven,Jordan,davidmartin@example.com,(721)833-4595x82956,26,Constantine,2023-01-21,Basic,695.0,20504.71,
CUST_02484,Stephanie,Harper,megan09@example.net,001-844-514-7537,59,Sidi Bel Abbès,2025-02-22,Standard,568.0,30913.87,
CUST_02485,Rebecca,Werner,michaelbutler@example.com,001-285-786-4766x95577,21,Oran,2024-07-18,Standard,511.0,3919.12,
CUST_02486,Michelle,Everett,fostercarol@example.net,(945)211-5905x92568,48,Blida,2025-06-25,Premium,784.0,11446.48,
CUST_02487,Roger,Gray,,+1-404-766-0638,29,Algiers,2025-01-04,Standard,9999.0,2494.8199999999997,
CUST_02488,Curtis,Thomas,zrivera@example.net,+1-420-692-2521x2380,28,Blida,2024-12-18,Standard,639.0,12086.51,
CUST_02489,Patrick,Benitez,rachaelgray@example.com,001-714-687-4971x5129,51,Batna,2025-02-15,Basic,598.0,11256.01,
CUST_02490,Ann,Allen,jeffrey35@example.net,+1-449-499-9169x53595,31,Biskra,2025-01-04,Premium,580.0,34297.71,
CUST_02491,Denise,Morris,victoriaduncan@example.org,381-374-9731,28,Blida,2025-07-18,Standard,411.0,8780.57,
CUST_02492,Rodney,Clark,cunninghamchelsey@example.org,9506459619,47,Algiers,2022-12-12,Standard,533.0,24910.7,
CUST_02493,Janet,Jensen,kimberly34@example.net,459-842-1042x0841,28,Batna,2023-09-05,Premium,615.0,8454.83,
CUST_02494,Barry,Marshall,vthompson@example.org,001-954-915-1909x375,44,Algiers,2025-10-23,Basic,603.0,6543.97,
CUST_02495,Melissa,Clayton,bsandoval@example.net,(516)894-1351x2848,43,Tlemcen,2023-10-21,Standard,607.0,17134.940000000002,
CUST_02496,Kimberly,Ward,amanda27@example.com,001-606-299-2269x1569,35,Sétif,2025-07-10,Basic,582.0,3135.79,
CUST_02497,Melissa,Newman,bcoleman@example.org,(835)312-0945,26,Batna,2025-09-19,Standard,568.0,22856.51,
CUST_02498,Taylor,Padilla,nicole85@example.net,+1-963-237-5984x91387,41,Oran,2024-07-19,Standard,664.0,5752.93,
CUST_02499,Christopher,Logan,wilsonjerry@example.com,+1-252-933-1432x417,18,Oran,2023-04-19,Basic,547.0,22267.19,
CUST_02500,Wesley,Ingram,vallen@example.net,690.681.3220x8220,29,Biskra,2023-09-29,Standard,603.0,12873.15,
CUST_02501,Lisa,Allen,daniel78@example.net,464-795-7104,22,Tlemcen,2024-08-20,Standard,587.0,12765.99,
CUST_02502,Alexis,Casey,williammartin@example.com,001-217-501-8313x77434,45,Algiers,2025-05-20,Standard,768.0,3154.19,
CUST_02503,Joanne,Kennedy,martinroman@example.org,333.735.8136x8220,52,Constantine,2024-09-14,Basic,418.0,1908.65,
CUST_02504,Sara,Tucker,stran@example.com,(211)467-0062,33,Oran,2025-05-02,Premium,608.0,8512.16,
CUST_02505,Joseph,Bryant,ureynolds@example.net,+1-553-662-9213x5011,49,Blida,2025-08-20,Standard,693.0,6120.71,
CUST_02506,Nicholas,Ellison,anthony29@example.org,648.999.4549x49725,49,Constantine,2024-11-02,Standard,691.0,12223.24,
CUST_02507,Kathryn,Roberts,kristin42@example.net,675-863-9490,32,Batna,2023-03-02,Basic,631.0,3875.13,
CUST_02508,Justin,Green,xbenson@example.com,881-745-2528x8864,23,Algiers,2025-07-08,Standard,607.0,4088.5,
CUST_02509,Cheryl,Jacobson,john17@example.net,521-539-1369x9754,26,Sidi Bel Abbès,2024-04-26,Basic,487.0,13756.189999999999,
CUST_02510,Paula,Anderson,xrojas@example.com,(524)612-5038,55,Oran,2023-06-03,Basic,647.0,9863.490000000002,
CUST_02511,Thomas,White,cmcintyre@example.com,919-975-3700x6323,57,Annaba,2023-07-17,Standard,610.0,0.0,
CUST_02512,Nathan,Davis,schmidtsabrina@example.org,+1-775-358-2632x1894,52,Algiers,2024-07-14,Standard,577.0,0.0,
CUST_02513,Michael,Romero,roserhonda@example.net,+1-642-581-7834x206,35,Annaba,2024-11-02,Standard,612.0,12091.960000000001,
CUST_02514,Brianna,Rios,,697-419-7204x0932,35,Blida,2025-03-10,Standard,636.0,8813.15,
CUST_02515,Maria,Maddox,glennchloe@example.org,+1-673-616-3324x30872,34,Sidi Bel Abbès,2024-05-15,Basic,590.0,9103.779999999999,
CUST_02516,Mary,Doyle,iwilson@example.org,(257)498-9691,45,Blida,2025-06-02,Basic,740.0,11488.949999999999,
CUST_02517,Ashley,Gordon,,595-320-7699x1528,31,Oran,2025-08-31,Premium,789.0,5090.04,
CUST_02518,Ariana,Snyder,daniel65@example.org,980-905-4402,31,Sétif,2023-01-15,Standard,519.0,4144.999999999999,
CUST_02519,Elizabeth,Martinez,pricematthew@example.com,(510)900-3668x574,25,Annaba,2024-07-05,Basic,731.0,10338.810000000001,
CUST_02520,Mia,Hayes,mcgeeamy@example.com,516.930.2129x18236,29,Constantine,2023-11-08,Basic,621.0,7276.09,
CUST_02521,Daniel,Taylor,manningjamie@example.net,202-862-3705,45,Sidi Bel Abbès,2024-11-19,Premium,742.0,8193.630000000001,
CUST_02522,Angela,Cantu,ernest29@example.org,746-254-7631x69145,22,Annaba,2024-01-07,Standard,676.0,11599.99,
CUST_02523,Jeremiah,Duarte,eric37@example.org,666-976-2267x617,32,Tlemcen,2022-11-25,Basic,658.0,7797.21,
CUST_02524,Linda,Carney,,001-820-659-6425x49780,39,Annaba,2024-04-23,Premium,719.0,12723.51,
CUST_02525,Christina,Bender,pwilliams@example.org,589-773-1160x1565,37,Constantine,2025-08-23,Standard,426.0,10920.01,
CUST_02526,Cody,Harmon,joshua24@example.org,850-243-7908,46,Biskra,2025-04-11,Standard,557.0,7948.24,
CUST_02527,John,Rose,patricia83@example.com,454-787-5979x974,31,Blida,2025-08-18,Basic,686.0,9681.630000000001,
CUST_02528,Crystal,Wong,simonmelanie@example.org,(982)875-6849x7850,21,Sidi Bel Abbès,2025-08-23,Premium,649.0,8937.710000000001,
CUST_02529,Kathryn,Hall,cookadam@example.com,989.345.1193x246,28,Tlemcen,2024-09-18,Premium,779.0,26934.58,
CUST_02530,Eric,Rogers,,001-229-759-6351x8757,51,Annaba,2025-04-22,Standard,634.0,2594.5499999999997,
CUST_02531,Bob,Higgins,rjones@example.net,4146464197,33,ORAN,2024-11-01,Standard,584.0,13025.6,
CUST_02532,Jason,Snyder,hugheskimberly@example.org,(589)240-1171,58,Annaba,2025-09-17,Standard,587.0,4072.2200000000003,
CUST_02533,Todd,Harvey,ricerobert@example.com,001-808-477-3731,56,Sidi Bel Abbès,2023-11-25,Basic,559.0,14936.06,
CUST_02534,Gary,Collins,millerallen@example.com,+1-497-774-0097x0183,39,Sétif,2024-01-03,Standard,658.0,3538.95,
CUST_02535,Michelle,Stephens,,470.407.0010,53,Constantine,2025-01-14,Standard,555.0,14541.939999999999,
CUST_02536,Gary,Foster,morganraymond@example.org,810-911-8169x34910,28,Sétif,2024-09-17,Standard,622.0,5399.0,
CUST_02537,Rachel,Cameron,robersondaniel@example.net,611-463-2822x5196,27,Tlemcen,2025-09-03,Standard,783.0,21264.38,
CUST_02538,William,Hughes,ggriffin@example.org,402.354.4965x5024,58,Biskra,2024-11-08,Standard,728.0,3234.71,
CUST_02539,Laura,Moon,dana05@example.net,559.750.2424x263,23,Constantine,2023-07-18,Standard,464.0,28546.2,
CUST_02540,Donna,Soto,wesley71@example.net,420.220.6139,29,Annaba,2023-03-08,Standard,563.0,6847.3099999999995,
CUST_02541,Alexandria,Cole,hramirez@example.org,(287)680-7390,41,Tlemcen,2024-02-28,Basic,699.0,7251.4,
CUST_02542,Anthony,Lane,,(396)202-9649,18,Blida,2025-03-29,Basic,687.0,1635.56,
CUST_02543,Trevor,Riggs,,684-446-5771x37153,36,Sidi Bel Abbès,2024-05-15,Basic,468.0,8486.16,
CUST_02544,Brandi,Reid,adrianasweeney@example.org,(427)966-5484,53,Blida,2025-03-03,Basic,514.0,5788.75,
CUST_02545,Kaylee,Roberts,vbarker@example.net,603-700-2143x665,29,Annaba,2024-07-11,Standard,629.0,14780.53,
CUST_02546,Angela,Lucero,derekwright@example.com,001-933-756-6822x8965,49,Blida,2024-09-04,Basic,525.0,6997.86,
CUST_02547,Cynthia,Beck,maureenmendez@example.org,933-976-1915,49,Algiers,2023-02-28,Standard,682.0,17734.91,
CUST_02548,Lance,Davis,kellykelsey@example.org,+1-762-931-5394x2811,50,Sétif,2023-11-17,Premium,,6980.18,
CUST_02549,Barbara,Brown,rachelwest@example.net,(305)279-2151x098,18,ALGIERS,2024-10-18,Standard,674.0,5887.7,
CUST_02550,Melissa,Phillips,johnsonstephen@example.org,(806)556-9427,20,Biskra,2022-11-21,Standard,583.0,4742.79,
CUST_02551,Cynthia,Thompson,sarahsavage@example.com,(331)614-3107x53987,37,Oran,2023-08-30,Standard,668.0,7587.150000000001,
CUST_02552,Tiffany,Lopez,dennis30@example.com,+1-746-614-3838x16742,29,Algiers,2023-12-06,Standard,698.0,6208.22,
CUST_02553,Justin,Wells,angelasilva@example.com,428-497-2459x79898,28,Blida,2023-11-19,Premium,657.0,641.77,
CUST_02554,Heather,Johnson,edward00@example.org,299-761-1778x5453,-1,Sidi Bel Abbès,2024-12-21,Standard,612.0,2176.5,
CUST_02555,Amy,Cruz,tiffanyjordan@example.org,739.553.0025,18,Tlemcen,2023-11-13,Standard,680.0,39187.23,
CUST_02556,Donna,Cline,richard37@example.com,+1-331-325-2458x70131,31,Sidi Bel Abbès,2023-12-01,Standard,548.0,6259.6,
CUST_02557,Tracy,Estrada,angela62@example.com,001-621-551-5694,54,Biskra,2024-05-08,Standard,725.0,9452.73,
CUST_02558,Amy,Jones,hallstephanie@example.net,458.791.0548,36,Sétif,2023-05-05,Premium,607.0,11438.64,
CUST_02559,Regina,Lewis,mhartman@example.net,001-631-461-2099x28687,40,Sidi Bel Abbès,2024-04-22,Standard,716.0,4357.2,
CUST_02560,Curtis,Walker,dtyler@example.net,001-475-706-6991,31,Sétif,2024-06-01,Standard,705.0,23165.39,
CUST_02561,Annette,Hill,fisherlorraine@example.org,211.415.6854,64,Sétif,2025-02-09,Basic,619.0,4487.27,
CUST_02562,David,Holmes,qmoran@example.org,001-336-832-3518x522,23,Batna,2024-01-23,Premium,525.0,14311.43,
CUST_02563,James,Jacobson,pnavarro@example.net,771.948.4544x30074,54,Sidi Bel Abbès,2024-04-08,Premium,546.0,18947.01,
CUST_02564,Kelly,Wong,rachel51@example.net,816.533.2533,59,Algiers,2023-11-11,Standard,692.0,18772.559999999998,
CUST_02565,Jessica,Ford,,8257076660,26,Algiers,2024-05-30,Standard,632.0,0.0,
CUST_02566,Michael,Hernandez,fryrobert@example.net,(255)632-6474x14124,44,Annaba,2024-07-27,Standard,437.0,3559.2,
CUST_02567,Abigail,Robertson,lucascobb@example.com,3008182087,59,Annaba,2024-06-16,Standard,639.0,1711.42,
CUST_02568,Andrea,Vargas,thomasknight@example.net,001-493-381-9879,35,Sétif,2023-11-11,Premium,468.0,5611.1,
CUST_02569,Connor,Warren,marshallmichael@example.com,001-601-380-8675x2262,39,Batna,2023-04-02,Premium,708.0,5440.43,
CUST_02570,April,Walker,meadowsvalerie@example.com,(351)577-3131x97493,39,Batna,2023-04-11,Standard,622.0,8219.02,
CUST_02571,Teresa,Manning,ymcbride@example.com,393-876-5118x25665,33,Annaba,2024-08-26,Basic,717.0,14882.42,
CUST_02572,Stephen,Harrison,johnathan36@example.org,+1-513-641-3503,33,Sétif,2022-11-25,Standard,492.0,4116.93,
CUST_02573,Thomas,Frey,gsingleton@example.com,474-346-5448x21873,47,Constantine,2025-07-19,Standard,771.0,10687.49,
CUST_02574,Rebecca,Hicks,rmullen@example.org,001-750-831-5134x65086,36,Tlemcen,2024-07-20,Basic,686.0,4299.3099999999995,
CUST_02575,Roy,Mcgee,smccormick@example.com,813.741.2538x3410,47,Sidi Bel Abbès,2025-05-06,Basic,661.0,12996.119999999999,
CUST_02576,Derek,Cross,yfisher@example.com,(620)667-0393x36777,36,Oran,2022-12-18,Standard,804.0,10009.76,
CUST_02577,Jill,Braun,james71@example.net,001-918-320-0340x93582,34,Sidi Bel Abbès,2023-06-17,Premium,658.0,6622.91,
CUST_02578,Jessica,Taylor,clarkelizabeth@example.com,(964)665-1847x8879,40,Batna,2025-06-04,Standard,626.0,1615.27,
CUST_02579,Connie,Swanson,steven97@example.org,249-817-9461,-1,Tlemcen,2024-12-27,Standard,683.0,20868.02,
CUST_02580,Shelby,Marsh,,001-278-566-8689x98420,53,Constantine,2025-09-09,Premium,712.0,9557.05,
CUST_02581,sheila,Rivera,wendyhumphrey@example.org,711-442-0765x133,41,Tlemcen,2023-09-17,Standard,651.0,4172.95,
CUST_02582,Nathaniel,Kim,jennifermccoy@example.net,(810)984-9297x04538,33,Sétif,2023-01-27,Premium,581.0,10689.75,
CUST_02583,Heather,Bradley,jhenry@example.org,+1-535-645-6143x1538,38,BISKRA,2025-05-02,Basic,551.0,7406.78,
CUST_02584,Danielle,Parrish,john12@example.org,6853904002,18,Sidi Bel Abbès,2022-12-17,Standard,750.0,15596.460000000001,
CUST_02585,Richard,King,,934-824-1471,43,Constantine,2025-05-26,Basic,544.0,947.74,
CUST_02586,Katherine,Bowers,qjacobs@example.net,001-442-392-1017x2748,28,Batna,2025-07-18,Basic,785.0,6070.789999999999,
CUST_02587,Rebecca,Wang,dennistracy@example.net,(331)832-4049x61965,50,Sétif,2023-05-19,Basic,671.0,15201.98,
CUST_02588,Christopher,Bell,haysleslie@example.net,+1-968-962-3785,38,Oran,2024-11-21,Basic,569.0,5834.37,
CUST_02589,Teresa,Martinez,johnstonashley@example.org,001-991-876-7070x022,37,Constantine,2025-01-27,Standard,710.0,15213.46,
CUST_02590,Kevin,White,stacy00@example.org,+1-387-880-6465x949,51,Biskra,2024-10-19,Standard,650.0,5447.56,
CUST_02591,Madison,Torres,mterry@example.net,820.939.2268,52,Algiers,2024-10-22,Standard,642.0,7938.139999999999,
CUST_02592,Jamie,Richardson,yschmidt@example.com,376-553-0924x64308,37,Constantine,2023-04-25,Standard,483.0,1220.17,
CUST_02593,Michael,Stevens,greendevin@example.com,(443)850-9455x7314,37,Sétif,2023-05-25,Standard,598.0,31090.11,
CUST_02594,Lindsey,King,mpatterson@example.net,(780)871-0024,52,BLIDA,2023-03-16,Standard,726.0,11523.560000000001,
CUST_02595,Steve,Matthews,msalazar@example.org,+1-839-433-8338x76883,30,Batna,2024-05-26,Basic,756.0,13723.31,
CUST_02596,Susan,Clark,grasmussen@example.com,(922)535-0799x378,-1,Batna,2023-04-06,Standard,614.0,7137.0599999999995,
CUST_02597,Bethany,Mills,qmcmahon@example.net,(403)434-2995x0867,23,Sétif,2024-11-07,Basic,481.0,18726.65,
CUST_02598,ryan,Nichols,,786.973.9718x190,34,Blida,2025-08-02,Standard,634.0,11548.51,
CUST_02599,Walter,Cobb,jeffward@example.net,640.962.4261x0332,39,Sidi Bel Abbès,2023-06-05,Standard,640.0,809.74,
CUST_02600,Michael,Rice,kimberly19@example.net,(961)832-9406x35724,32,Annaba,2024-08-29,Standard,665.0,1206.79,
CUST_02601,Michael,Cannon,hguerrero@example.com,2072284385,45,Tlemcen,2024-09-23,Standard,684.0,5725.34,
CUST_02602,Brianna,Dixon,slam@example.net,(645)905-1490,31,Annaba,2023-11-24,Basic,579.0,14839.95,
CUST_02603,Catherine,Brooks,marybean@example.com,964.999.6107,27,Sidi Bel Abbès,2023-04-17,Standard,622.0,3727.82,
CUST_02604,Eugene,Wolfe,monica61@example.com,730.202.7027,39,Sidi Bel Abbès,2025-05-23,Premium,513.0,3295.27,
CUST_02605,Linda,Terrell,sgallagher@example.com,001-293-380-5145x386,48,Sétif,2024-05-30,Basic,500.0,9428.97,
CUST_02606,Monique,Moore,jimenezmonica@example.org,5694915585,25,Constantine,2025-06-18,Premium,562.0,12533.51,
CUST_02607,Jonathan,Kelly,nmorgan@example.org,(714)389-4413,31,Sidi Bel Abbès,2024-01-26,Premium,722.0,17887.809999999998,
CUST_02608,Carol,Clark,allenchristian@example.com,001-759-307-0569,42,Algiers,2025-05-20,Premium,627.0,341.79,
CUST_02609,Lynn,Clark,curtisbryce@example.org,474.308.1173x06993,42,Blida,2023-10-22,Premium,530.0,5276.24,
CUST_02610,Amy,Small,ktaylor@example.org,7282405218,33,Batna,2024-01-06,Basic,692.0,6602.1900000000005,
CUST_02611,Brett,Walls,duncanedward@example.com,3486589654,65,Blida,2025-09-30,Premium,429.0,16926.420000000002,
CUST_02612,Brooke,Allen,tgomez@example.com,692-970-5487,28,ALGIERS,2023-11-15,Standard,680.0,899.1999999999999,
CUST_02613,Oscar,Walker,bassphilip@example.org,001-544-761-5012,18,Algiers,2024-02-12,Standard,580.0,0.0,
CUST_02614,Courtney,Heath,xhuff@example.org,(590)985-5765x789,22,Tlemcen,2024-12-17,Basic,720.0,7846.52,
CUST_02615,John,Davis,tony37@example.org,001-290-335-2196,48,Algiers,2023-04-12,Basic,540.0,2947.1400000000003,
CUST_02616,roberto,Harrington,wjones@example.com,(443)821-1190,38,Sétif,2025-02-24,Premium,821.0,3981.05,
CUST_02617,Dennis,Washington,victoriafrederick@example.org,430.598.3145,57,Sidi Bel Abbès,2024-06-19,Standard,699.0,6871.79,
CUST_02618,Kayla,Smith,paul32@example.net,742.256.5686x680,28,Algiers,2023-01-05,Premium,538.0,13565.53,
CUST_02619,Michael,Hawkins,samantha38@example.org,275-901-5438x57818,54,Sidi Bel Abbès,2024-09-22,Premium,586.0,5074.79,
CUST_02620,Renee,Mcbride,lloydnichole@example.net,751-644-6619,37,Oran,2024-03-23,Standard,667.0,6695.7699999999995,
CUST_02621,Austin,Dillon,,(966)888-5455x3637,55,Sétif,2023-12-12,Standard,634.0,11473.279999999999,
CUST_02622,Christine,Bell,jacksonjeremy@example.com,001-323-881-6226x64849,36,Oran,2023-10-20,Standard,718.0,7517.290000000001,
CUST_02623,Olivia,Dunn,richardjoseph@example.net,5537315131,27,Sétif,2023-03-16,Standard,590.0,0.0,
CUST_02624,Daniel,Wallace,martinwilliam@example.com,544.379.3722,20,Sidi Bel Abbès,2025-02-25,Standard,466.0,20778.39,
CUST_02625,Charles,Hale,kgrant@example.com,685.984.3135x74087,25,Blida,2022-12-12,Standard,536.0,7627.469999999999,
CUST_02626,Shannon,Bishop,autumnbarnes@example.net,656.657.7990x6183,40,Constantine,2023-11-07,Basic,645.0,4798.070000000001,
CUST_02627,christopher,Johnson,jorge51@example.net,+1-824-315-2863x48401,50,Sidi Bel Abbès,2023-01-03,Premium,791.0,7524.639999999999,
CUST_02628,Marilyn,Contreras,catherine14@example.com,333-875-2015x69146,-1,Blida,2025-11-05,Standard,703.0,7449.9400000000005,
CUST_02629,Michael,Wells,thomashuang@example.net,209-913-4178x109,27,Oran,2024-08-01,Basic,567.0,1993.32,
CUST_02630,Timothy,Garcia,rebecca14@example.net,(214)995-5838x736,36,Constantine,2024-08-24,Basic,736.0,3967.1000000000004,
CUST_02631,Ronald,Miller,nicholsjohn@example.net,916.284.8272x30990,33,Blida,2025-01-12,Basic,646.0,19234.57,
CUST_02632,Paul,King,,+1-204-251-9908x18733,18,Constantine,2024-05-05,Premium,540.0,30387.94,
CUST_02633,Madison,Allen,lindseybryant@example.org,473.869.5043,39,Algiers,2023-11-10,Standard,611.0,6842.889999999999,
CUST_02634,Brandon,Marshall,jason22@example.com,001-554-793-0539x73451,36,Tlemcen,2024-08-16,Basic,583.0,10105.42,
CUST_02635,Kenneth,Fisher,tholloway@example.org,+1-389-872-7405x143,39,Blida,2023-02-19,Basic,748.0,5876.7699999999995,
CUST_02636,Casey,Mendez,,402-454-2600x6289,23,Annaba,2024-06-04,Standard,599.0,18842.550000000003,
CUST_02637,James,Rosales,amandacarlson@example.net,658-992-2517x4752,32,Sidi Bel Abbès,2023-12-06,Standard,639.0,11544.699999999997,
CUST_02638,Michael,Garcia,wanda38@example.org,(576)565-7031x01221,26,Biskra,2024-05-05,Premium,749.0,5087.3099999999995,
CUST_02639,Kristi,Davidson,gregory44@example.net,535.445.7498x83968,25,Batna,2023-04-26,Basic,688.0,12391.5,
CUST_02640,Mikayla,Lewis,sharonnorris@example.com,(215)817-3466,47,Biskra,2025-01-13,Standard,751.0,10985.789999999999,
CUST_02641,danielle,Lamb,teresascott@example.org,(475)461-0801x030,23,Oran,2025-01-04,Standard,669.0,6583.9400000000005,
CUST_02642,Jason,Morgan,daniel16@example.net,432.832.8541x42263,44,Constantine,2023-03-16,Premium,647.0,4248.43,
CUST_02643,Joseph,Harris,prodriguez@example.org,351-396-7877x880,37,Batna,2025-02-23,Standard,526.0,6272.1,
CUST_02644,Craig,White,jacob26@example.org,954-369-0336x93105,34,Tlemcen,2024-03-24,Standard,559.0,6244.35,
CUST_02645,Gregory,Warner,gomezmatthew@example.org,287.562.6023x564,45,Algiers,2024-09-24,Standard,680.0,38378.43,
CUST_02646,Kathleen,Ferguson,greenenathan@example.com,001-386-379-6999x938,38,Tlemcen,2023-09-26,Basic,652.0,744.6899999999999,
CUST_02647,Tara,Pruitt,hnelson@example.org,719.300.2415,27,Sidi Bel Abbès,2025-05-29,Standard,689.0,6235.0199999999995,
CUST_02648,Mark,Hodges,rachelmorse@example.org,833-727-0289x96668,32,Biskra,2025-05-13,Standard,685.0,3455.04,
CUST_02649,Joseph,Jones,emartin@example.org,001-665-514-9473x965,25,ORAN,2022-12-01,Standard,734.0,2476.92,
CUST_02650,Michael,Simpson,randolpherin@example.net,001-927-559-6088x95869,29,Batna,2025-06-19,Standard,649.0,19209.38,
CUST_02651,Kevin,Scott,jacobgreen@example.com,,18,Blida,2023-01-03,Standard,614.0,4435.42,
CUST_02652,Audrey,Melton,stewartlauren@example.com,001-614-405-0850x1347,35,Tlemcen,2024-12-05,Basic,712.0,10145.14,
CUST_02653,Regina,Bowers,charles22@example.com,272-654-3924x5396,36,Constantine,2023-08-16,Standard,698.0,5689.42,
CUST_02654,Amanda,Miller,jean42@example.com,+1-339-468-5276x82091,28,Constantine,2023-10-14,Standard,745.0,17490.16,
CUST_02655,Tiffany,Cruz,wallsnicole@example.net,2978020979,38,Annaba,2023-12-09,Standard,601.0,912.8199999999999,
CUST_02656,Robin,Guerra,cindy17@example.com,+1-233-817-0253x3797,29,Algiers,2023-10-15,Standard,537.0,15381.92,
CUST_02657,Deborah,Mcdonald,jmccall@example.com,(753)571-7201,26,Annaba,2023-07-18,Basic,454.0,8474.380000000001,
CUST_02658,Adrian,Buckley,matthewreyes@example.com,574-613-3115x196,33,Biskra,2025-02-11,Premium,804.0,9031.01,
CUST_02659,Heather,Moore,mdouglas@example.org,(343)709-9034x913,26,Sétif,2024-10-14,Standard,811.0,7292.02,
CUST_02660,James,Wilkins,freynolds@example.org,(446)735-1452x2823,18,Annaba,2025-05-10,Standard,633.0,5775.42,
CUST_02661,William,Morris,madisonlarson@example.net,001-534-596-5775,36,Batna,2023-05-24,Standard,546.0,5091.07,
CUST_02662,Elizabeth,Crawford,,623-915-4024,54,Biskra,2023-06-23,Standard,649.0,12953.31,
CUST_02663,Nicole,Chavez,alexis63@example.org,803.549.1410x5269,21,Sétif,2025-09-01,Basic,710.0,9630.48,
CUST_02664,Gary,Cantu,lopezmorgan@example.com,+1-954-436-7687x96746,18,Sétif,2024-08-26,Standard,683.0,4229.1,
CUST_02665,Ricky,Lee,vazquezjamie@example.org,898.382.1702x6719,22,Blida,2025-06-07,Standard,850.0,12294.119999999999,
CUST_02666,Justin,Davis,david75@example.com,860-238-4952,37,Sétif,2024-05-29,Standard,638.0,12702.04,
CUST_02667,Ivan,Moore,tknight@example.com,441-509-6615,35,Constantine,2025-01-21,Standard,543.0,11911.4,
CUST_02668,Stephanie,Hayes,pruittwilliam@example.org,(590)230-3471x12027,34,Constantine,2025-07-29,Standard,612.0,2750.71,
CUST_02669,Morgan,Garrett,danielle51@example.net,+1-429-520-7223x03358,29,Annaba,2024-08-04,Standard,463.0,5169.46,
CUST_02670,Christina,Howard,halesusan@example.net,001-999-477-3879x27876,51,Annaba,2024-01-15,Standard,649.0,15990.39,
CUST_02671,Cynthia,Klein,davidtownsend@example.com,214-844-8657x43062,24,Biskra,2023-01-21,Basic,607.0,3518.7400000000002,
CUST_02672,Erica,Beltran,lisa91@example.net,572.502.9811x30084,45,Tlemcen,2023-03-23,Basic,630.0,9756.380000000001,
CUST_02673,Keith,Miller,fischercharles@example.net,296.633.0507x495,34,Blida,2023-07-31,Basic,558.0,3700.85,
CUST_02674,morgan,Alexander,ashleyeaton@example.org,(584)841-6169,39,Constantine,2023-09-07,Premium,407.0,3204.22,
CUST_02675,Brian,Figueroa,tina16@example.org,(638)313-7057,26,Algiers,2023-08-05,Premium,617.0,16902.76,
CUST_02676,Robert,Moore,vfarrell@example.net,715-925-8385x163,27,Biskra,2023-01-31,Standard,664.0,9322.44,
CUST_02677,Lauren,Jenkins,jennifer68@example.com,713.329.0102x9158,37,Oran,2024-07-07,Standard,505.0,6559.76,
CUST_02678,Alicia,Sexton,davispatrick@example.org,253.359.6828,18,Blida,2025-10-01,Basic,536.0,13349.59,
CUST_02679,Amanda,Sweeney,matthewperez@example.org,(676)960-2716x8927,22,Biskra,2025-03-06,Standard,636.0,1709.25,
CUST_02680,Kristy,Mullen,nashjames@example.net,947.570.5104,33,Algiers,2025-10-31,Basic,669.0,33178.020000000004,
CUST_02681,Angela,Lopez,shellylewis@example.net,648-624-1430,22,Blida,2024-01-04,Standard,709.0,10206.64,
CUST_02682,Steven,Sims,dwayne59@example.com,549.500.1976,33,Blida,2023-12-11,Premium,428.0,8552.74,
CUST_02683,Bruce,Garcia,christopher13@example.net,8303766170,45,Sétif,2024-12-02,Standard,745.0,8345.31,
CUST_02684,Richard,Gross,scollins@example.net,+1-820-898-7284x81818,-1,Tlemcen,2023-04-14,Basic,577.0,5205.67,
CUST_02685,Kimberly,King,brian57@example.org,377-821-3963x6209,18,Algiers,2025-09-18,Standard,779.0,4591.6,
CUST_02686,Tanya,Silva,stephanie72@example.org,890-517-0668,27,Sidi Bel Abbès,2023-04-08,Basic,633.0,7671.55,
CUST_02687,Heidi,Leon,meganpalmer@example.com,001-804-670-5712x6565,18,Oran,2024-11-26,Premium,650.0,17258.52,
CUST_02688,Leslie,Price,ddavis@example.org,712-507-0180,44,BATNA,2024-07-28,Standard,635.0,9269.41,
CUST_02689,Tracy,Lawrence,lindahenson@example.org,(652)257-6150x335,18,Biskra,2024-02-12,Basic,665.0,1017.87,
CUST_02690,William,Chambers,karenfuentes@example.org,322-599-7853x210,18,Annaba,2025-07-26,Premium,765.0,15154.279999999999,
CUST_02691,Amy,Mckenzie,cunninghamjuan@example.org,676.258.4901,38,Batna,2024-02-29,Basic,655.0,4999.91,
CUST_02692,Jill,Hernandez,,001-890-595-9027x9904,21,Sétif,2024-09-04,Standard,581.0,0.0,
CUST_02693,Carlos,Larson,blackjames@example.net,(948)983-6269x61636,57,Oran,2024-03-25,Standard,466.0,6560.48,
CUST_02694,Jenna,Flores,rbaldwin@example.net,001-342-669-1548x978,31,Oran,2024-12-07,Standard,477.0,12503.48,
CUST_02695,Jonathan,Collier,egoodwin@example.org,(308)875-5056x244,50,Sidi Bel Abbès,2024-05-31,Standard,723.0,1063.1,
CUST_02696,Brittany,Richardson,garciapaige@example.org,001-438-270-7414,40,Oran,2023-08-02,Premium,657.0,10697.75,
CUST_02697,Mary,Ochoa,jason28@example.net,001-414-504-6247x86357,33,Sétif,2024-11-07,Basic,703.0,1026.97,
CUST_02698,Timothy,Perez,,654-846-8432x1095,47,Biskra,2024-02-13,Premium,9999.0,7360.79,
CUST_02699,Tony,Pham,brianorr@example.net,9998199846,32,Oran,2024-04-05,Standard,675.0,2839.03,
CUST_02700,Candice,Watson,goodwinjason@example.com,(725)976-2109x0280,19,Tlemcen,2025-10-14,Standard,633.0,10883.33,
CUST_02701,Matthew,Johnson,hubbardkenneth@example.org,(466)230-5727x562,29,Constantine,2023-03-16,Standard,793.0,24662.86,
CUST_02702,Luis,Carroll,annejohnson@example.org,601.537.6072x032,52,Constantine,2023-07-19,Standard,584.0,5808.98,
CUST_02703,Steven,Mclean,robert79@example.com,(268)953-2414x8426,30,Sidi Bel Abbès,2023-12-10,Standard,620.0,9076.64,
CUST_02704,Miranda,Mcconnell,hmcguire@example.com,+1-578-656-4519x24279,28,Sétif,2024-06-23,Standard,572.0,785.77,
CUST_02705,David,Delgado,christopher52@example.org,+1-387-635-1187x78634,36,Blida,2024-07-17,Standard,549.0,19908.550000000003,
CUST_02706,Timothy,Washington,sean63@example.net,810.231.8872x779,35,Sétif,2024-11-12,Standard,580.0,7494.18,
CUST_02707,William,Boyd,tkim@example.com,001-820-550-5784x6221,38,Blida,2025-03-06,Basic,757.0,12366.45,
CUST_02708,Mark,Schmidt,,(931)221-4138x298,34,Biskra,2025-02-09,Standard,850.0,16830.46,
CUST_02709,Jessica,Guerrero,gedwards@example.net,966-201-7059x396,31,Oran,2025-11-07,Standard,767.0,13106.73,
CUST_02710,Lisa,Cook,jackparker@example.net,(946)555-2957,44,Batna,2023-03-17,Standard,593.0,12261.16,
CUST_02711,Amy,Taylor,erikstephenson@example.net,613-218-0021,29,Algiers,2025-01-08,Standard,850.0,22943.65,
CUST_02712,Theresa,King,lisa55@example.com,+1-573-843-2823x91321,37,Sétif,2024-08-08,Basic,602.0,19484.21,
CUST_02713,Jessica,Baker,,846.498.7329x75845,44,Sidi Bel Abbès,2023-03-09,Standard,572.0,3682.89,
CUST_02714,Deborah,Owens,jordanevans@example.net,945.598.9090x66094,38,Algiers,2025-04-24,Standard,620.0,8605.27,
CUST_02715,Dylan,Richard,richard58@example.net,001-598-372-4446,51,Constantine,2025-01-17,Basic,744.0,11258.130000000001,
CUST_02716,Gabrielle,Hogan,rileygerald@example.com,001-439-209-8112,27,Constantine,2025-09-26,Basic,789.0,2024.24,
CUST_02717,Charles,Rios,,768.440.5416,36,Annaba,2024-04-30,Basic,772.0,6427.12,
CUST_02718,Aaron,Medina,xjimenez@example.org,+1-600-532-2607x347,42,Constantine,2024-02-22,Premium,599.0,2031.3000000000002,
CUST_02719,Stephanie,Gilmore,robert31@example.org,823.938.5437,39,Annaba,2023-01-11,Standard,641.0,9052.59,
CUST_02720,Michael,Cooper,chrishenderson@example.net,359-496-8224x312,28,Batna,2025-09-21,Basic,651.0,12916.560000000001,
CUST_02721,Michael,Mason,jilljackson@example.org,2788141257,52,Sidi Bel Abbès,2025-07-28,Standard,649.0,10247.33,
CUST_02722,Stephen,Decker,meaganevans@example.net,547-359-7113x15687,37,Algiers,2023-04-04,Standard,507.0,6162.9,
CUST_02723,Eric,Brock,carolyn63@example.net,768-745-8310x903,25,Biskra,2024-12-31,Standard,685.0,18459.15,
CUST_02724,derek,Lee,heatherwells@example.org,(271)492-6421,18,Annaba,2024-07-06,Standard,361.0,16583.65,
CUST_02725,Scott,Martin,burnsryan@example.com,001-849-670-6959x9019,18,Annaba,2025-02-05,Standard,555.0,2324.9399999999996,
CUST_02726,Wanda,Allen,lthomas@example.com,2212118700,18,Biskra,2025-06-24,Standard,811.0,5288.89,
CUST_02727,Harold,Mcneil,joe20@example.net,001-239-656-0898,34,Sétif,2024-01-05,Standard,486.0,1773.69,
CUST_02728,Melinda,Wilson,,(547)259-9117,23,Sétif,2024-02-13,Standard,527.0,15207.080000000002,
CUST_02729,Brian,Powell,steven60@example.org,831.560.3502x450,18,Constantine,2025-02-02,Basic,706.0,17275.42,
CUST_02730,Kristen,Bean,eric41@example.net,(394)656-4686x67646,46,Constantine,2025-01-02,Standard,664.0,4047.78,
CUST_02731,Kevin,Smith,hooddaniel@example.com,537-484-7107x382,34,Constantine,2023-11-03,Standard,589.0,0.0,
CUST_02732,Jennifer,Alvarado,jeffreysimmons@example.org,+1-823-734-5015x4177,26,Sidi Bel Abbès,2024-06-24,Premium,694.0,10314.92,
CUST_02733,Robert,Briggs,williamsdenise@example.org,9595118624,43,Tlemcen,2023-07-05,Standard,628.0,5450.94,
CUST_02734,Stephanie,Krueger,mitchelldavid@example.net,+1-963-715-5580x0875,27,Sidi Bel Abbès,2023-11-07,Standard,779.0,3159.35,
CUST_02735,Stacey,Lewis,jillarnold@example.org,308.544.4685x0138,45,Biskra,2023-12-19,Standard,513.0,3555.35,
CUST_02736,Vanessa,Rhodes,dunnkyle@example.net,926.545.7017,18,Annaba,2025-05-21,Standard,732.0,12779.65,
CUST_02737,Tony,Johnson,hendersonjames@example.org,(449)871-2793x108,29,Constantine,2024-10-21,Standard,625.0,11063.83,
CUST_02738,Timothy,Edwards,hamiltonandrew@example.org,469.360.9566x11828,38,Algiers,2025-10-28,Standard,743.0,13824.32,
CUST_02739,Lawrence,Jordan,michaellamb@example.org,001-475-833-6314,53,Tlemcen,2023-02-23,Basic,577.0,9202.84,
CUST_02740,Gina,Wilson,zflores@example.net,(434)754-9642x20699,54,Batna,2024-06-13,Standard,611.0,4320.38,
CUST_02741,John,Smith,amanda87@example.com,(534)349-1088x5348,35,Tlemcen,2025-05-13,Standard,642.0,17842.75,
CUST_02742,Rebecca,Alexander,sharisingleton@example.com,334.907.9328x18167,30,Sidi Bel Abbès,2024-11-10,Standard,640.0,6772.620000000001,
CUST_02743,David,Perez,thompsontamara@example.com,961.374.5741,60,Biskra,2023-09-06,Standard,544.0,11682.25,
CUST_02744,Allison,Smith,,630.221.4890,31,Oran,2023-02-22,Standard,536.0,9815.18,
CUST_02745,Lori,Wright,danielguerrero@example.net,001-719-827-7244x3764,31,Oran,2024-06-01,Standard,589.0,2226.31,
CUST_02746,Samantha,Macias,ronald91@example.com,001-383-636-5974x709,54,Biskra,2024-03-31,Standard,731.0,9151.48,
CUST_02747,Wendy,Wilson,heidilynch@example.org,333.482.6561x97896,46,Sétif,2024-01-27,Standard,754.0,8181.26,
CUST_02748,Frances,Carpenter,kblair@example.net,(677)808-6657,40,Batna,2025-05-20,Standard,592.0,0.0,
CUST_02749,Shannon,Alvarado,,938.500.7506x8233,-1,Annaba,2024-07-24,Standard,644.0,9649.38,
CUST_02750,Joshua,Barton,housejennifer@example.com,288.765.7073x8546,40,Constantine,2023-02-09,Premium,659.0,16104.3,
CUST_02751,steve,Humphrey,derekwright@example.org,+1-758-778-9288x0229,22,Sidi Bel Abbès,2024-01-22,Standard,595.0,6097.49,
CUST_02752,Katherine,Brown,tyronesutton@example.com,+1-691-690-6231x543,33,Tlemcen,2023-02-06,Standard,572.0,5182.64,
CUST_02753,Margaret,Collins,ismith@example.com,+1-767-811-7249,44,Annaba,2023-08-19,Standard,562.0,0.0,
CUST_02754,Roberto,Greer,bookerjohn@example.com,(467)924-0896,60,Algiers,2023-02-11,Standard,607.0,14767.4,
CUST_02755,Jennifer,Thomas,watsonmelissa@example.com,701.491.8717x104,39,Algiers,2024-04-17,Premium,643.0,7936.84,
CUST_02756,Christian,Black,hernandezchristian@example.org,+1-396-305-0346,44,Sidi Bel Abbès,2023-07-30,Basic,687.0,14379.64,
CUST_02757,Christopher,Bray,rhonda46@example.com,(645)312-3355x916,18,Batna,2024-10-30,Standard,622.0,7027.950000000001,
CUST_02758,Richard,Johnson,patrickhall@example.com,001-448-765-0074x435,33,Algiers,2023-01-21,Standard,649.0,6872.54,
CUST_02759,Ashley,Gutierrez,raymondmurray@example.com,+1-469-667-7813x4145,29,Blida,2024-07-04,Premium,740.0,10661.3,
CUST_02760,Ryan,Wise,cohenleslie@example.com,2908435184,43,Annaba,2024-08-29,Standard,637.0,18498.37,
CUST_02761,Carolyn,Scott,xcox@example.org,(471)800-4991,37,Blida,2025-10-20,Basic,757.0,8642.65,
CUST_02762,Joe,Black,,+1-819-520-5091,30,Annaba,2024-07-24,Standard,615.0,0.0,
CUST_02763,Jessica,Hernandez,lorettaowen@example.org,393-428-6571x19249,42,Biskra,2025-03-04,Standard,634.0,16588.53,
CUST_02764,Renee,Lewis,pattersonmonica@example.net,983-392-4516,40,Sidi Bel Abbès,2024-03-19,Basic,743.0,8019.86,
CUST_02765,David,Espinoza,nsmith@example.org,372-592-3359,61,ANNABA,2023-12-13,Basic,684.0,14710.720000000001,
CUST_02766,Christopher,Brooks,ryan87@example.net,(645)904-0941,33,Sidi Bel Abbès,2023-02-18,Basic,563.0,2363.76,
CUST_02767,Marissa,Pierce,chrissantos@example.com,868-621-6362x9703,49,Sidi Bel Abbès,2025-07-01,Standard,527.0,5425.389999999999,
CUST_02768,Donald,Moran,rebeccarubio@example.com,(463)778-3681,20,Blida,2023-03-06,Premium,691.0,10503.48,
CUST_02769,Matthew,Taylor,ipugh@example.com,659.604.4741x7643,23,Oran,2022-11-15,Standard,688.0,8766.470000000001,
CUST_02770,Stephen,Evans,hughesmarc@example.com,529.632.4448,47,Batna,2023-03-22,Standard,546.0,24087.02,
CUST_02771,Stephanie,Wood,molinadenise@example.net,875.447.2815x706,41,Batna,2025-03-28,Basic,641.0,3772.7,
CUST_02772,Aaron,Mccarthy,jacobturner@example.net,471.849.4872x484,34,Oran,2023-11-28,Standard,581.0,7488.150000000001,
CUST_02773,Sara,Savage,adamwalton@example.net,(208)408-2078,34,Constantine,2025-11-10,Standard,607.0,3031.31,
CUST_02774,Betty,Anderson,conniesmith@example.net,001-542-235-4791,20,Constantine,2024-05-01,Standard,650.0,11982.8,
CUST_02775,Kimberly,Anderson,,+1-722-679-8257x99883,44,ANNABA,2023-05-16,Premium,626.0,14995.220000000001,
CUST_02776,Kristy,Hall,kevinpierce@example.net,870.703.7817x150,27,CONSTANTINE,2023-09-29,Standard,744.0,3607.0899999999997,
CUST_02777,alexander,Hicks,lydia20@example.net,915-612-2866x00999,45,Tlemcen,2023-09-15,Standard,533.0,0.0,
CUST_02778,Daniel,Maxwell,brooksbrandi@example.org,264.387.3725,29,Constantine,2023-10-24,Standard,760.0,2199.19,
CUST_02779,Barbara,Hunter,josephperez@example.org,001-778-767-1542,33,Sidi Bel Abbès,2023-02-09,Standard,647.0,2977.0,
CUST_02780,Bonnie,Gonzales,dwilliams@example.org,+1-310-935-3363x592,43,Constantine,2023-06-21,Basic,520.0,9223.75,
CUST_02781,Alex,Morgan,watsonamanda@example.net,+1-266-831-4387,41,Oran,2023-01-21,Premium,427.0,5390.639999999999,
CUST_02782,Kevin,Garrison,rodriguezrachel@example.net,001-389-959-4919x26595,40,Annaba,2023-07-25,Basic,495.0,1141.6299999999999,
CUST_02783,Destiny,Henderson,ramirezchristopher@example.com,400-419-8011x063,29,Blida,2025-05-18,Basic,533.0,7725.110000000001,
CUST_02784,Joe,Cruz,tammy95@example.org,+1-789-681-9785x51791,38,Annaba,2024-01-25,Standard,584.0,2078.5,
CUST_02785,Angela,Tyler,josephmorrison@example.com,+1-293-304-9408,50,Algiers,2025-09-24,Standard,730.0,8760.75,
CUST_02786,Robert,Nguyen,morrisonjacqueline@example.org,216.579.2664,38,Algiers,2024-03-15,Basic,608.0,21084.82,
CUST_02787,Aaron,Elliott,riosryan@example.org,210.767.1091x79651,49,Tlemcen,2023-05-08,Basic,747.0,5735.9,
CUST_02788,Mary,Fernandez,jason74@example.net,755-683-9318x566,25,Tlemcen,2025-10-04,Standard,543.0,9072.98,
CUST_02789,Jonathan,Ford,mcguirekayla@example.com,288.510.7863x20197,35,Algiers,2024-05-02,Basic,575.0,10199.52,
CUST_02790,Kimberly,Martinez,tanderson@example.org,358-281-1912x77615,36,SIDI BEL ABBÈS,2025-11-09,Standard,629.0,5418.3,
CUST_02791,michele,Collins,paul60@example.org,625-797-6571x254,37,Biskra,2023-10-08,Standard,494.0,7994.83,
CUST_02792,Traci,Carroll,christopher61@example.com,001-690-614-0905,25,Blida,2025-06-07,Standard,681.0,7998.72,
CUST_02793,Roberto,Banks,duane16@example.com,889.873.9076,57,Sidi Bel Abbès,2023-12-07,Standard,496.0,606.89,
CUST_02794,Edward,Scott,hunter31@example.com,299.970.6581x1245,26,Sidi Bel Abbès,2024-07-07,Standard,683.0,0.0,
CUST_02795,Ryan,Murphy,dmoss@example.org,001-522-771-6623,51,Constantine,2025-07-29,Basic,647.0,10777.529999999999,
CUST_02796,Aaron,Murray,athompson@example.com,481-532-6135x42701,40,Annaba,2024-10-20,Standard,686.0,6137.2,
CUST_02797,Melanie,Schneider,williamsmark@example.net,704.567.4071,23,Annaba,2023-03-16,Standard,523.0,11908.29,
CUST_02798,Chris,Powell,marioperry@example.net,+1-575-831-8483,49,Blida,2024-07-20,Basic,641.0,16385.260000000002,
CUST_02799,Daniel,Hernandez,hking@example.com,001-216-963-9303x22168,18,Algiers,2023-02-24,Basic,660.0,21343.920000000002,
CUST_02800,Eric,Holder,matthew41@example.org,001-351-621-8833x40179,35,Blida,2025-11-05,Basic,686.0,6617.139999999999,
CUST_02801,Jenna,Soto,vwoodard@example.com,001-962-353-6711,25,Constantine,2022-12-29,Standard,757.0,8001.510000000001,
CUST_02802,Kevin,Richardson,hholt@example.net,456.459.2300x224,37,Annaba,2025-10-07,Premium,503.0,10712.49,
CUST_02803,Shannon,Powell,ncollins@example.net,001-435-419-9972x1115,44,Sidi Bel Abbès,2025-02-13,Basic,745.0,8073.24,
CUST_02804,Alan,Leon,jessicafisher@example.com,(242)601-1731x01091,18,Sétif,2022-12-21,Premium,512.0,2815.3,
CUST_02805,Lori,Lopez,collinsmatthew@example.com,(986)551-0389x53722,36,Tlemcen,2025-07-31,Premium,702.0,9506.66,
CUST_02806,Joann,Smith,kristina24@example.com,588.707.6965x77654,22,Tlemcen,2025-09-23,Standard,540.0,7873.5199999999995,
CUST_02807,Angela,Garcia,eyoung@example.org,+1-645-934-7491x1608,28,Biskra,2024-11-27,Standard,692.0,2384.8,
CUST_02808,David,Moore,jasonreeves@example.net,694-647-4848x569,50,Batna,2023-02-08,Standard,723.0,14587.02,
CUST_02809,Jose,Wilson,steven99@example.org,426-907-1339x143,42,Sétif,2025-03-22,Standard,436.0,1768.48,
CUST_02810,Elizabeth,Wilson,jasonburke@example.com,952-559-1372x067,42,Algiers,2025-09-11,Basic,610.0,20692.79,
CUST_02811,Sydney,Murray,allencheryl@example.net,546.386.2075,44,Tlemcen,2023-02-15,Standard,499.0,9840.279999999999,
CUST_02812,Donna,Davidson,anamoore@example.net,001-618-735-0739,43,Batna,2022-11-23,Standard,648.0,9838.79,
CUST_02813,Benjamin,Hicks,clifford14@example.com,(878)456-6217,53,Sidi Bel Abbès,2025-06-28,Premium,519.0,16312.710000000001,
CUST_02814,Gregory,Hall,mullenkevin@example.com,(551)549-9753x01446,32,Biskra,2023-08-25,Basic,715.0,2822.36,
CUST_02815,Mark,Cook,davisdiana@example.org,498-284-8131,36,Batna,2025-06-29,Premium,771.0,12602.15,
CUST_02816,John,Spencer,andrewknight@example.org,+1-822-502-4176x6970,56,Biskra,2023-05-05,Basic,658.0,13251.4,
CUST_02817,Franklin,Zimmerman,rroberts@example.org,+1-209-377-3549x62595,38,Constantine,2023-02-19,Standard,732.0,6293.88,
CUST_02818,Michael,Rangel,wilsonmatthew@example.com,+1-636-646-6937x06756,27,Algiers,2023-06-30,Basic,691.0,6575.5599999999995,
CUST_02819,christopher,Robertson,,772-205-5532x16855,33,Constantine,2024-01-10,Standard,640.0,4314.33,
CUST_02820,Sandy,Mitchell,alexander83@example.net,(807)822-8849x9392,24,Biskra,2024-08-07,Standard,612.0,11340.72,
CUST_02821,Alexis,Johnson,shelia28@example.com,943-205-2361x4163,46,Sidi Bel Abbès,2024-10-11,Basic,804.0,3207.6800000000003,
CUST_02822,Tyler,Green,paulawilliams@example.net,+1-950-329-4079x9397,36,Algiers,2025-08-28,Basic,725.0,15203.11,
CUST_02823,William,Willis,kelsey05@example.com,(648)978-4041,49,Oran,2023-08-24,Basic,761.0,15530.25,
CUST_02824,Erin,Villarreal,kfreeman@example.com,556-999-2291,34,Tlemcen,2022-12-19,Standard,415.0,9117.4,
CUST_02825,Bryan,Spencer,emily47@example.com,001-733-409-9479x141,35,Biskra,2023-10-08,Premium,543.0,1928.4,
CUST_02826,Tanner,Blackburn,dhenry@example.com,765-837-4667,32,Annaba,2024-11-30,Basic,813.0,5154.71,
CUST_02827,Craig,Phillips,tjones@example.org,968-359-5241,45,Sétif,2024-06-06,Basic,606.0,8711.71,
CUST_02828,Kevin,Kelley,richard34@example.net,001-332-651-0110x2883,51,Tlemcen,2024-11-11,Standard,540.0,17696.65,
CUST_02829,Carlos,Jones,davisdavid@example.org,+1-674-474-8157x9619,18,Annaba,2025-03-14,Standard,671.0,7973.639999999999,
CUST_02830,Brian,Stevenson,jonathanlara@example.net,(447)908-0709,26,Biskra,2024-10-17,Basic,550.0,10137.32,
CUST_02831,Michael,Adams,robertroberts@example.com,824-870-2691x546,26,Tlemcen,2024-09-27,Premium,649.0,4684.120000000001,
CUST_02832,Sandra,Smith,ashleyhernandez@example.org,001-518-970-8633x445,28,Batna,2025-06-27,Standard,628.0,5224.49,
CUST_02833,Brandon,Jackson,wattsstephanie@example.net,869-480-2844x02783,35,Sétif,2024-07-09,Standard,639.0,2582.8199999999997,
CUST_02834,Rebecca,Odonnell,,4448751537,43,Algiers,2025-05-16,Standard,719.0,20716.27,
CUST_02835,Ryan,Huang,johnholmes@example.org,+1-700-729-7806x78246,33,Annaba,2022-11-17,Basic,521.0,2718.27,
CUST_02836,Dylan,White,davidpalmer@example.org,(590)635-8322x3272,25,Blida,2023-04-12,Standard,554.0,1583.84,
CUST_02837,Charles,Hammond,hatkinson@example.org,+1-481-448-9948,29,Annaba,2024-12-02,Standard,544.0,3398.93,
CUST_02838,James,Thompson,roger61@example.net,001-597-410-8186,29,Oran,2023-08-01,Standard,684.0,9117.35,
CUST_02839,Jeremy,Zuniga,jennifer21@example.com,(954)647-2270x048,-1,Blida,2023-05-12,Standard,629.0,10016.3,
CUST_02840,Gregory,Cooper,ngonzalez@example.com,885-208-3743x200,30,Biskra,2023-08-09,Basic,526.0,3340.1,
CUST_02841,Danielle,Gibson,stephaniefrancis@example.com,558.759.8771x5733,34,Annaba,2024-05-14,Premium,723.0,1050.78,
CUST_02842,Victor,Cordova,lopezamanda@example.net,001-340-456-9476,41,Sidi Bel Abbès,2025-09-06,Premium,525.0,227.65,
CUST_02843,Olivia,Wilson,murraycrystal@example.org,880-399-5224x275,32,Sidi Bel Abbès,2025-01-05,Standard,625.0,3525.56,
CUST_02844,Rachael,Griffin,millermelissa@example.net,9116755567,43,Sidi Bel Abbès,2023-08-10,Standard,516.0,7951.27,
CUST_02845,Daniel,Wu,tbaldwin@example.com,001-299-589-0716x778,18,Algiers,2025-04-17,Standard,625.0,27997.3,
CUST_02846,Tiffany,Joyce,jefferyrhodes@example.org,7837341871,18,Algiers,2025-11-03,Standard,589.0,493.66,
CUST_02847,James,Garrett,watersjerry@example.org,454.731.3731,21,Algiers,2025-04-01,Standard,757.0,6097.92,
CUST_02848,Joseph,Lam,wiseamber@example.net,(499)573-2292x780,19,Tlemcen,2025-05-24,Basic,747.0,22618.68,
CUST_02849,Randy,Sawyer,sotorobert@example.org,367-686-3038x169,23,Biskra,2024-01-16,Standard,597.0,11655.25,
CUST_02850,Benjamin,Banks,qbradford@example.com,991-418-5101x542,24,Batna,2023-11-13,Standard,642.0,19426.309999999998,
CUST_02851,Stephen,Smith,braunjulie@example.net,725.484.2302x2727,39,Oran,2024-12-04,Premium,656.0,1811.62,
CUST_02852,Megan,Jackson,,734-916-6382x677,30,Constantine,2024-04-04,Basic,666.0,1581.42,
CUST_02853,Steven,Valdez,richard53@example.net,965-374-0968x3486,47,Sétif,2024-12-12,Standard,608.0,8043.43,
CUST_02854,Katherine,Morales,christinacunningham@example.com,236.905.3908x1100,30,Sidi Bel Abbès,2024-06-26,Standard,804.0,5150.9800000000005,
CUST_02855,Teresa,Wilson,jessicaharris@example.net,319-587-0322x508,45,Annaba,2024-09-26,Basic,529.0,23218.93,
CUST_02856,Edward,Wells,deborah54@example.net,001-654-947-2787x924,25,Sidi Bel Abbès,2025-08-18,Premium,727.0,5160.35,
CUST_02857,Charles,Collins,jschaefer@example.com,499.542.0613x769,21,Sidi Bel Abbès,2023-12-28,Standard,667.0,5174.4,
CUST_02858,Lynn,Anderson,rhondastephens@example.net,001-779-309-1281x21263,38,Batna,2024-03-02,Basic,680.0,2751.1099999999997,
CUST_02859,Charles,Thompson,tjackson@example.com,001-419-633-5628x44372,32,Algiers,2025-01-13,Basic,689.0,21392.5,
CUST_02860,Cory,Jackson,,9918828124,23,Sétif,2024-02-27,Basic,756.0,7357.73,
CUST_02861,Lauren,Owens,anthonymata@example.com,(394)509-9375,41,SIDI BEL ABBÈS,2024-02-10,Standard,707.0,17877.79,
CUST_02862,Pamela,Nichols,alyssa41@example.net,+1-267-699-1845x192,41,Tlemcen,2025-02-10,Basic,658.0,2405.58,
CUST_02863,Michael,Clarke,christopher94@example.org,(768)445-9340x107,18,Biskra,2024-03-22,Standard,558.0,7238.25,
CUST_02864,Lisa,Franklin,vmartin@example.com,001-750-622-5931x2272,18,Blida,2024-11-23,Premium,815.0,7202.84,
CUST_02865,Ashley,Diaz,colleen30@example.com,001-458-525-4677,48,Tlemcen,2023-12-28,Standard,701.0,1712.5500000000002,
CUST_02866,Elizabeth,Meyer,moyerluis@example.org,(238)906-6267x94099,46,Annaba,2024-04-06,Standard,692.0,7834.04,
CUST_02867,Derek,Williamson,porterjoshua@example.org,361.745.4402,24,Sétif,2023-11-11,Standard,567.0,14883.54,
CUST_02868,Elizabeth,Nguyen,ann14@example.net,(528)735-6022,-1,Oran,2023-02-09,Basic,826.0,11792.35,
CUST_02869,Tony,Evans,nlopez@example.org,+1-605-584-6070,33,Batna,2024-11-15,Basic,685.0,7759.55,
CUST_02870,Daniel,Brooks,christophermartin@example.org,8843563147,23,Constantine,2024-02-17,Standard,647.0,23339.010000000002,
CUST_02871,Brendan,Nichols,vward@example.net,837-799-7881x66809,33,Oran,2023-03-06,Standard,539.0,18009.75,
CUST_02872,Andrea,Potter,tmitchell@example.net,932.217.7854x5747,27,Sétif,2022-12-25,Premium,512.0,5953.5199999999995,
CUST_02873,Kayla,Norton,andrea83@example.com,+1-356-343-2754,36,Batna,2024-02-21,Standard,610.0,1352.8,
CUST_02874,Edward,Gibson,ariasmax@example.com,(766)499-8180,18,Sidi Bel Abbès,2025-10-28,Standard,484.0,4129.91,
CUST_02875,Brianna,Johnson,jonathan31@example.com,001-746-506-6493x2375,30,Biskra,2024-06-04,Standard,690.0,1324.46,
CUST_02876,Jessica,Walker,bakerjohn@example.org,(748)559-2820x666,49,Blida,2024-05-12,Premium,699.0,15665.16,
CUST_02877,Shane,Wolfe,,+1-810-300-3266,38,Sidi Bel Abbès,2024-07-18,Standard,665.0,7682.5599999999995,
CUST_02878,William,Dixon,thogan@example.net,+1-691-462-7765x029,18,Batna,2023-01-19,Standard,537.0,3632.41,
CUST_02879,Christopher,Anderson,wardjames@example.org,459.627.1976x616,46,Constantine,2024-09-06,Standard,638.0,8565.41,
CUST_02880,Kristin,Lewis,rodriguezelizabeth@example.com,+1-601-377-4460x83486,43,Sidi Bel Abbès,2025-02-03,Basic,533.0,1555.4299999999998,
CUST_02881,Albert,Kelley,codyanderson@example.org,315.934.9762,24,Blida,2023-01-29,Premium,706.0,0.0,
CUST_02882,Anthony,Molina,shaungarcia@example.org,(448)966-8982x3973,31,Biskra,2024-01-16,Basic,766.0,9070.1,
CUST_02883,Erik,Fox,xlewis@example.com,(401)721-9914x995,18,Annaba,2025-07-09,Standard,556.0,899.1700000000001,
CUST_02884,Matthew,Diaz,millerashley@example.com,697-705-9445x991,-1,Constantine,2025-03-05,Basic,690.0,4114.1,
CUST_02885,Chad,Taylor,williamwade@example.org,+1-671-836-0421x2100,26,Biskra,2024-04-26,Standard,578.0,14778.23,
CUST_02886,Thomas,Thomas,hurstalicia@example.net,(754)625-5686x22290,48,Blida,2025-04-13,Basic,703.0,4223.15,
CUST_02887,Steve,Smith,mjimenez@example.net,(693)969-0706,30,Constantine,2025-01-03,Premium,665.0,13061.009999999998,
CUST_02888,Matthew,Warren,staceychen@example.net,+1-551-275-2047x70048,50,Sidi Bel Abbès,2024-01-14,Premium,712.0,27108.54,
CUST_02889,Steven,Wright,michaellewis@example.org,543.683.2622x506,48,Biskra,2023-07-01,Standard,699.0,7470.95,
CUST_02890,Joe,Francis,paulahall@example.org,246-746-7503,20,Blida,2025-07-24,Premium,677.0,2102.4,
CUST_02891,Christopher,Stewart,bryanrichards@example.org,2102443305,18,Tlemcen,2024-08-16,Standard,698.0,10495.869999999999,
CUST_02892,Leah,Wilkins,alvaradomary@example.net,7087768486,-1,Biskra,2024-11-16,Basic,653.0,7399.129999999999,
CUST_02893,Eric,Bell,hgonzales@example.com,255.364.4292x775,40,Tlemcen,2023-06-30,Standard,584.0,19466.7,
CUST_02894,Linda,Anderson,tsummers@example.net,322-621-6609x523,28,Tlemcen,2024-07-04,Premium,691.0,1747.2800000000002,
CUST_02895,Charles,Roberts,simonjackie@example.net,877-579-3124x04938,18,Sétif,2023-04-21,Standard,673.0,13929.02,
CUST_02896,Jeremy,Jones,wmorgan@example.org,873.747.7630,18,Biskra,2023-12-07,Standard,642.0,15672.99,
CUST_02897,Douglas,Khan,tesparza@example.net,(799)315-8973x0378,32,Blida,2024-11-14,Standard,511.0,7751.549999999999,
CUST_02898,Erica,Walter,dana29@example.net,001-736-887-6190x750,-1,Oran,2023-02-28,Premium,629.0,13852.86,
CUST_02899,Jennifer,Meza,michael10@example.com,298-318-8696x1158,45,Sidi Bel Abbès,2023-01-29,Standard,720.0,28620.3,
CUST_02900,Wesley,Bass,fmckee@example.net,(468)231-5624,53,Sétif,2023-01-04,Basic,706.0,2435.9700000000003,
CUST_02901,Danielle,Madden,powellkayla@example.com,(990)354-3526x82194,42,Tlemcen,2025-01-24,Standard,737.0,687.04,
CUST_02902,Heather,Wade,tylergarcia@example.net,632.257.5921x2303,41,Batna,2024-02-04,Standard,709.0,15595.839999999998,
CUST_02903,John,Marsh,ramoskimberly@example.org,001-904-563-1186x7019,31,Batna,2022-12-03,Standard,637.0,7417.22,
CUST_02904,Luis,Weeks,christine18@example.org,912.554.7099,22,Blida,2025-05-02,Basic,629.0,8244.98,
CUST_02905,Joel,Curtis,randolphjoshua@example.org,364.571.8629x436,21,Oran,2023-10-01,Basic,677.0,2880.79,
CUST_02906,Mason,Mcconnell,karencampbell@example.net,6727078458,46,Biskra,2023-10-08,Premium,790.0,7477.150000000001,
CUST_02907,Gregory,Martin,rkrause@example.org,(418)906-6725,47,Tlemcen,2023-06-10,Standard,810.0,8399.36,
CUST_02908,Jessica,Roth,rachel51@example.net,001-506-277-4210,18,Sétif,2023-06-28,Standard,571.0,4472.37,
CUST_02909,Joshua,Gonzalez,rgarcia@example.net,942.457.5423x73534,42,Blida,2025-10-27,Premium,676.0,7563.57,
CUST_02910,Robert,Montgomery,gabrielhurst@example.org,902-327-7469x03384,42,Annaba,2025-08-24,Basic,507.0,791.65,
CUST_02911,Olivia,Morgan,thobbs@example.com,001-652-422-1200x4023,37,Algiers,2023-06-05,Premium,706.0,3732.34,
CUST_02912,Erica,Gardner,angelawatson@example.org,(800)621-5638x366,37,Annaba,2024-02-01,Basic,593.0,28731.23,
CUST_02913,Matthew,Brooks,,+1-451-834-4553,18,Sidi Bel Abbès,2024-05-10,Basic,838.0,2363.16,
CUST_02914,Travis,Stewart,monica28@example.org,588-586-1666,18,Blida,2023-06-02,Standard,687.0,12313.95,
CUST_02915,William,Johnson,davisjordan@example.org,(682)249-7705x4911,34,Sétif,2023-12-23,Basic,826.0,5192.570000000001,
CUST_02916,Joseph,Snyder,cody26@example.com,+1-849-407-5351x38345,18,Tlemcen,2023-07-06,Standard,662.0,7568.25,
CUST_02917,Kevin,Burke,gsingleton@example.com,001-882-923-0947x605,64,Sétif,2025-10-21,Standard,9999.0,7436.7300000000005,
CUST_02918,Lori,Santiago,rmiller@example.net,+1-833-544-1467,18,Biskra,2024-08-16,Standard,590.0,6403.4400000000005,
CUST_02919,Nathan,Martin,aguirredawn@example.org,935.629.0831x1686,40,Blida,2025-03-14,Basic,574.0,40417.43,
CUST_02920,Shane,Hatfield,agonzalez@example.com,481-816-9441,41,Tlemcen,2024-05-10,Standard,621.0,3510.29,
CUST_02921,Stephanie,Miller,,639-787-4054x19199,53,Oran,2025-05-27,Standard,615.0,21053.33,
CUST_02922,Rose,Roberts,imiller@example.org,540.945.1228x589,44,Algiers,2024-07-17,Standard,806.0,22173.02,
CUST_02923,Brandon,Young,ovega@example.org,+1-891-200-4924,22,Oran,2025-07-13,Standard,722.0,22594.239999999998,
CUST_02924,Tabitha,Weaver,jordan99@example.net,+1-872-963-1508x1086,69,Algiers,2023-09-02,Basic,687.0,7961.549999999999,
CUST_02925,Erica,Anderson,margaret79@example.org,554.706.4282,27,Tlemcen,2025-05-29,Standard,493.0,2194.19,
CUST_02926,Joshua,Patel,,486-548-4121,27,Blida,2024-07-28,Standard,496.0,7157.41,
CUST_02927,Austin,Guzman,katherinewilliams@example.com,(872)335-2643,44,ORAN,2023-08-08,Standard,850.0,6715.3,
CUST_02928,Stephanie,Holmes,ubrown@example.com,962-298-4754,24,Algiers,2024-07-27,Standard,612.0,4611.0199999999995,
CUST_02929,Jonathan,Wilson,rberry@example.net,785.860.1668,37,Sidi Bel Abbès,2025-10-20,Standard,681.0,6664.85,
CUST_02930,Scott,Morrison,jessicaparker@example.com,001-853-293-0361x99932,18,Annaba,2025-03-20,Standard,804.0,10792.11,
CUST_02931,Sara,Watts,ojoyce@example.com,001-374-923-6837x8037,30,Oran,2024-07-06,Standard,762.0,19080.85,
CUST_02932,Marc,Beard,bryantstephanie@example.org,001-520-846-5456x566,40,Annaba,2024-01-14,Standard,557.0,14517.59,
CUST_02933,Theresa,Arnold,clarkchristine@example.net,(923)404-2103,54,Algiers,2023-10-09,Standard,719.0,8080.88,
CUST_02934,Amanda,Hart,,(733)257-9377,25,ORAN,2023-05-26,Basic,431.0,11337.96,
CUST_02935,David,Wall,christinebarron@example.org,737.204.5740,28,Sidi Bel Abbès,2024-12-24,Standard,732.0,4681.6900000000005,
CUST_02936,Carolyn,Miller,holdencassandra@example.net,(436)896-4938,18,Biskra,2023-07-15,Standard,651.0,2796.46,
CUST_02937,John,Smith,,+1-233-667-3614,39,Sidi Bel Abbès,2024-11-18,Standard,719.0,13476.55,
CUST_02938,Charles,Roberts,pamela61@example.net,001-458-418-1106x9942,26,Annaba,2023-01-20,Standard,735.0,3284.05,
CUST_02939,Christine,Paul,jennifer89@example.org,+1-420-410-8981x0723,31,Sidi Bel Abbès,2023-10-06,Standard,631.0,5627.64,
CUST_02940,Joy,Stone,davispamela@example.com,910-688-3444x253,37,Constantine,2023-08-31,Basic,666.0,3236.96,
CUST_02941,Katherine,Davis,,770.923.9283x1091,40,Oran,2024-08-27,Basic,799.0,58086.29,
CUST_02942,Clayton,Carter,joannewallace@example.net,001-823-541-0242x505,48,Oran,2023-01-12,Premium,501.0,10125.93,
CUST_02943,Nicholas,Moore,juan18@example.com,868.496.1768x729,37,Algiers,2023-10-08,Standard,666.0,7916.0,
CUST_02944,Kayla,Vasquez,brownclayton@example.com,200-882-5923,41,Batna,2023-02-25,Standard,770.0,7865.37,
CUST_02945,Timothy,Grant,paula52@example.net,600.749.6054x69050,66,Oran,2024-04-15,Standard,783.0,10677.52,
CUST_02946,Sabrina,Rocha,lindsaymalone@example.com,808.578.8752,38,Constantine,2023-05-12,Standard,497.0,17311.73,
CUST_02947,Kaitlin,Salas,darrell33@example.com,+1-202-410-3770,51,Annaba,2025-05-04,Standard,479.0,23575.25,
CUST_02948,Louis,Taylor,linda06@example.org,241.657.0883x286,33,Oran,2024-01-03,Basic,832.0,8395.46,
CUST_02949,Larry,Peterson,jeffrey49@example.org,001-589-524-5574x643,18,Algiers,2023-09-06,Standard,489.0,0.0,
CUST_02950,Allen,Mccullough,estradamegan@example.net,481-781-5853x50629,26,Biskra,2024-11-08,Standard,669.0,13838.33,
CUST_02951,Jessica,Carlson,cheryl94@example.org,833.731.2938x655,49,Algiers,2025-06-06,Standard,673.0,20412.620000000003,
CUST_02952,Patricia,Smith,brooksamy@example.com,001-579-727-9513x24651,18,Tlemcen,2023-02-28,Basic,657.0,5450.360000000001,
CUST_02953,Ryan,Soto,wilsonjoseph@example.net,398.234.0077x160,41,Biskra,2025-01-14,Standard,623.0,15142.25,
CUST_02954,jessica,Rowe,ttrujillo@example.net,001-596-332-1553x3975,58,Sidi Bel Abbès,2025-10-23,Premium,698.0,11408.57,
CUST_02955,david,Joyce,,(940)700-2593,25,Biskra,2023-02-11,Standard,620.0,9027.11,
CUST_02956,Jeremy,Johnson,lopezann@example.net,308-297-5784x235,47,Constantine,2025-04-11,Standard,850.0,16960.100000000002,
CUST_02957,Lance,Rodriguez,brenda88@example.com,963-844-7792,56,Tlemcen,2025-03-23,Standard,655.0,1378.98,
CUST_02958,Lisa,Rosales,adamwood@example.org,(670)345-3304x349,44,Batna,2025-07-29,Standard,741.0,1790.01,
CUST_02959,Anna,Hunt,,233-373-1402x9030,22,Algiers,2023-07-13,Standard,681.0,16724.96,
CUST_02960,Christopher,Wilson,alexander55@example.net,286.721.6348x443,42,Annaba,2023-10-08,Standard,611.0,5835.16,
CUST_02961,Jose,Mullins,wcompton@example.org,723.282.8881x61371,36,Sidi Bel Abbès,2023-07-17,Standard,515.0,4229.1,
CUST_02962,Maria,Thomas,ymartinez@example.org,(454)228-4686x387,25,Annaba,2025-09-26,Standard,527.0,2155.17,
CUST_02963,Garrett,Fox,karenolson@example.com,+1-743-427-4026x558,33,Blida,2023-12-18,Standard,718.0,10596.84,
CUST_02964,Sara,Martin,davidromero@example.net,(548)905-1438x827,37,Blida,2025-07-29,Standard,572.0,12090.880000000001,
CUST_02965,Brandon,Berry,tyler18@example.net,001-713-624-0621x46133,26,Sidi Bel Abbès,2023-06-07,Standard,598.0,1846.28,
CUST_02966,Jennifer,Kennedy,michellemorris@example.com,001-963-648-1415x77180,39,Tlemcen,2023-04-08,Standard,563.0,9572.34,
CUST_02967,Karen,Brewer,christinepatterson@example.com,(485)914-1908,18,Blida,2023-10-25,Standard,699.0,9297.560000000001,
CUST_02968,Shaun,Brooks,melissa99@example.org,(507)963-3736x435,49,Oran,2023-05-29,Standard,575.0,9252.06,
CUST_02969,Kelly,Sanchez,dbrown@example.net,883-704-2863x23102,48,Batna,2025-09-10,Basic,662.0,10011.1,
CUST_02970,Tyler,Woods,carrie66@example.com,252.416.0834,50,Biskra,2024-08-22,Standard,698.0,4761.139999999999,
CUST_02971,Linda,Deleon,kathyparks@example.org,496-347-9353x956,18,Batna,2023-09-26,Basic,631.0,8148.57,
CUST_02972,Janet,Butler,fgibson@example.net,+1-392-367-0136,21,Sétif,2024-01-10,Basic,623.0,8996.36,
CUST_02973,Jeffery,Conner,milesdawn@example.net,001-575-594-1447x72045,20,Sidi Bel Abbès,2025-01-21,Basic,664.0,37435.090000000004,
CUST_02974,Paul,Glover,sgeorge@example.com,(876)524-3960,37,Algiers,2022-12-24,Standard,598.0,5043.05,
CUST_02975,Steven,Schmidt,jaredrobinson@example.net,+1-591-478-7356,46,Oran,2023-03-10,Standard,758.0,6235.67,
CUST_02976,Stacy,Spencer,harmondonald@example.net,001-987-573-5105,47,Blida,2023-10-06,Standard,577.0,3522.98,
CUST_02977,Rachel,Mills,,+1-947-492-9361x66290,35,Tlemcen,2024-01-17,Basic,569.0,4142.21,
CUST_02978,Vicki,Reyes,foconnor@example.com,(739)766-3527x36007,37,Algiers,2023-08-20,Basic,646.0,16959.75,
CUST_02979,debra,Hill,stephaniehall@example.net,001-201-917-5282,46,Tlemcen,2022-11-25,Standard,712.0,12989.32,
CUST_02980,Tyler,Phelps,hmartinez@example.org,(261)466-4028x028,37,Constantine,2025-07-31,Premium,773.0,2419.91,
CUST_02981,Harry,Turner,shamilton@example.com,517-558-6662x65704,35,ANNABA,2025-02-15,Standard,745.0,15374.91,
CUST_02982,Gregory,Duke,anthony91@example.org,001-969-517-6498x57742,18,Batna,2024-07-26,Basic,649.0,3014.09,
CUST_02983,Stephanie,Bean,ujohnson@example.com,920.692.6465x296,18,Sidi Bel Abbès,2023-03-13,Premium,647.0,15920.98,
CUST_02984,Cassandra,Giles,cortiz@example.com,810.801.7977,22,Algiers,2023-01-08,Standard,620.0,15833.2,
CUST_02985,Ethan,Johnson,haleyjordan@example.org,282.623.5522,42,ORAN,2023-05-12,Standard,618.0,2455.52,
CUST_02986,Jordan,Rogers,olopez@example.org,(302)554-0941,37,Tlemcen,2025-03-23,Basic,781.0,17617.29,
CUST_02987,Mathew,Bailey,heather17@example.com,969-783-6495x09262,28,Sidi Bel Abbès,2023-04-28,Standard,547.0,6608.030000000001,
CUST_02988,Tanya,Alvarado,jennifergarcia@example.net,706.614.3288,22,Sidi Bel Abbès,2022-12-24,Standard,677.0,5155.25,
CUST_02989,Donna,Li,perrybarbara@example.net,+1-618-692-3710,37,Tlemcen,2023-01-15,Standard,622.0,9495.03,
CUST_02990,Cole,Garcia,iking@example.net,5683878580,28,Constantine,2024-10-18,Basic,499.0,10123.0,
CUST_02991,Steven,Boone,rogerssuzanne@example.net,001-575-918-9534x2970,33,Sidi Bel Abbès,2023-06-22,Standard,656.0,9314.78,
CUST_02992,Sherry,Smith,kingchristopher@example.net,426.594.4104,37,Constantine,2025-08-29,Standard,743.0,5174.59,
CUST_02993,Arthur,Costa,ydiaz@example.org,001-333-348-7819x342,51,Blida,2024-03-06,Standard,680.0,5636.74,
CUST_02994,Justin,Harrison,srobinson@example.com,441-656-1731,44,Annaba,2023-04-25,Basic,613.0,15859.14,
CUST_02995,Jessica,Ellis,johnnywells@example.net,001-861-674-0353x005,29,Oran,2025-06-07,Standard,665.0,23696.77,
CUST_02996,Eric,Clark,myersmary@example.com,441-532-6301x50892,44,Algiers,2024-08-20,Basic,525.0,7732.19,
CUST_02997,Duane,Hubbard,nataliejohnson@example.net,903-586-0729x43062,34,Blida,2023-11-14,Standard,9999.0,4213.8099999999995,
CUST_02998,Devon,Wood,mendezemily@example.org,+1-855-286-7931,47,Constantine,2024-04-13,Standard,674.0,5927.79,
CUST_02999,Ronald,Montes,amanda76@example.com,001-261-728-0695x5211,33,Annaba,2023-02-06,Standard,624.0,10385.78,
CUST_03000,Melissa,Cook,jkennedy@example.net,297-613-4112x92881,18,CONSTANTINE,2025-06-01,Standard,509.0,13315.75,
CUST_03001,Andrea,Santiago,jonharvey@example.com,001-254-850-8554x885,18,Tlemcen,2023-01-06,Standard,635.0,19577.68,
CUST_03002,John,Mueller,irobertson@example.net,001-294-498-4406,28,Sétif,2024-08-08,Standard,569.0,3798.9,
CUST_03003,Sarah,Duncan,caitlin05@example.net,+1-521-298-9902x0777,-1,Biskra,2025-09-24,Standard,680.0,5139.46,
CUST_03004,Wesley,Davis,andrewbooker@example.org,936.477.0529,55,Batna,2023-07-26,Standard,583.0,8637.869999999999,
CUST_03005,Kyle,Thornton,sharonhorton@example.net,+1-213-625-3325x8884,30,Oran,2024-02-17,Premium,568.0,15554.3,
CUST_03006,Todd,Thompson,andersonmargaret@example.org,001-354-844-8502x4610,37,Biskra,2023-02-22,Premium,651.0,8703.16,
CUST_03007,Adam,Garcia,lwashington@example.net,230.695.1460x7372,40,ALGIERS,2023-08-05,Standard,566.0,16436.62,
CUST_03008,Gregory,Leonard,albert40@example.org,(817)385-6343,40,Blida,2023-11-16,Standard,610.0,722.49,
CUST_03009,Madison,Miller,kingchristopher@example.org,868.566.7756x46983,33,Annaba,2025-02-25,Standard,639.0,6730.34,
CUST_03010,Edward,Carroll,russellmary@example.org,699-890-8701,27,Oran,2025-08-25,Standard,509.0,15423.739999999998,
CUST_03011,Terrence,Richmond,thomasunderwood@example.net,(646)478-3146,42,Batna,2025-03-06,Standard,614.0,645.29,
CUST_03012,William,Holmes,johnayala@example.net,496.596.4773,38,Sidi Bel Abbès,2023-05-03,Basic,681.0,0.0,
CUST_03013,Michelle,Vargas,cassandrabanks@example.org,624.806.1869,38,Algiers,2023-12-08,Standard,621.0,9445.04,
CUST_03014,Brianna,Pruitt,xking@example.org,(669)558-2616x913,26,Biskra,2024-11-21,Standard,811.0,12848.64,
CUST_03015,Chad,Hubbard,lopezmichelle@example.org,297-647-6044,31,Constantine,2023-08-30,Standard,657.0,0.0,
CUST_03016,Keith,Schwartz,jedwards@example.com,960-446-4300,31,Blida,2024-04-02,Standard,850.0,15380.75,
CUST_03017,Phillip,Hughes,nixonmichael@example.net,913.897.8374,38,Sétif,2025-03-30,Standard,828.0,2074.98,
CUST_03018,Carrie,Walker,yluna@example.org,424-427-8412x8761,18,Sétif,2025-10-15,Standard,590.0,7786.780000000001,
CUST_03019,Erik,Davenport,kwest@example.net,381-294-0681x2756,47,Blida,2025-08-08,Premium,568.0,1105.17,
CUST_03020,Angelica,Kennedy,douglasmoody@example.com,548.810.6247x16569,46,Batna,2023-01-27,Standard,596.0,3884.83,
CUST_03021,Ian,Rogers,kellydavid@example.org,001-278-464-7701x6962,28,Annaba,2023-06-11,Standard,572.0,11521.08,
CUST_03022,David,Gay,pwatson@example.net,+1-513-778-9562,54,Blida,2025-06-14,Basic,547.0,5492.0,
CUST_03023,Michael,Velazquez,briannasmith@example.com,+1-696-238-5952,43,Batna,2025-05-31,Basic,570.0,6300.509999999999,
CUST_03024,Brian,Carey,francisstacy@example.net,(566)305-8809x5924,18,Batna,2025-11-05,Standard,594.0,1035.6699999999998,
CUST_03025,connie,Sanchez,staceyserrano@example.org,(411)368-6602,28,Blida,2024-09-15,Premium,744.0,19122.059999999998,
CUST_03026,Catherine,Barr,ldalton@example.net,378-315-4836,38,Batna,2023-08-03,Premium,727.0,8355.2,
CUST_03027,Jeffrey,Fry,xgill@example.com,693-747-4303x4267,36,Sétif,2024-03-01,Standard,720.0,33801.77,
CUST_03028,Tammy,Brown,sarah68@example.net,960-896-4057,22,Sétif,2022-12-12,Basic,597.0,0.0,
CUST_03029,Kendra,Stanton,kcantu@example.net,+1-961-947-3074x802,19,Constantine,2025-09-12,Premium,628.0,6165.26,
CUST_03030,Rachel,Harris,colonrachael@example.com,+1-694-565-2174x565,36,Biskra,2024-02-19,Basic,569.0,4445.32,
CUST_03031,Kenneth,Turner,haleyjohnson@example.com,841.945.7955x73815,51,Tlemcen,2025-09-06,Standard,718.0,1288.09,
CUST_03032,Veronica,Day,cooperroger@example.org,+1-902-532-7639x1694,52,Tlemcen,2024-03-20,Standard,850.0,5537.07,
CUST_03033,Alexandra,Frazier,arichardson@example.com,918.717.5340x9619,26,Oran,2023-02-15,Basic,678.0,3901.9900000000002,
CUST_03034,Todd,Barnes,lydiacampbell@example.com,4608210916,33,Tlemcen,2024-02-10,Basic,747.0,8547.45,
CUST_03035,Susan,Mclean,kelseygibson@example.net,001-433-622-6373x196,47,Annaba,2024-02-15,Standard,680.0,8528.02,
CUST_03036,Vincent,Jones,paigewilliams@example.com,+1-397-626-7156,18,Sidi Bel Abbès,2025-04-13,Standard,683.0,13991.53,
CUST_03037,Alexis,Moore,,001-845-841-6460x71500,31,Batna,2025-08-09,Premium,600.0,1838.69,
CUST_03038,amy,Conway,johnsonmark@example.com,001-886-785-9222x200,36,Tlemcen,2025-07-27,Standard,598.0,5912.2,
CUST_03039,Deborah,Torres,phillipsderek@example.org,980-434-2068,40,Oran,2025-08-21,Standard,642.0,17128.05,
CUST_03040,Anthony,Davenport,ebutler@example.net,8819796211,24,Oran,2023-04-21,Basic,822.0,10789.93,
CUST_03041,Billy,Price,william65@example.net,+1-480-416-6581x366,19,CONSTANTINE,2025-09-28,Standard,728.0,17848.75,
CUST_03042,Michelle,Johnson,rboyer@example.org,(613)905-0963,51,Biskra,2023-06-12,Premium,657.0,0.0,
CUST_03043,Kenneth,Payne,,001-974-707-9434x441,18,Sétif,2024-02-25,Basic,618.0,6132.25,
CUST_03044,Paul,Guerra,olopez@example.org,892.395.0197,48,Algiers,2025-02-26,Standard,484.0,7438.27,
CUST_03045,Dennis,Garcia,melissa80@example.net,526.270.5119x388,18,Tlemcen,2022-12-02,Premium,663.0,10504.69,
CUST_03046,Matthew,Dixon,eortega@example.org,+1-219-730-4201x859,32,Constantine,2024-04-19,Standard,640.0,5800.030000000001,
CUST_03047,Daniel,Hubbard,wwiley@example.com,322.241.2865x0384,47,Oran,2025-09-06,Premium,598.0,7903.22,
CUST_03048,Ashley,Trujillo,erikbaker@example.org,001-444-240-6615x922,18,TLEMCEN,2024-05-02,Standard,612.0,6242.54,
CUST_03049,Paul,Leonard,mjones@example.net,+1-325-359-1432,27,SIDI BEL ABBÈS,2023-05-17,Standard,734.0,331.84,
CUST_03050,Michael,Fitzgerald,chris20@example.net,+1-508-661-7808x7135,44,Sidi Bel Abbès,2025-06-13,Basic,694.0,3067.7999999999997,
CUST_03051,Edward,Baker,onealhannah@example.com,903.465.9592x570,18,Sidi Bel Abbès,2025-05-22,Standard,805.0,5587.46,
CUST_03052,Julia,Moore,lyonsjeanette@example.net,001-998-211-7213,26,Constantine,2024-12-20,Premium,622.0,9954.23,
CUST_03053,Jennifer,Reyes,hugheshannah@example.org,502.224.1026x2108,41,Biskra,2023-06-26,Standard,765.0,3623.29,
CUST_03054,Jacob,Duran,torresjeremy@example.org,001-438-541-5311,33,ALGIERS,2024-04-23,Standard,560.0,12242.119999999999,
CUST_03055,Jerry,Hall,ithomas@example.net,828.277.1304x2387,46,Tlemcen,2022-11-19,Standard,629.0,3610.89,
CUST_03056,Joyce,Washington,sjensen@example.org,001-377-509-7852x539,35,Biskra,2023-10-31,Standard,810.0,5535.06,
CUST_03057,Kyle,Jones,hensleysteven@example.net,648-651-9544x233,41,Algiers,2023-05-23,Standard,512.0,3416.54,
CUST_03058,Jennifer,Delgado,laura10@example.net,792.817.1087x48531,32,Blida,2024-11-19,Standard,635.0,8484.41,
CUST_03059,Randy,Smith,vbecker@example.com,577.453.8817x6835,42,Blida,2024-04-11,Standard,675.0,4707.97,
CUST_03060,Christopher,Anthony,smithsamantha@example.org,(321)798-9744x69316,41,Oran,2024-01-11,Premium,726.0,797.6700000000001,
CUST_03061,Christina,Reeves,snydercynthia@example.com,319-964-9230x66190,39,Blida,2025-03-17,Standard,612.0,278.72,
CUST_03062,Susan,Camacho,frank52@example.com,(771)593-0647x39087,37,Batna,2024-06-18,Standard,9999.0,7934.4,
CUST_03063,Anne,Harris,tamara59@example.net,(513)433-1695x432,31,Blida,2024-02-10,Basic,830.0,19393.9,
CUST_03064,Jeffrey,Kelly,jwilliamson@example.net,977.372.0439,19,Biskra,2024-05-27,Standard,630.0,12013.84,
CUST_03065,Erika,Thomas,mclaughlinjennifer@example.com,864-855-3928x40347,53,BLIDA,2025-02-01,Standard,568.0,434.97,
CUST_03066,Heather,Conrad,aaron68@example.net,001-542-253-2836,18,Biskra,2022-12-14,Standard,646.0,0.0,
CUST_03067,Corey,Barnett,pthompson@example.org,001-783-902-0056,38,Constantine,2024-11-10,Basic,760.0,2235.56,
CUST_03068,Amanda,Estrada,egross@example.net,(319)613-6406x95805,18,Algiers,2023-10-02,Basic,634.0,7260.27,
CUST_03069,Troy,Freeman,barry18@example.net,597-541-6322x8556,25,Sétif,2024-02-01,Standard,767.0,1294.88,
CUST_03070,Melinda,Alvarado,jeffreythomas@example.net,379-521-1828,46,Algiers,2025-04-20,Basic,617.0,6918.62,
CUST_03071,Marcus,Smith,bmiller@example.com,+1-281-647-9605x6233,51,Sidi Bel Abbès,2024-08-05,Basic,818.0,24874.58,
CUST_03072,Robin,Levy,havery@example.com,001-543-946-4582x9546,29,Annaba,2023-08-11,Standard,839.0,10745.08,
CUST_03073,Sharon,Williams,nelsoncory@example.net,(623)242-5301x2819,41,ALGIERS,2023-03-11,Basic,706.0,17865.83,
CUST_03074,Derek,Cooper,freemanjennifer@example.org,+1-574-914-6566,30,Algiers,2024-05-05,Standard,625.0,3181.2999999999997,
CUST_03075,Crystal,Wang,daniellewells@example.com,001-451-443-5355x462,47,Biskra,2025-07-08,Basic,625.0,11766.37,
CUST_03076,Kevin,Hines,dhughes@example.net,349.709.1261x9358,45,Oran,2023-10-04,Basic,682.0,13578.07,
CUST_03077,Amy,Oneill,brian48@example.net,(856)908-4695x4495,23,Sidi Bel Abbès,2023-12-12,Standard,549.0,16987.079999999998,
CUST_03078,Ross,Humphrey,martinkelly@example.org,752-229-0401,33,Sidi Bel Abbès,2024-02-26,Standard,671.0,8045.92,
CUST_03079,Brittney,Patrick,,422.609.4342x208,41,Oran,2024-11-18,Basic,692.0,5973.589999999999,
CUST_03080,Amy,Ward,eluna@example.org,813-372-3073x5713,24,Biskra,2024-03-13,Standard,695.0,16043.71,
CUST_03081,jonathan,Jimenez,jason52@example.com,+1-753-655-9951,24,Oran,2025-10-09,Standard,477.0,783.91,
CUST_03082,John,Noble,john72@example.com,608.384.8606,25,Blida,2023-10-07,Standard,651.0,9178.880000000001,
CUST_03083,Eric,Francis,,737.257.9015,36,Biskra,2024-07-02,Standard,607.0,14762.46,
CUST_03084,Miranda,Harris,abigail54@example.com,6529965370,36,Sétif,2025-01-15,Standard,810.0,3890.3999999999996,
CUST_03085,Olivia,Franklin,stacey68@example.org,905-218-3440x27554,41,Oran,2025-08-07,Standard,771.0,34756.2,
CUST_03086,Gregory,Ellison,andrew36@example.net,268.634.0211,30,Batna,2023-10-04,Standard,648.0,3718.86,
CUST_03087,Ashley,Williams,paul65@example.org,893-209-6663x4916,37,Batna,2025-02-02,Premium,699.0,17535.989999999998,
CUST_03088,Trevor,Richmond,greenmatthew@example.com,462.333.1931,25,Algiers,2024-07-12,Basic,709.0,8428.58,
CUST_03089,David,Brandt,robinsontracy@example.org,001-980-207-7898x1968,22,Sétif,2025-06-13,Basic,748.0,7742.54,
CUST_03090,Shelly,Hicks,,309-683-3812x72490,39,Algiers,2023-12-11,Standard,703.0,4961.42,
CUST_03091,James,Carlson,nicholas98@example.net,247.338.4395x37258,22,Batna,2025-03-05,Basic,611.0,9956.6,
CUST_03092,Elizabeth,Wood,ashley20@example.org,823.802.0192,27,Algiers,2025-05-26,Basic,591.0,21802.81,
CUST_03093,Travis,Romero,hannah55@example.org,(618)617-6142x662,37,Annaba,2024-02-06,Standard,631.0,7409.98,
CUST_03094,Tim,Mccarthy,crystal11@example.org,700.826.4913x59748,38,Blida,2023-04-14,Basic,612.0,19497.79,
CUST_03095,edward,Morgan,christopherfreeman@example.net,805-537-2565,29,Annaba,2024-05-09,Standard,594.0,699.08,
CUST_03096,Stephanie,Lee,amy91@example.net,4009024201,47,Sidi Bel Abbès,2023-12-28,Basic,783.0,11956.17,
CUST_03097,anthony,Ali,nathanielperkins@example.com,+1-674-441-1284,40,Oran,2024-04-25,Standard,558.0,6493.65,
CUST_03098,Jessica,Forbes,oking@example.org,594-804-7891,19,Sidi Bel Abbès,2023-03-13,Premium,618.0,6274.66,
CUST_03099,Chad,Butler,katherine89@example.net,+1-712-263-8279x4145,30,Tlemcen,2024-04-05,Standard,696.0,5538.639999999999,
CUST_03100,Morgan,Clark,morrisonadrienne@example.org,982.242.9852,43,Blida,2024-09-16,Standard,639.0,22463.539999999997,
CUST_03101,Courtney,Hall,renee63@example.net,264-374-9659x1311,23,Batna,2023-03-31,Basic,485.0,4401.5599999999995,
CUST_03102,Gabriel,Jones,bellkarla@example.com,+1-881-223-6886,18,Biskra,2024-11-01,Standard,750.0,4339.46,
CUST_03103,Tiffany,Hall,sheilagarcia@example.org,+1-995-822-5494x57031,28,Biskra,2024-11-03,Standard,709.0,3559.15,
CUST_03104,Brian,Whitaker,chaneydesiree@example.org,570-973-0814x142,25,Batna,2024-03-06,Standard,675.0,14528.980000000001,
CUST_03105,Joshua,Cooper,victoria51@example.com,001-333-701-6548x76578,33,Tlemcen,2023-01-31,Premium,653.0,2838.22,
CUST_03106,Peter,Compton,matthew17@example.org,+1-964-321-3601,47,Blida,2025-09-05,Standard,602.0,5790.25,
CUST_03107,Rhonda,Moore,lisamartinez@example.net,253-719-6516x4418,33,Blida,2025-06-06,Standard,703.0,12173.36,
CUST_03108,Anthony,Nguyen,aprilmorton@example.org,+1-894-720-7961x99097,46,Tlemcen,2024-12-13,Standard,681.0,11111.13,
CUST_03109,Jeremy,Garcia,qjohnson@example.net,781.857.4916x716,43,Sidi Bel Abbès,2023-01-04,Standard,750.0,4927.46,
CUST_03110,Barbara,Lam,ivasquez@example.net,616-282-0385x28579,34,Oran,2025-06-22,Standard,700.0,9891.93,
CUST_03111,Matthew,Gillespie,estradashelby@example.com,598.651.1881x16787,37,Biskra,2025-10-30,Basic,708.0,6088.66,
CUST_03112,Anita,Flores,christina66@example.com,(671)469-5402x313,26,Sétif,2024-07-17,Standard,629.0,11749.47,
CUST_03113,Chloe,Maxwell,wmatthews@example.com,639-757-0016,37,Oran,2024-09-27,Standard,676.0,2569.08,
CUST_03114,Gary,Nelson,thompsonapril@example.com,+1-893-203-8147,42,Blida,2022-11-14,Standard,592.0,3996.7200000000003,
CUST_03115,Randy,Lyons,joanhenderson@example.net,(325)295-3762,32,Tlemcen,2024-07-06,Standard,671.0,0.0,
CUST_03116,Michael,White,zanderson@example.org,9665754905,44,ALGIERS,2023-08-02,Standard,678.0,13374.71,
CUST_03117,Mario,Allen,nicholas08@example.net,830.968.2948x17049,18,Constantine,2024-08-12,Standard,614.0,16187.05,
CUST_03118,Derek,Cortez,kentsharon@example.com,279.480.0472,35,Biskra,2025-09-04,Standard,715.0,552.85,
CUST_03119,Angela,Jackson,bethhart@example.com,4876701524,38,Blida,2023-08-11,Standard,578.0,6216.1,
CUST_03120,Bradley,Friedman,lisadavis@example.org,(574)300-9254x2709,40,Biskra,2025-06-04,Standard,629.0,14145.41,
CUST_03121,Sherry,Brown,jacob71@example.com,+1-483-905-4508,28,Batna,2024-12-02,Standard,850.0,8456.38,
CUST_03122,Carol,Lamb,jstone@example.org,+1-574-488-4674x822,30,Biskra,2024-01-22,Premium,833.0,6802.840000000001,
CUST_03123,Virginia,Martin,alan64@example.com,274-826-5884,29,Sétif,2025-03-30,Standard,840.0,1458.75,
CUST_03124,Rita,Nelson,millerryan@example.org,924-818-1160,55,Constantine,2025-01-31,Basic,602.0,5527.32,
CUST_03125,Andrew,Pace,,(621)368-4720x20631,50,Algiers,2025-08-14,Basic,701.0,13974.67,
CUST_03126,David,Scott,brendaburgess@example.com,3569864296,40,Constantine,2025-03-01,Basic,504.0,3290.1499999999996,
CUST_03127,Lacey,Malone,lindaleonard@example.org,689.670.6044x62037,36,Batna,2024-04-16,Basic,648.0,11664.23,
CUST_03128,Barbara,Jones,mfrazier@example.com,001-521-842-1140x781,35,Sétif,2025-04-30,Standard,483.0,9328.619999999999,
CUST_03129,Carla,Petersen,simpsonjames@example.org,001-942-271-3424,47,Sétif,2024-11-12,Standard,511.0,13152.289999999999,
CUST_03130,Kenneth,Contreras,davidanderson@example.net,316.640.0489x524,24,Annaba,2024-10-10,Premium,832.0,1693.83,
CUST_03131,Kristin,Mosley,roy66@example.org,+1-971-780-1206x335,34,Tlemcen,2024-09-13,Standard,670.0,7156.700000000001,
CUST_03132,Thomas,Nelson,zstewart@example.com,(564)666-7667x491,56,Biskra,2023-03-05,Standard,516.0,6220.09,
CUST_03133,Sabrina,Duran,regina32@example.com,001-822-316-4532x44214,49,Algiers,2022-11-29,Standard,720.0,1467.73,
CUST_03134,Ashley,Lee,copelandmatthew@example.net,298-736-5146,23,Tlemcen,2024-11-11,Standard,757.0,0.0,
CUST_03135,Amanda,Perez,ngomez@example.com,001-200-257-8341,23,Sidi Bel Abbès,2023-12-09,Standard,757.0,13601.94,
CUST_03136,Tanya,Garza,barrettsusan@example.com,251-736-4029x422,29,Tlemcen,2023-10-30,Standard,612.0,23470.49,
CUST_03137,Sherry,Ewing,thomaskatherine@example.org,(959)359-9592x419,51,Sétif,2024-01-14,Standard,806.0,3380.9,
CUST_03138,Marcus,Solis,hpatrick@example.net,417-703-2803,22,Annaba,2024-06-22,Premium,627.0,11671.57,
CUST_03139,Randy,Walter,theresa91@example.com,001-321-365-1481,-1,Blida,2025-07-22,Basic,819.0,4136.88,
CUST_03140,Ricky,Jimenez,nicolaswilson@example.org,802.915.3845x0355,40,Annaba,2023-02-16,Standard,466.0,13322.810000000001,
CUST_03141,Elizabeth,Hernandez,lindastokes@example.org,001-424-334-6662x9136,19,Batna,2023-07-18,Standard,664.0,766.34,
CUST_03142,Joshua,Dalton,hinesaaron@example.com,(512)805-8498x44753,36,Algiers,2022-12-12,Premium,554.0,19090.95,
CUST_03143,Kenneth,Rodriguez,melissalopez@example.org,236.294.1751,55,Sidi Bel Abbès,2024-11-07,Standard,9999.0,7832.87,
CUST_03144,Paul,Nichols,susan48@example.net,986.286.1235,37,Batna,2022-11-16,Standard,639.0,16316.19,
CUST_03145,Lisa,Williams,olsondavid@example.com,+1-485-863-6667x31396,43,Annaba,2023-06-23,Standard,464.0,19772.45,
CUST_03146,barbara,Cook,,(614)435-9393,39,Sidi Bel Abbès,2025-10-27,Standard,772.0,6186.44,
CUST_03147,William,Mcgee,reneepatel@example.net,456-959-6040,25,Blida,2023-10-12,Standard,560.0,6770.8,
CUST_03148,steven,Smith,amy33@example.com,682.599.2442x3506,39,Tlemcen,2023-08-10,Standard,601.0,14076.380000000001,
CUST_03149,Lauren,Estrada,sjohnson@example.org,(638)723-9192x94787,26,Blida,2025-04-11,Standard,674.0,9205.98,
CUST_03150,Robert,Frazier,heathelizabeth@example.net,+1-386-486-5927x9948,36,Tlemcen,2024-10-14,Standard,562.0,2114.4900000000002,
CUST_03151,Kenneth,Maddox,,395-591-1994,42,Sétif,2023-10-04,Standard,594.0,7102.92,
CUST_03152,Erin,Ruiz,wilsonwayne@example.com,901-447-0823x1961,38,Batna,2024-05-26,Standard,598.0,2328.5299999999997,
CUST_03153,Amy,Fleming,grace27@example.org,+1-380-445-5912x8995,28,Oran,2024-10-09,Standard,707.0,9468.099999999999,
CUST_03154,Emily,Woods,karen47@example.com,(936)351-8370x47023,29,Constantine,2023-12-14,Standard,586.0,7559.35,
CUST_03155,Nicholas,Hicks,oconnorderrick@example.org,(681)739-7951x962,42,Constantine,2023-08-29,Standard,568.0,10465.37,
CUST_03156,Michael,Hunter,wthompson@example.com,+1-919-998-8552x292,47,Algiers,2023-05-30,Basic,727.0,9405.08,
CUST_03157,Crystal,Mcguire,michael55@example.com,(320)454-8729,44,TLEMCEN,2024-05-17,Premium,686.0,14974.81,
CUST_03158,Haley,Vega,pwest@example.net,(337)706-3230x017,33,Batna,2025-06-28,Basic,9999.0,14466.7,
CUST_03159,Thomas,Jordan,caitlinbrooks@example.org,(962)215-6748x6374,42,Annaba,2024-10-16,Standard,616.0,8415.97,
CUST_03160,Jason,Long,dcontreras@example.org,(887)717-5840x5318,45,Biskra,2023-11-04,Standard,775.0,13421.580000000002,
CUST_03161,Jacob,Palmer,hmyers@example.com,(274)760-0341,39,Biskra,2025-09-09,Basic,650.0,4824.62,
CUST_03162,Angela,Brock,,771-299-4974,44,Algiers,2024-09-03,Standard,645.0,6631.14,
CUST_03163,Brandon,Adams,brent71@example.net,(753)446-1155,38,Blida,2024-10-01,Standard,579.0,13075.99,
CUST_03164,Kylie,Meza,,330-883-9531,36,Tlemcen,2023-11-01,Standard,585.0,9964.97,
CUST_03165,Grace,Pacheco,linda23@example.com,208-896-0713x76670,37,Algiers,2024-02-24,Standard,611.0,14951.31,
CUST_03166,Sarah,Love,dawsonkeith@example.com,618-632-8401,30,Algiers,2024-03-23,Basic,721.0,9509.57,
CUST_03167,Andrew,Harris,manuelgarcia@example.org,001-624-361-5522x4113,39,Blida,2025-07-01,Premium,692.0,13431.15,
CUST_03168,Madison,Garcia,kdennis@example.org,(758)835-2738x3968,31,Algiers,2025-01-04,Premium,703.0,8517.87,
CUST_03169,Robert,Meadows,,770-393-1957x996,39,Constantine,2025-10-05,Standard,731.0,8692.19,
CUST_03170,John,Burgess,lori94@example.net,607.284.5784,23,Constantine,2025-04-16,Basic,706.0,18751.52,
CUST_03171,Jesus,Castillo,ywilson@example.com,+1-865-302-8601x1837,35,Algiers,2024-05-24,Standard,703.0,2781.61,
CUST_03172,Kristen,Woodard,nealkatelyn@example.com,501.410.4708x44445,37,Batna,2024-01-30,Standard,625.0,32845.03,
CUST_03173,Dennis,Mcpherson,hartkristen@example.org,409-345-2658,42,Sétif,2023-11-21,Standard,600.0,9793.050000000001,
CUST_03174,Christopher,Trujillo,erindelacruz@example.org,6885887641,32,Sidi Bel Abbès,2025-07-21,Standard,748.0,14017.8,
CUST_03175,Gabriel,White,mark69@example.net,+1-431-949-3548x81073,28,SÉTIF,2025-06-13,Standard,538.0,12223.44,
CUST_03176,Sheri,Rosales,youngsusan@example.com,511.502.5375,29,Batna,2025-09-06,Standard,739.0,1684.25,
CUST_03177,Lee,Neal,elizabeth49@example.com,9073467239,30,Oran,2024-06-09,Basic,645.0,7185.02,
CUST_03178,William,Davis,gonzalesmelissa@example.net,4597558704,18,Annaba,2024-12-09,Standard,659.0,4602.950000000001,
CUST_03179,Regina,Sullivan,pmendoza@example.org,(949)466-0702x873,38,Annaba,2024-07-06,Standard,627.0,17245.48,
CUST_03180,Michael,Wilson,darrellphelps@example.net,(629)466-8273x42890,49,Sétif,2024-06-28,Basic,549.0,15770.25,
CUST_03181,Joanna,Carter,ocolon@example.net,+1-368-589-5899x3219,18,Annaba,2025-01-24,Standard,606.0,34637.340000000004,
CUST_03182,Samantha,Evans,mendozamark@example.org,685-664-5044x6240,44,Oran,2024-01-29,Premium,572.0,17446.09,
CUST_03183,Jason,Coleman,state@example.org,300.403.3790x4742,45,Algiers,2024-02-21,Standard,677.0,12882.199999999999,
CUST_03184,Morgan,Foster,monica80@example.net,+1-956-290-2891,27,Biskra,2025-07-03,Standard,811.0,61548.14,
CUST_03185,Wayne,Gonzales,joshuatapia@example.com,630-787-7226x96673,63,Biskra,2024-12-14,Standard,681.0,7957.689999999999,
CUST_03186,Kristin,Beltran,doylejennifer@example.org,458.354.9146x51679,35,Constantine,2024-03-09,Standard,604.0,2933.98,
CUST_03187,Jennifer,Friedman,donald17@example.org,767.609.6837x20164,32,Sidi Bel Abbès,2023-02-05,Standard,531.0,11170.970000000001,
CUST_03188,Jeffery,Wade,haynesjanet@example.org,381-730-0436x256,-1,Annaba,2025-09-21,Standard,682.0,6487.41,
CUST_03189,Dawn,Morrison,,+1-376-224-0466,45,ORAN,2022-12-20,Premium,626.0,6052.43,
CUST_03190,Tanya,Pruitt,armstrongjulia@example.org,(318)693-2986x5366,50,Batna,2022-11-30,Standard,529.0,8892.82,
CUST_03191,Chase,Jones,dhansen@example.org,343.461.2514x261,41,Blida,2023-01-20,Standard,842.0,12070.53,
CUST_03192,Lisa,Moore,christopherdelgado@example.net,+1-933-787-3006x032,48,Sidi Bel Abbès,2023-07-18,Standard,751.0,8584.23,
CUST_03193,Julia,Murray,vdodson@example.net,+1-641-208-9452x0725,18,Annaba,2024-05-07,Standard,561.0,11965.900000000001,
CUST_03194,Jose,Evans,leejoel@example.org,001-684-655-2255,48,Constantine,2023-05-16,Basic,648.0,12883.99,
CUST_03195,Matthew,Delacruz,greenpatricia@example.com,001-732-855-8613x3330,42,Oran,2025-04-14,Premium,697.0,39773.51,
CUST_03196,Courtney,Perez,martinezdiana@example.org,423.367.9082x1352,42,Oran,2023-02-03,Standard,471.0,6531.8,
CUST_03197,Zachary,Johnson,elainewilliams@example.com,001-393-833-0913,35,Algiers,2023-05-08,Standard,563.0,19263.739999999998,
CUST_03198,Michele,Carson,annarussell@example.net,001-581-781-4335x8628,66,Biskra,2025-01-06,Basic,640.0,3893.6800000000003,
CUST_03199,Alan,Irwin,,407.568.7902x44644,31,Batna,2025-09-01,Premium,660.0,20280.75,
CUST_03200,Alyssa,Mercer,rnelson@example.org,001-492-670-2907x542,40,Biskra,2024-08-11,Basic,556.0,2160.9,
CUST_03201,Benjamin,Turner,jfernandez@example.org,(639)215-9658x6681,25,Annaba,2025-05-15,Basic,470.0,9293.789999999999,
CUST_03202,Amber,King,sylvia53@example.com,393.326.3345x708,33,Sidi Bel Abbès,2023-12-10,Standard,605.0,0.0,
CUST_03203,Marisa,Watkins,ttrujillo@example.com,266-958-4908x9571,53,Algiers,2024-01-07,Standard,755.0,18393.49,
CUST_03204,Cody,Melton,garrettlewis@example.net,696-606-5855x22950,29,ANNABA,2024-03-02,Premium,764.0,7495.67,
CUST_03205,Laurie,Nelson,amanda61@example.net,474-857-5768,28,Annaba,2025-04-02,Standard,534.0,2196.25,
CUST_03206,Carmen,Shelton,pruittbianca@example.com,603.865.9077,24,Sidi Bel Abbès,2025-04-17,Basic,825.0,23204.59,
CUST_03207,John,Lee,knightevelyn@example.org,655-801-3334x31727,42,Annaba,2023-02-25,Standard,438.0,2698.59,
CUST_03208,Tiffany,Kelly,andrew26@example.org,+1-701-958-5263x23107,29,Sidi Bel Abbès,2024-05-28,Standard,683.0,16048.13,
CUST_03209,Amy,Barnes,,001-211-386-6827x2634,47,Biskra,2024-07-02,Standard,672.0,3347.91,
CUST_03210,Justin,Gonzales,gsharp@example.net,682-471-5131,38,Biskra,2024-07-18,Standard,658.0,15706.07,
CUST_03211,Donald,Perry,josephpope@example.com,(935)671-8868x35473,48,Batna,2024-03-31,Standard,528.0,1242.38,
CUST_03212,Larry,Schwartz,qlopez@example.net,001-879-931-9807x1233,20,Biskra,2023-03-05,Standard,696.0,15025.07,
CUST_03213,Dustin,Rodriguez,,799.877.0414,56,Oran,2023-07-07,Standard,493.0,7302.46,
CUST_03214,Joseph,Hernandez,anna06@example.org,(287)275-5484,47,Blida,2023-04-25,Standard,596.0,11459.289999999999,
CUST_03215,Linda,Bray,hgarza@example.net,476-901-9666x79399,30,Biskra,2024-11-18,Premium,667.0,7972.7,
CUST_03216,James,Little,parrishjanet@example.com,001-289-909-7892,46,Tlemcen,2024-05-25,Basic,769.0,12321.060000000001,
CUST_03217,Jimmy,Cantrell,,001-836-924-0831x95264,29,Blida,2025-06-27,Basic,747.0,5804.21,
CUST_03218,Sara,Jenkins,jessicafranco@example.org,+1-750-754-6788x4880,34,Blida,2024-04-20,Standard,704.0,9570.64,
CUST_03219,Henry,Johnson,jeffreyyates@example.org,+1-671-442-4388x01372,43,Biskra,2024-07-09,Standard,627.0,6126.5599999999995,
CUST_03220,Kenneth,Johnson,alawson@example.com,338.753.7512x2072,28,Tlemcen,2024-11-25,Standard,545.0,7954.3,
CUST_03221,Cynthia,Williams,lsmith@example.org,870-632-1337x800,24,Algiers,2024-09-17,Standard,721.0,28729.010000000002,
CUST_03222,Robert,Duke,ashleyhall@example.com,350-579-3200x82244,41,Algiers,2024-09-30,Standard,404.0,5871.69,
CUST_03223,Megan,Smith,louis70@example.com,793-364-0641,23,Oran,2024-05-23,Standard,509.0,20834.9,
CUST_03224,Hunter,Roberts,emilymelton@example.net,001-495-701-0232x3213,39,Biskra,2025-07-18,Standard,668.0,7848.389999999999,
CUST_03225,Justin,Lopez,loganjackson@example.org,001-449-316-1019x953,43,Algiers,2023-11-07,Standard,706.0,3461.06,
CUST_03226,Timothy,May,lisachase@example.net,+1-914-335-1941,35,Sidi Bel Abbès,2024-01-31,Basic,780.0,8206.91,
CUST_03227,Andrew,Rodriguez,rodriguezjoshua@example.org,001-216-870-1410x4882,26,Blida,2024-11-09,Standard,9999.0,11507.06,
CUST_03228,Omar,Thomas,sotochristina@example.org,+1-427-236-5293x9725,25,Batna,2024-01-01,Premium,503.0,1378.13,
CUST_03229,Robert,Cross,beardronald@example.org,(779)944-0130,18,Constantine,2023-10-30,Premium,837.0,6524.83,
CUST_03230,James,Wong,kylemccoy@example.com,9738068688,24,Oran,2024-08-02,Basic,606.0,8440.31,
CUST_03231,Sheri,Bryan,lorithomas@example.net,(740)240-2616x684,52,Oran,2023-10-27,Premium,653.0,6120.18,
CUST_03232,Ryan,Delgado,matthewfernandez@example.net,490-960-4598,21,Biskra,2023-01-22,Standard,618.0,1366.96,
CUST_03233,Rachel,Daugherty,elizabeth64@example.net,001-571-672-9126x98153,25,Batna,2023-07-16,Standard,766.0,13860.66,
CUST_03234,Amy,Meyers,carrdevon@example.net,288.733.1020x852,29,Sétif,2023-08-22,Standard,772.0,10982.92,
CUST_03235,Christina,Smith,jonathanwilliams@example.net,(265)695-1974x395,40,Blida,2025-02-13,Standard,602.0,23412.510000000002,
CUST_03236,Wendy,Fields,michelle92@example.net,4955455491,37,Oran,2025-05-14,Premium,637.0,2629.44,
CUST_03237,Linda,Oneal,sarah94@example.com,(928)632-9958,19,Constantine,2024-03-06,Standard,454.0,10470.919999999998,
CUST_03238,Suzanne,Mccullough,afigueroa@example.com,+1-555-409-4786x416,29,Biskra,2024-11-15,Standard,601.0,9711.26,
CUST_03239,Bryan,Bright,jennifer92@example.com,521-318-9462,23,Oran,2024-03-01,Basic,698.0,923.66,
CUST_03240,Patricia,Wood,peter63@example.org,8436359015,53,Algiers,2024-03-28,Premium,839.0,7813.2,
CUST_03241,Paula,Diaz,jennifer94@example.org,767-935-9283x962,40,Sidi Bel Abbès,2023-08-26,Standard,583.0,17120.46,
CUST_03242,Craig,Long,xknapp@example.com,+1-865-376-4063x36558,25,Sidi Bel Abbès,2023-03-18,Standard,766.0,4100.2,
CUST_03243,Brian,Hudson,ystevens@example.net,692.549.6234,31,Sétif,2024-08-31,Premium,601.0,4409.77,
CUST_03244,george,Kerr,cooperjacob@example.net,579.547.7417,30,Annaba,2024-02-09,Basic,757.0,5572.64,
CUST_03245,Shelley,Wilson,,(605)234-5035x8165,45,Sétif,2023-03-11,Standard,743.0,27954.78,
CUST_03246,Meghan,Reyes,hbennett@example.net,(876)846-0363x242,32,Constantine,2023-04-18,Basic,791.0,13187.27,
CUST_03247,Corey,Howell,christopherwalker@example.com,001-956-467-3906x0727,18,Annaba,2024-02-08,Standard,679.0,610.5,
CUST_03248,Jennifer,Jenkins,stephen66@example.com,001-671-664-0226x123,22,Batna,2025-01-16,Basic,696.0,18582.83,
CUST_03249,Grant,Norris,gibsonjoseph@example.net,(761)948-1099,18,Biskra,2025-04-14,Standard,517.0,4696.78,
CUST_03250,Tamara,Sanchez,henryalexander@example.net,515.266.7053,-1,Biskra,2025-03-17,Basic,655.0,11486.74,
CUST_03251,Christopher,Nichols,kbrown@example.com,001-524-298-9569x110,41,Biskra,2025-05-11,Standard,534.0,7462.75,
CUST_03252,Brianna,Baxter,slewis@example.net,001-804-504-4161x66130,30,Batna,2023-09-19,Standard,584.0,9589.77,
CUST_03253,Michael,Berry,zdavis@example.org,680-288-0574x9875,34,Constantine,2023-10-06,Standard,850.0,0.0,
CUST_03254,Brittany,Shaw,serranoamanda@example.net,001-927-593-5444x58905,28,Algiers,2025-09-30,Standard,673.0,22352.04,
CUST_03255,Brittany,Burke,randymiranda@example.net,(778)324-5663x630,31,Constantine,2024-05-31,Standard,585.0,0.0,
CUST_03256,Christopher,Gonzalez,bwilliamson@example.org,573-833-8568,44,Tlemcen,2025-02-26,Premium,626.0,7105.099999999999,
CUST_03257,Mathew,Williams,leonmark@example.org,001-434-331-6292x356,20,Annaba,2023-08-26,Standard,828.0,13757.769999999999,
CUST_03258,James,Wood,ydavis@example.org,8572492138,57,Sétif,2024-05-17,Premium,609.0,29220.93,
CUST_03259,Alyssa,Hayes,kristinalvarado@example.com,2249564531,28,Sétif,2024-10-12,Basic,629.0,3150.06,
CUST_03260,Jacqueline,Woods,,5896674435,18,BATNA,2025-09-21,Standard,720.0,8814.18,
CUST_03261,Sarah,Mora,hhaynes@example.com,+1-363-436-0610x1323,37,Annaba,2022-12-05,Standard,631.0,5287.65,
CUST_03262,pamela,Crawford,cgordon@example.org,5816690350,18,Constantine,2022-12-30,Standard,624.0,2252.06,
CUST_03263,Dustin,Ball,jessica04@example.org,685-511-6883x9211,23,Sétif,2024-05-08,Standard,541.0,3756.7,
CUST_03264,Michael,Hayes,teresapaul@example.com,(967)266-8293x0073,29,Annaba,2025-07-26,Standard,738.0,10891.869999999999,
CUST_03265,Susan,Norton,melanie43@example.net,+1-450-588-2570x44554,22,BATNA,2024-10-06,Standard,781.0,8171.85,
CUST_03266,Amber,Mendoza,george09@example.com,580.254.7948,18,Oran,2024-06-05,Basic,850.0,4071.02,
CUST_03267,Maria,Carson,ingramtaylor@example.net,293.298.5676,40,Blida,2023-05-29,Basic,741.0,25749.9,
CUST_03268,Bill,Robertson,vchristensen@example.com,001-989-343-3805x3634,48,Sétif,2024-05-07,Standard,765.0,7002.86,
CUST_03269,Billy,Norman,zpearson@example.net,4546452925,38,Tlemcen,2023-03-09,Basic,715.0,4483.46,
CUST_03270,Amy,Hansen,mark21@example.net,393.610.5876x86946,42,Oran,2024-01-07,Premium,533.0,4968.03,
CUST_03271,Jessica,Brown,stanleyrachel@example.net,841.505.6632x624,27,Algiers,2023-05-28,Standard,536.0,6670.540000000001,
CUST_03272,Katrina,Solomon,adaniels@example.com,857.286.6673,34,Annaba,2025-08-17,Basic,684.0,15842.420000000002,
CUST_03273,Michelle,Rodriguez,joshuahoffman@example.org,(847)599-8441x851,40,Constantine,2024-04-22,Basic,686.0,34178.6,
CUST_03274,Robert,Thomas,dixonruth@example.com,205-696-0233,35,Sidi Bel Abbès,2024-12-27,Standard,702.0,3876.8900000000003,
CUST_03275,John,Bradshaw,davidlee@example.com,381-316-2596x97185,50,Blida,2024-11-15,Standard,507.0,7710.150000000001,
CUST_03276,Victoria,Alexander,reyesdarren@example.com,+1-338-409-6278x611,18,Biskra,2023-07-22,Basic,763.0,6231.889999999999,
CUST_03277,Jennifer,Mejia,benjamin26@example.net,001-608-235-8897x435,20,Biskra,2025-03-31,Premium,551.0,9600.54,
CUST_03278,Kimberly,Dunn,melanieevans@example.com,+1-849-828-7675x6753,-1,Biskra,2024-05-31,Standard,820.0,12707.91,
CUST_03279,Larry,Peterson,karipetersen@example.net,613-637-3326x4081,39,Blida,2024-07-19,Basic,749.0,6700.58,
CUST_03280,Suzanne,Tate,andrewphillips@example.com,959.891.9215,30,Blida,2024-12-23,Premium,678.0,11231.24,
CUST_03281,Jennifer,Wilcox,annehamilton@example.org,2528870019,38,Constantine,2025-10-31,Basic,836.0,8146.18,
CUST_03282,Ronald,Mullins,rebeccajones@example.net,(825)462-4437,25,Tlemcen,2025-09-20,Standard,690.0,8382.93,
CUST_03283,Jennifer,Hardin,wbarnes@example.com,(766)770-3707x010,48,Sidi Bel Abbès,2025-03-12,Standard,630.0,1911.41,
CUST_03284,Michael,Kerr,tonyarowe@example.com,+1-743-871-1718,34,Tlemcen,2023-03-09,Premium,746.0,5639.95,
CUST_03285,Bryan,Ball,masontony@example.com,615.289.1862x39378,37,Biskra,2024-10-22,Basic,704.0,3976.88,
CUST_03286,Carlos,Cox,cooperrichard@example.org,001-710-200-4719x40656,42,Algiers,2023-06-12,Standard,587.0,19975.010000000002,
CUST_03287,Sean,Smith,egamble@example.com,(839)410-2742x37837,28,Annaba,2023-03-13,Basic,724.0,4358.4800000000005,
CUST_03288,Mikayla,Hill,keyteresa@example.com,+1-205-362-9266x92362,-1,Annaba,2023-09-24,Standard,528.0,8982.3,
CUST_03289,Misty,King,bkim@example.org,001-898-762-8118x031,18,Annaba,2023-12-16,Standard,,13810.68,
CUST_03290,Cesar,Singh,emilywright@example.net,378-588-2459x1987,29,Annaba,2024-07-26,Standard,622.0,3832.29,
CUST_03291,Kristin,Hernandez,angelamoore@example.org,+1-627-654-1387x055,31,Algiers,2025-04-03,Standard,628.0,7861.27,
CUST_03292,Matthew,Phillips,michael24@example.org,369.607.0249,21,Oran,2022-11-25,Premium,749.0,26319.86,
CUST_03293,Terry,Garcia,apalmer@example.com,001-953-760-0454x57942,32,Annaba,2024-04-05,Standard,481.0,5022.23,
CUST_03294,Shawn,Martin,ssweeney@example.net,(837)724-4497x122,26,Oran,2023-09-25,Standard,683.0,1919.0,
CUST_03295,Pam,Mosley,charper@example.org,001-412-958-5340,33,Algiers,2024-05-21,Premium,648.0,7596.51,
CUST_03296,Barbara,Young,bjohnson@example.net,801-537-4896x782,18,Sidi Bel Abbès,2024-01-02,Standard,850.0,11402.93,
CUST_03297,David,Sanders,riverasabrina@example.net,+1-231-780-4479x405,49,Oran,2023-11-12,Basic,718.0,13490.829999999998,
CUST_03298,Joshua,Smith,,(370)961-0500,18,Oran,2025-10-13,Standard,753.0,5476.45,
CUST_03299,Christine,Cox,ghernandez@example.com,340.389.8847x9753,24,BATNA,2025-01-28,Basic,722.0,19462.95,
CUST_03300,Kelly,Blackburn,fisherjason@example.org,001-998-628-8367x009,-1,ORAN,2025-05-31,Premium,581.0,5379.83,
CUST_03301,Andrea,Perry,kaylamcdaniel@example.net,757.919.8872x3075,45,Biskra,2024-01-31,Premium,649.0,3098.6,
CUST_03302,Debra,Gray,craig30@example.org,001-993-422-0646x2066,46,Tlemcen,2025-10-13,Premium,650.0,2344.6,
CUST_03303,John,Deleon,jennifer02@example.net,001-229-563-8026x492,47,Oran,2023-11-26,Standard,646.0,21012.160000000003,
CUST_03304,Courtney,Martin,ystewart@example.net,577-829-2578,44,Annaba,2025-10-20,Basic,678.0,11134.61,
CUST_03305,Amanda,Anderson,nguyenjeffrey@example.com,(560)201-1812,37,Sidi Bel Abbès,2023-07-02,Basic,701.0,40744.38,
CUST_03306,Alicia,Summers,michaelcharles@example.org,(212)343-6521,28,Algiers,2024-03-11,Standard,722.0,42229.39,
CUST_03307,Danielle,Cook,swansonjane@example.org,001-291-719-7158,56,Oran,2023-02-11,Standard,850.0,3685.26,
CUST_03308,Heather,Hood,andrew41@example.org,(250)411-2875,26,Sétif,2024-04-07,Standard,579.0,3175.73,
CUST_03309,Bob,Knight,asanchez@example.com,+1-791-349-3719x104,31,Blida,2023-03-26,Standard,595.0,32672.550000000003,
CUST_03310,Patrick,Medina,frenchlouis@example.com,709-358-3483,-1,Constantine,2024-04-07,Standard,682.0,2243.67,
CUST_03311,Nancy,Yu,kevindillon@example.net,+1-905-523-3475x091,55,Batna,2025-01-21,Standard,592.0,39010.03000000001,
CUST_03312,James,Lucas,megan58@example.com,781.918.5577x17077,33,Sétif,2025-11-08,Premium,526.0,2152.34,
CUST_03313,Ryan,Anderson,zjones@example.net,(810)442-0307x3538,28,Biskra,2023-01-22,Basic,850.0,1532.2099999999998,
CUST_03314,Cindy,Benjamin,smithsteven@example.net,+1-561-669-0085,62,Sidi Bel Abbès,2023-11-05,Standard,638.0,14503.329999999998,
CUST_03315,Bruce,Gonzales,greensara@example.org,001-394-346-9266x26395,30,Annaba,2024-06-19,Standard,721.0,1999.02,
CUST_03316,Sandra,Lopez,stacy55@example.org,001-792-877-7713,54,Oran,2025-08-13,Standard,603.0,13293.58,
CUST_03317,Philip,Brown,dansanchez@example.net,+1-578-271-8797x8929,22,Tlemcen,2023-01-14,Basic,564.0,4414.13,
CUST_03318,Kimberly,Lynn,lorispencer@example.org,8908625094,45,Sétif,2022-11-16,Basic,729.0,9895.48,
CUST_03319,Nicole,Grimes,bblack@example.org,(952)288-9737x840,18,Blida,2025-07-07,Basic,581.0,12829.92,
CUST_03320,Bonnie,Thompson,lynn61@example.com,523.279.7309x053,18,Oran,2024-11-21,Standard,767.0,21563.83,
CUST_03321,Ethan,Martinez,bcampbell@example.com,855.702.3137x44715,41,Algiers,2023-07-09,Basic,653.0,2230.73,
CUST_03322,Thomas,Morris,smithjonathan@example.net,282.468.2012,33,Oran,2025-08-05,Standard,713.0,13637.08,
CUST_03323,Lindsay,Sullivan,brandonhopkins@example.net,001-767-295-7571x86972,37,Algiers,2024-03-04,Standard,538.0,13277.77,
CUST_03324,Caitlin,Sanchez,sharon87@example.net,+1-994-592-3151x1081,38,Oran,2025-11-07,Basic,635.0,2537.02,
CUST_03325,Mark,Ellis,garzajames@example.com,(817)365-8818x83760,20,Sidi Bel Abbès,2023-02-04,Standard,646.0,27237.98,
CUST_03326,Stephanie,Peterson,mcclainmax@example.com,001-239-517-8264,42,Blida,2025-08-28,Basic,636.0,11430.25,
CUST_03327,Joshua,Clark,whitezachary@example.com,001-859-891-0877x175,18,Annaba,2023-10-21,Basic,715.0,14673.2,
CUST_03328,Bonnie,Cameron,ryankathleen@example.org,(500)973-8654,55,Algiers,2023-03-07,Standard,529.0,14102.34,
CUST_03329,David,Long,aliciastevens@example.org,(949)976-1934,45,Sétif,2022-12-29,Standard,520.0,22153.3,
CUST_03330,Jeffrey,Johnson,xanderson@example.org,415-471-8265,52,Sidi Bel Abbès,2023-03-20,Premium,821.0,21374.15,
CUST_03331,Albert,Moreno,bhenderson@example.com,(958)540-4291x03749,35,Sétif,2023-10-06,Premium,648.0,4674.9,
CUST_03332,Robert,Cherry,madelinepark@example.com,+1-387-364-1557x213,31,Annaba,2024-08-11,Premium,608.0,4262.37,
CUST_03333,Nicholas,Lowery,jacksonlauren@example.org,001-376-572-2071,36,Batna,2022-12-12,Standard,616.0,10077.46,
CUST_03334,darlene,Perez,wgutierrez@example.net,994-592-7836x7744,40,Constantine,2025-09-26,Basic,9999.0,13209.86,
CUST_03335,Martin,Wilson,stephanie54@example.net,001-968-947-2760x41281,20,Oran,2024-04-27,Standard,800.0,2942.82,
CUST_03336,Paul,Willis,joseph28@example.org,001-463-724-7004,20,Batna,2025-09-06,Basic,714.0,266.3,
CUST_03337,jennifer,Nelson,kdodson@example.org,8734168080,63,Blida,2023-04-15,Basic,663.0,13026.11,
CUST_03338,Christine,Burke,emyers@example.com,929.799.8391,20,Tlemcen,2024-08-01,Standard,554.0,167.45000000000002,
CUST_03339,Michael,Moreno,silvadeborah@example.net,882-946-4118x8034,43,Algiers,2024-12-20,Standard,732.0,8704.74,
CUST_03340,Roberto,Potter,amberbaker@example.org,410.463.7072x18508,30,Sétif,2023-01-22,Standard,596.0,9837.82,
CUST_03341,John,Williams,peter98@example.com,+1-701-275-2400x175,25,Blida,2024-08-21,Premium,665.0,10952.03,
CUST_03342,John,Cole,robertsedward@example.com,401.353.3879x2839,27,Constantine,2025-05-02,Basic,565.0,12686.49,
CUST_03343,Wayne,Martinez,riossusan@example.com,+1-500-974-3262x8432,29,Sétif,2022-12-27,Standard,779.0,8060.1,
CUST_03344,Jessica,Jefferson,nicholas29@example.com,524-572-2264x728,30,Annaba,2023-10-11,Standard,654.0,6540.2699999999995,
CUST_03345,Joel,Chen,mejiasandra@example.net,722.527.5617,-1,Blida,2024-11-28,Standard,771.0,23345.88,
CUST_03346,Emily,Jones,nrobinson@example.net,001-818-519-2424x129,49,Batna,2025-04-18,Standard,793.0,6694.260000000001,
CUST_03347,Travis,Martin,edwardhodges@example.org,001-574-898-0092,42,Sidi Bel Abbès,2024-03-06,Standard,786.0,20724.25,
CUST_03348,Michael,Miller,matthew94@example.com,542-597-3726x832,48,Blida,2024-06-18,Basic,676.0,0.0,
CUST_03349,James,Nunez,veronica73@example.com,+1-751-539-3116,45,Oran,2023-04-20,Premium,749.0,9954.92,
CUST_03350,Samantha,King,nneal@example.com,557.505.7171x591,35,Annaba,2023-07-24,Basic,804.0,7996.58,
CUST_03351,randall,Barton,matthew13@example.com,001-484-410-3411x37320,34,ALGIERS,2023-02-10,Standard,637.0,8194.27,
CUST_03352,Sherri,Perez,melissamccoy@example.org,(686)886-6307x0996,51,Annaba,2025-08-18,Basic,490.0,18335.89,
CUST_03353,Kaitlyn,Hicks,bedwards@example.net,292-499-5911,30,Tlemcen,2025-09-02,Standard,694.0,8428.17,
CUST_03354,Kevin,Santos,luisochoa@example.org,(875)532-9694,33,Constantine,2023-01-11,Basic,615.0,4334.11,
CUST_03355,Sara,Anthony,abbottmary@example.org,823.896.9118,40,Blida,2025-07-07,Premium,690.0,12457.01,
CUST_03356,Kathy,Pollard,christopher64@example.net,001-846-259-2396x59782,34,Algiers,2024-06-11,Premium,775.0,10858.74,
CUST_03357,Adam,Gibson,jacobbutler@example.net,6889843913,19,Annaba,2023-03-20,Basic,597.0,7998.96,
CUST_03358,Nicole,Smith,jason88@example.net,+1-393-812-9044x28236,63,ALGIERS,2025-02-26,Basic,648.0,10557.51,
CUST_03359,Andrew,Montes,,+1-238-921-2101x5106,30,Biskra,2023-10-09,Basic,782.0,9491.79,
CUST_03360,Timothy,Johnson,hollyperkins@example.net,666.431.0094x531,37,Constantine,2025-08-10,Standard,698.0,7158.43,
CUST_03361,Patrick,Paul,frankmiller@example.com,001-625-607-6233x27509,59,Blida,2024-05-28,Standard,749.0,3476.3900000000003,
CUST_03362,Christopher,Villa,julie36@example.org,961-568-7630,45,Sidi Bel Abbès,2023-05-09,Standard,629.0,13668.32,
CUST_03363,Mary,Sandoval,qwatson@example.net,363.291.7013,39,Constantine,2024-07-27,Standard,743.0,14226.95,
CUST_03364,Madison,Peters,glenchambers@example.org,+1-658-362-3422x34226,42,Algiers,2023-03-25,Standard,810.0,9011.68,
CUST_03365,Cynthia,Benton,jamessmith@example.com,(557)676-0612x5174,40,Constantine,2023-03-28,Basic,649.0,3389.04,
CUST_03366,Amber,Young,helenbradley@example.org,001-916-696-4668x026,24,Biskra,2023-11-25,Standard,628.0,12131.43,
CUST_03367,Crystal,Garcia,talvarado@example.net,(412)847-6859x76646,42,Batna,2024-08-28,Basic,494.0,7338.960000000001,
CUST_03368,Patricia,Montes,andreamoore@example.com,001-546-694-8254x576,29,Blida,2025-04-19,Standard,670.0,18577.85,
CUST_03369,Elizabeth,Osborn,williamsjames@example.net,(683)852-8137x2420,26,Batna,2023-07-19,Standard,606.0,7442.629999999999,
CUST_03370,Nancy,Moore,vfields@example.com,(467)279-8300,35,Annaba,2022-12-24,Basic,850.0,8925.86,
CUST_03371,James,Williams,bford@example.net,6122153238,36,Tlemcen,2024-09-12,Standard,555.0,4604.099999999999,
CUST_03372,Mitchell,Smith,,+1-610-663-1985,50,Biskra,2023-01-10,Standard,532.0,2746.56,
CUST_03373,Paul,Stafford,bnelson@example.org,+1-990-565-1651x2654,40,Sidi Bel Abbès,2022-12-22,Standard,641.0,7621.67,
CUST_03374,Frank,Santos,david23@example.net,278.870.0098x545,34,TLEMCEN,2023-06-24,Premium,795.0,16747.81,
CUST_03375,Matthew,Wells,elizabethrobertson@example.net,823-454-3360,32,ALGIERS,2023-06-26,Basic,704.0,2700.93,
CUST_03376,Tiffany,Brown,sotoantonio@example.org,936.268.0316x9760,42,Blida,2025-07-21,Standard,644.0,5873.65,
CUST_03377,Dawn,Johnson,matthew31@example.net,001-849-334-4991,42,Batna,2024-09-18,Standard,720.0,4420.25,
CUST_03378,Jacob,Hansen,robertthompson@example.com,257-541-9450x89066,18,Sétif,2023-07-25,Standard,770.0,1574.08,
CUST_03379,Alexander,Brewer,fwiley@example.com,001-731-433-3634,24,Biskra,2022-12-16,Standard,596.0,18696.6,
CUST_03380,Elizabeth,Lopez,rscott@example.com,716.349.4615x28681,-1,Batna,2024-02-07,Standard,724.0,8513.710000000001,
CUST_03381,Kevin,Potter,lvazquez@example.com,001-417-790-6081,50,Sidi Bel Abbès,2025-06-06,Basic,602.0,20942.67,
CUST_03382,Philip,Moore,stephaniebaker@example.net,001-871-747-0675,57,Algiers,2025-10-20,Basic,641.0,7632.02,
CUST_03383,Linda,Rowe,whitedaniel@example.net,001-879-776-4704x8601,26,Sétif,2023-01-27,Standard,9999.0,12359.4,
CUST_03384,Lance,Jenkins,robert95@example.org,(351)662-8026,44,Constantine,2025-08-14,Standard,609.0,3970.01,
CUST_03385,Lisa,Morse,victor69@example.com,551.736.8194x80446,27,Biskra,2025-09-30,Standard,846.0,12516.5,
CUST_03386,Lori,Mcgee,sarahcole@example.org,+1-717-614-1121x290,40,Oran,2024-08-12,Standard,602.0,8341.279999999999,
CUST_03387,James,Myers,nicholaswyatt@example.net,313.449.4607,24,TLEMCEN,2023-11-17,Standard,455.0,6492.16,
CUST_03388,Patricia,Anderson,,(393)711-4231,37,Blida,2024-04-24,Standard,499.0,10258.880000000001,
CUST_03389,Patricia,Holt,scottclaire@example.net,+1-698-583-1206x05395,37,Constantine,2025-07-30,Standard,622.0,0.0,
CUST_03390,Joshua,Skinner,noblemary@example.net,001-393-687-8843x10749,29,Biskra,2024-03-20,Standard,733.0,13770.83,
CUST_03391,Marissa,White,adamsmith@example.org,5184870698,40,Tlemcen,2023-04-22,Standard,497.0,4772.34,
CUST_03392,Joseph,Miller,,968-707-3281,42,Algiers,2024-03-24,Standard,664.0,22079.18,
CUST_03393,Edward,Gordon,jordanrebecca@example.com,+1-305-865-5340x0267,58,Oran,2024-03-24,Basic,542.0,1119.3,
CUST_03394,Lauren,Wallace,emmafoley@example.com,431-361-1869x814,18,Biskra,2023-12-22,Standard,564.0,11345.96,
CUST_03395,Henry,Noble,donovannatasha@example.net,892-829-4689x761,45,Oran,2023-03-19,Premium,554.0,6083.74,
CUST_03396,Nathan,Johnson,davisandrew@example.net,(707)937-8665,45,Oran,2024-09-08,Premium,850.0,5923.5599999999995,
CUST_03397,Tracie,Rivera,ashleylee@example.org,+1-438-765-1767x3727,37,Tlemcen,2025-04-05,Standard,688.0,0.0,
CUST_03398,Anthony,Dunlap,cheyenne31@example.org,001-415-610-0999x12998,18,Biskra,2025-08-23,Standard,683.0,8553.970000000001,
CUST_03399,Ryan,Robinson,davisjames@example.com,907.771.0912x04593,31,Tlemcen,2025-08-07,Basic,737.0,10664.07,
CUST_03400,Nicholas,Boyd,marco54@example.com,+1-519-966-2300,21,Annaba,2024-01-14,Premium,578.0,12748.57,
CUST_03401,Steven,Berg,timothy08@example.org,618-607-7833x68261,38,SÉTIF,2023-08-28,Standard,602.0,15911.2,
CUST_03402,Kimberly,Kelly,shane31@example.org,9267689742,21,Sidi Bel Abbès,2025-09-01,Standard,521.0,17934.13,
CUST_03403,Joshua,Larson,thompsonnathan@example.org,+1-216-353-9794x474,27,Batna,2024-07-08,Premium,700.0,14904.619999999999,
CUST_03404,Robert,Walls,sara27@example.org,(345)428-3240x230,23,Constantine,2025-07-04,Standard,471.0,15701.460000000001,
CUST_03405,Julie,Campbell,vgarcia@example.com,4102239414,33,Algiers,2025-06-30,Basic,827.0,8293.4,
CUST_03406,Kevin,Martinez,qpetersen@example.net,+1-819-928-3249x5110,-1,ALGIERS,2024-11-29,Standard,9999.0,22969.38,
CUST_03407,Gregory,Phillips,jonesrobert@example.net,947.687.7629,38,Sétif,2024-03-09,Basic,657.0,7179.46,
CUST_03408,Jason,Smith,xthomas@example.net,882.619.2790x0684,37,Constantine,2024-06-18,Premium,534.0,15158.240000000002,
CUST_03409,Stefanie,Turner,mcantu@example.net,(787)831-1135x492,47,Sidi Bel Abbès,2023-09-08,Standard,691.0,11931.449999999999,
CUST_03410,Ricky,Benton,larry31@example.org,(481)556-1368,46,Annaba,2025-10-18,Standard,567.0,6744.32,
CUST_03411,Jenny,Dean,ericksontina@example.org,946.374.0724x80187,40,Sidi Bel Abbès,2025-08-25,Premium,687.0,9489.72,
CUST_03412,samantha,Fernandez,angela52@example.com,511.452.7507x361,51,Algiers,2023-10-10,Premium,561.0,34074.97,
CUST_03413,Lauren,Combs,,(928)519-7991x1130,32,Sétif,2024-01-10,Standard,677.0,9862.57,
CUST_03414,Lauren,Hampton,hellis@example.net,396.697.8162x667,49,Oran,2024-03-01,Standard,577.0,11273.77,
CUST_03415,Amy,Russell,,321.927.1215,18,Algiers,2024-09-06,Standard,9999.0,10444.11,
CUST_03416,Richard,Hernandez,danielpatterson@example.org,999-628-4267x861,45,Algiers,2023-11-02,Standard,600.0,17041.54,
CUST_03417,Amber,Buckley,andersonricky@example.org,001-968-373-7014x4987,37,Batna,2024-06-10,Standard,667.0,3477.9100000000003,
CUST_03418,Michele,Franklin,katherinekent@example.com,+1-312-959-8339,37,Tlemcen,2023-07-04,Standard,9999.0,6877.77,
CUST_03419,Walter,Escobar,erik51@example.org,001-826-710-9128x2775,36,Annaba,2024-09-07,Standard,846.0,10519.95,
CUST_03420,Laura,Warner,opatterson@example.net,332.664.2667x730,18,Constantine,2025-04-28,Premium,672.0,0.0,
CUST_03421,Matthew,Taylor,john07@example.org,001-262-776-6478x486,46,Sétif,2023-08-14,Standard,743.0,0.0,
CUST_03422,Tara,Perez,moralesphillip@example.org,001-229-372-9451x3560,33,Blida,2025-04-02,Standard,688.0,12294.64,
CUST_03423,Alexis,Spencer,hensoncourtney@example.net,001-750-636-3262x3750,18,Annaba,2023-04-29,Standard,9999.0,2216.19,
CUST_03424,Jack,Barnes,timothyhill@example.com,001-924-206-8375x945,18,Constantine,2023-07-04,Premium,694.0,22959.679999999997,
CUST_03425,Andrew,Little,williamsmark@example.com,9067741586,34,Constantine,2023-09-22,Standard,662.0,7659.280000000001,
CUST_03426,Andrew,Herrera,mary55@example.org,657.364.4963x921,51,Tlemcen,2024-01-18,Standard,651.0,31895.160000000003,
CUST_03427,Gabriel,Hill,mathewskatie@example.com,(845)719-1600x222,45,Sétif,2024-05-05,Standard,762.0,2857.74,
CUST_03428,Caitlyn,Moore,otaylor@example.com,001-817-381-4808x965,38,Blida,2024-02-01,Standard,591.0,22844.61,
CUST_03429,Edwin,Nixon,holtmelanie@example.org,+1-268-675-7412x28767,30,BLIDA,2023-10-15,Standard,745.0,16218.7,
CUST_03430,Thomas,Jones,qcunningham@example.org,490.540.8086,44,Batna,2025-01-17,Standard,585.0,9094.48,
CUST_03431,Mark,Olson,jack09@example.org,591-721-2595,24,Annaba,2024-10-01,Standard,698.0,9971.76,
CUST_03432,Jennifer,Roberts,michelleperry@example.net,(206)485-6609,44,Biskra,2024-07-04,Standard,492.0,7225.889999999999,
CUST_03433,Laura,Jones,espinozadana@example.org,450-926-1554,41,Sidi Bel Abbès,2024-11-16,Basic,756.0,8271.619999999999,
CUST_03434,Christopher,Nelson,collinsmichael@example.net,+1-276-646-8809,38,Tlemcen,2024-12-11,Premium,625.0,1912.47,
CUST_03435,Eric,Johnson,,364-613-7281x1223,23,Blida,2024-07-16,Standard,567.0,17976.92,
CUST_03436,Richard,Perez,lgordon@example.net,254-785-9975x26570,65,Sétif,2023-04-13,Basic,662.0,10781.279999999999,
CUST_03437,Holly,Campbell,natashalloyd@example.net,+1-708-811-6096x2939,31,Oran,2023-06-13,Basic,661.0,7582.37,
CUST_03438,Christopher,Mcguire,orradrian@example.com,292-912-0969x860,18,Sidi Bel Abbès,2025-05-25,Standard,663.0,4986.040000000001,
CUST_03439,Mark,Frost,michael56@example.org,001-939-747-6469x145,18,Tlemcen,2025-05-09,Basic,550.0,14658.07,
CUST_03440,Molly,Alvarado,rileydavid@example.net,+1-209-559-9056,52,Constantine,2024-01-13,Standard,718.0,19410.95,
CUST_03441,Michelle,Sullivan,jessicapeterson@example.org,5315530870,59,Algiers,2025-05-29,Basic,831.0,14540.519999999999,
CUST_03442,Francis,Jenkins,,(988)470-6410x80910,18,Tlemcen,2024-09-15,Premium,540.0,18581.07,
CUST_03443,Ryan,Jackson,kayla85@example.com,357-903-4349,43,Oran,2024-11-08,Standard,646.0,6782.08,
CUST_03444,Brian,Delgado,lisa05@example.net,734.294.3747,18,Sétif,2023-06-28,Standard,599.0,4873.79,
CUST_03445,Rachel,Rosario,annevillarreal@example.net,(386)736-9341,20,Constantine,2023-12-07,Premium,580.0,7437.219999999999,
CUST_03446,Joseph,Garcia,dgomez@example.com,433-805-4069x6514,18,Biskra,2023-05-24,Standard,611.0,665.93,
CUST_03447,Donald,Russell,sabrinawright@example.org,001-722-741-1771,20,Annaba,2024-02-25,Premium,480.0,8325.21,
CUST_03448,Tracy,Rodriguez,kleon@example.org,852-219-2693,26,Tlemcen,2024-08-17,Standard,562.0,14537.44,
CUST_03449,Benjamin,Lee,michael31@example.org,698.368.8635,23,Constantine,2023-07-16,Standard,823.0,9203.35,
CUST_03450,Emily,Kennedy,nicholas74@example.com,777.809.6422,34,Annaba,2024-05-22,Basic,601.0,8590.05,
CUST_03451,Michael,Hamilton,danielbrown@example.net,644-223-8145,30,Annaba,2023-04-12,Basic,520.0,3284.07,
CUST_03452,Jennifer,Garcia,ryan22@example.com,(392)327-1920x744,18,Blida,2024-11-19,Basic,655.0,10889.26,
CUST_03453,Paul,Franklin,mromero@example.org,+1-684-253-8129x1660,25,Algiers,2025-01-28,Premium,642.0,16847.58,
CUST_03454,Angela,Odonnell,cweaver@example.org,672-615-1847,18,Algiers,2023-01-19,Standard,640.0,25005.43,
CUST_03455,Louis,Mcdaniel,,(922)464-9232,23,BLIDA,2024-10-07,Basic,610.0,1938.3200000000002,
CUST_03456,Kimberly,Schultz,morgan38@example.net,547.464.9952,47,Batna,2023-06-18,Standard,627.0,153.54,
CUST_03457,Thomas,Brewer,ericjenkins@example.com,764-684-3514,20,Sétif,2023-04-08,Basic,619.0,9321.68,
CUST_03458,Bill,Cooper,patricia58@example.net,799-718-9034x77449,37,Annaba,2024-12-22,Standard,603.0,26264.15,
CUST_03459,Katherine,Ochoa,molinalaura@example.org,308.932.1216,25,Sétif,2023-04-13,Standard,561.0,4336.98,
CUST_03460,Sonya,Wolf,rclark@example.org,+1-302-298-3312x6528,47,Algiers,2025-07-28,Standard,549.0,13644.97,
CUST_03461,Justin,Castaneda,ajones@example.com,884-704-3800x866,50,Biskra,2025-09-23,Standard,714.0,14784.029999999999,
CUST_03462,Chris,Charles,stephaniegray@example.org,639.636.4695,18,Sétif,2025-08-23,Standard,555.0,5242.73,
CUST_03463,Heather,Winters,alexisturner@example.net,950.973.2579x16290,50,Constantine,2024-02-10,Standard,534.0,7079.11,
CUST_03464,David,Lopez,billaustin@example.com,(227)925-0701x20084,33,Batna,2025-09-03,Standard,710.0,891.17,
CUST_03465,April,Martin,timothyshelton@example.net,299-731-7858x78734,31,Annaba,2024-06-25,Standard,772.0,3530.3199999999997,
CUST_03466,Renee,Branch,agonzales@example.net,273.579.6728,40,Sétif,2024-03-11,Basic,592.0,17983.75,
CUST_03467,David,Pace,gabrielle50@example.org,(635)978-2239,25,Algiers,2025-08-21,Standard,734.0,8411.6,
CUST_03468,Jeffrey,Williams,nicholasweber@example.net,964.641.4877,26,BATNA,2024-07-28,Standard,597.0,4353.32,
CUST_03469,Ashlee,Martinez,nicholastodd@example.org,+1-998-880-9320,18,Blida,2023-09-28,Standard,627.0,25050.190000000002,
CUST_03470,Alison,Dillon,wguerra@example.org,939-512-5525x00308,34,Sidi Bel Abbès,2025-06-21,Basic,479.0,18057.620000000003,
CUST_03471,Brent,Thompson,mbrown@example.org,(415)783-6303,18,Biskra,2025-01-25,Standard,596.0,12136.25,
CUST_03472,Ruben,Levine,susancruz@example.com,298.683.3628x17506,34,Sidi Bel Abbès,2025-10-17,Standard,683.0,9496.24,
CUST_03473,Calvin,Pratt,craigpeter@example.net,+1-251-931-9142x9673,23,Blida,2024-01-14,Standard,764.0,15675.38,
CUST_03474,Lindsey,Luna,amandabennett@example.com,607-381-2779,51,Sidi Bel Abbès,2024-02-20,Standard,690.0,12718.16,
CUST_03475,Melissa,Flores,jeffreygreene@example.com,001-427-504-9141x856,39,Annaba,2025-07-28,Standard,722.0,2833.48,
CUST_03476,Amanda,Nolan,danieljimenez@example.net,6033724709,29,Tlemcen,2025-10-24,Standard,650.0,10926.72,
CUST_03477,Teresa,Gonzalez,xevans@example.org,+1-500-435-9205x708,28,Constantine,2024-02-10,Standard,656.0,6963.61,
CUST_03478,Lauren,Smith,brianwagner@example.org,+1-371-464-2946x1257,38,ANNABA,2023-06-08,Standard,530.0,2987.9799999999996,
CUST_03479,Margaret,Cohen,mckenziebrett@example.net,+1-792-556-3114x021,26,Algiers,2025-11-04,Standard,606.0,7424.53,
CUST_03480,Linda,Morton,martinmegan@example.org,778.612.8933x234,28,Constantine,2024-11-06,Standard,546.0,18107.25,
CUST_03481,Katherine,Harris,adkinserin@example.net,862-714-2765,31,Sidi Bel Abbès,2025-05-11,Basic,495.0,1895.6399999999999,
CUST_03482,Tim,Hernandez,nicole63@example.com,3216421061,44,Oran,2025-10-22,Standard,734.0,4880.47,
CUST_03483,Julie,Price,marc82@example.org,8943124451,22,Tlemcen,2023-10-14,Standard,775.0,27462.269999999997,
CUST_03484,Rick,Wright,jsmith@example.org,001-287-798-3232x3677,75,Annaba,2025-06-19,Basic,542.0,12528.57,
CUST_03485,Valerie,Gomez,crawforddavid@example.net,588-212-1555x24899,24,Biskra,2024-04-12,Standard,722.0,3994.1899999999996,
CUST_03486,James,Malone,jdavis@example.net,2412121261,25,Sétif,2024-12-07,Premium,521.0,2043.46,
CUST_03487,Brandon,Cobb,aruiz@example.net,+1-577-680-3493x163,32,Biskra,2023-07-27,Basic,611.0,435.60999999999996,
CUST_03488,Michael,Collins,weaverscott@example.com,877-615-5648,41,Annaba,2023-04-28,Standard,698.0,2340.5099999999998,
CUST_03489,Jennifer,Maxwell,zhall@example.net,+1-515-689-9609x9326,46,Annaba,2023-01-08,Standard,630.0,4133.52,
CUST_03490,Edward,Moore,,(521)573-8101x897,43,Constantine,2023-09-20,Premium,384.0,4995.16,
CUST_03491,Thomas,Peterson,matthewfry@example.net,+1-496-373-9031x697,37,Biskra,2025-03-09,Basic,579.0,2392.28,
CUST_03492,William,Newman,benjamin34@example.org,,18,Batna,2024-12-01,Premium,591.0,7156.88,
CUST_03493,Lisa,Wells,riggsjennifer@example.net,722-570-9557x7200,33,Sétif,2025-03-13,Standard,576.0,1403.5900000000001,
CUST_03494,lisa,Le,spencerryan@example.org,638-620-1877x67129,43,Oran,2025-07-16,Standard,666.0,2417.59,
CUST_03495,Mitchell,Welch,hernandeztristan@example.org,936.262.0627x244,43,Tlemcen,2024-08-10,Basic,678.0,943.72,
CUST_03496,Kathryn,Patterson,michael71@example.com,(739)925-2655,32,Batna,2025-08-29,Premium,526.0,10496.25,
CUST_03497,Ricky,Beck,rodriguezmary@example.org,2569555304,45,Blida,2023-06-18,Basic,656.0,10999.67,
CUST_03498,Norma,Harris,qmoore@example.com,6754933592,30,Annaba,2024-07-16,Standard,498.0,7672.14,
CUST_03499,John,Winters,johnhernandez@example.net,3173106378,35,Biskra,2024-02-27,Premium,641.0,15031.66,
CUST_03500,Lisa,Pacheco,breannapadilla@example.net,243-745-7128x40384,29,Biskra,2025-07-01,Basic,688.0,12164.87,
CUST_03501,steven,Smith,bradleylisa@example.net,+1-473-523-3519x5096,37,Annaba,2023-10-11,Standard,715.0,15360.72,
CUST_03502,Anthony,Cox,sherrytran@example.net,+1-533-733-7873,-1,Biskra,2023-01-15,Standard,733.0,9464.08,
CUST_03503,Marissa,Dunn,ashley81@example.com,480.459.5155x67464,38,Sidi Bel Abbès,2023-06-18,Standard,693.0,9339.43,
CUST_03504,Benjamin,Allen,steven48@example.com,4426804891,23,Blida,2024-03-11,Premium,486.0,11858.58,
CUST_03505,Jason,Reid,mburns@example.net,580.947.0130,42,Sétif,2025-06-12,Standard,769.0,7287.73,
CUST_03506,Sabrina,Vargas,mclaughlinbrooke@example.com,2574973108,38,Sidi Bel Abbès,2025-02-03,Standard,704.0,8901.380000000001,
CUST_03507,Tiffany,Bean,loriwhite@example.com,(378)541-9032x221,35,Biskra,2024-05-21,Premium,673.0,2606.12,
CUST_03508,Christina,Pruitt,petersryan@example.org,709.641.9572x4168,19,Batna,2024-12-15,Standard,708.0,2989.4900000000002,
CUST_03509,Jason,Price,garrettteresa@example.com,440.553.4749,33,ALGIERS,2024-12-04,Standard,637.0,7559.18,
CUST_03510,Cameron,Williams,josephsullivan@example.org,590.572.6745,49,Tlemcen,2023-12-28,Standard,599.0,11807.970000000001,
CUST_03511,Logan,Berry,alexanderandrea@example.org,+1-527-815-2273x7226,51,Oran,2025-09-01,Standard,624.0,19760.72,
CUST_03512,taylor,James,leetracey@example.org,981-578-1052x45035,48,Batna,2023-10-18,Standard,643.0,5728.97,
CUST_03513,Charles,Wilson,nicolepearson@example.net,979-661-4440x05799,32,Annaba,2023-02-10,Standard,680.0,8340.15,
CUST_03514,Matthew,Martin,rodriguezerika@example.com,(755)406-5302x00686,42,Annaba,2023-05-02,Standard,702.0,15905.84,
CUST_03515,Kevin,Bass,erik47@example.org,628-748-5013x672,43,Algiers,2024-07-18,Basic,699.0,6893.95,
CUST_03516,Joel,Bowen,ricepatricia@example.net,+1-675-621-9326,33,Sétif,2023-10-13,Standard,812.0,0.0,
CUST_03517,Corey,Martinez,rodgerssara@example.org,001-976-858-3571,42,Constantine,2022-11-26,Standard,793.0,15655.18,
CUST_03518,Joy,Jackson,qjensen@example.net,829.248.0742,-1,Oran,2024-03-16,Standard,525.0,23067.3,
CUST_03519,Bruce,Owens,joshua50@example.org,+1-816-281-5736x6409,41,Oran,2023-05-23,Standard,624.0,4199.24,
CUST_03520,Andrew,Knight,milessteven@example.org,+1-747-265-9544x08888,48,Annaba,2025-04-09,Standard,507.0,0.0,
CUST_03521,Francisco,Rangel,,8844829604,61,Algiers,2025-04-20,Standard,700.0,6485.41,
CUST_03522,Andrea,Hall,jeffrey21@example.com,001-363-743-9768x25238,27,Blida,2024-04-13,Basic,850.0,1339.46,
CUST_03523,Robyn,Padilla,susan75@example.com,583.250.6541,50,SIDI BEL ABBÈS,2024-10-13,Standard,590.0,18060.61,
CUST_03524,Joshua,King,,001-902-222-1237x03228,51,Constantine,2025-11-07,Standard,617.0,11318.0,
CUST_03525,Jo,Johnson,don61@example.org,001-884-510-6977x75323,35,Sidi Bel Abbès,2024-04-10,Basic,829.0,9531.67,
CUST_03526,Sandra,Simon,darrenpayne@example.net,+1-572-228-0436x91742,41,Biskra,2024-03-03,Premium,658.0,11606.25,
CUST_03527,Nicole,Perkins,millsashley@example.net,974-255-2753,31,Algiers,2023-08-14,Standard,531.0,6262.98,
CUST_03528,Daniel,Johnson,jeffreyhughes@example.org,+1-964-211-6927,20,Annaba,2025-09-13,Basic,516.0,13957.48,
CUST_03529,Brooke,Byrd,santiagostephanie@example.net,(449)503-6571x68897,30,Oran,2024-08-31,Standard,779.0,6090.58,
CUST_03530,Charles,Mcintyre,susan40@example.com,001-974-648-7038x17174,32,Tlemcen,2025-07-06,Basic,736.0,3388.27,
CUST_03531,Andrew,Houston,psalazar@example.org,253.937.3623x05762,21,Constantine,2024-01-08,Basic,610.0,11525.08,
CUST_03532,Richard,Kent,davidpatel@example.com,652.918.6253x95639,47,Blida,2023-06-03,Standard,512.0,11153.36,
CUST_03533,Jonathan,Chandler,lawrencestephanie@example.org,226-692-6344x483,23,Oran,2025-08-02,Standard,850.0,6195.9,
CUST_03534,Melanie,Davies,,9197377286,33,Sétif,2024-01-28,Standard,633.0,1781.79,
CUST_03535,Amanda,Johnson,vlee@example.net,001-271-407-1780x655,35,Sétif,2023-10-10,Standard,611.0,12069.34,
CUST_03536,Dennis,Harris,olivia42@example.org,(907)765-7966,45,Biskra,2023-02-08,Premium,691.0,32243.09,
CUST_03537,Jamie,Perez,heather77@example.net,(223)669-6637x8612,38,Batna,2025-10-26,Standard,577.0,21309.92,
CUST_03538,Tristan,Ayala,pcharles@example.com,3493506925,51,Oran,2023-11-27,Standard,575.0,11653.43,
CUST_03539,Nathan,Cooper,christinataylor@example.net,+1-813-962-4804,32,Sidi Bel Abbès,2025-08-15,Basic,627.0,10335.93,
CUST_03540,Jeffery,Gonzalez,brandyfrench@example.org,(378)562-6314,23,Batna,2025-02-03,Standard,669.0,21928.59,
CUST_03541,Austin,Norris,,712-401-1906x7736,43,Annaba,2024-03-24,Standard,577.0,11576.73,
CUST_03542,Kayla,Tapia,hperry@example.com,784-497-3840x08110,18,Oran,2023-05-15,Standard,9999.0,4433.87,
CUST_03543,Andrew,Kline,ecummings@example.net,(519)586-6453x3837,25,ORAN,2023-01-01,Standard,742.0,26441.93,
CUST_03544,Scott,Soto,samuel03@example.org,8776735339,43,Oran,2023-09-04,Standard,680.0,35840.01,
CUST_03545,Kyle,Martin,timothy98@example.net,4277209935,33,Oran,2023-04-30,Standard,648.0,239.92000000000002,
CUST_03546,Stephanie,Moreno,,4042758701,38,Biskra,2024-03-28,Standard,504.0,4484.0,
CUST_03547,James,Garcia,myersamber@example.org,7104830153,18,Sidi Bel Abbès,2025-10-15,Premium,,11848.220000000001,
CUST_03548,Andrew,Drake,ricky08@example.net,(938)641-9628x41944,33,Sétif,2024-09-21,Standard,537.0,6344.14,
CUST_03549,Jennifer,Simpson,johnbates@example.org,001-783-895-7685x38933,25,Constantine,2024-12-17,Basic,9999.0,9532.19,
CUST_03550,Daniel,Reed,jmckee@example.com,718.892.7869,18,Biskra,2024-04-08,Standard,686.0,4415.96,
CUST_03551,Michele,Cruz,dmiles@example.net,+1-795-468-8085x966,21,Oran,2025-09-04,Standard,657.0,9411.72,
CUST_03552,Melissa,Robinson,alicia86@example.net,680-310-5118x426,36,Algiers,2023-05-03,Standard,626.0,16043.779999999999,
CUST_03553,Lisa,Williams,marcroberson@example.com,+1-478-980-8352x6273,36,Sétif,2025-10-11,Standard,734.0,8933.25,
CUST_03554,Allen,Mckinney,jjohnson@example.com,2917792611,39,Sétif,2024-12-21,Basic,631.0,26438.159999999996,
CUST_03555,Kristin,Wong,jennysanchez@example.net,967.536.5401,53,Oran,2023-01-27,Basic,764.0,9444.210000000001,
CUST_03556,Kayla,Johnson,,(531)574-1993x8927,36,Blida,2025-08-02,Standard,655.0,15329.22,
CUST_03557,Alfred,Joseph,ssanchez@example.com,001-823-826-6242,18,Annaba,2024-08-20,Standard,625.0,21162.03,
CUST_03558,Miranda,West,ebonyhenderson@example.org,591.322.8002x37060,29,Blida,2023-01-23,Standard,807.0,12240.61,
CUST_03559,Elizabeth,Vaughn,,938.718.9454,28,Oran,2024-12-05,Standard,696.0,3905.8500000000004,
CUST_03560,Erin,Rogers,kendramaldonado@example.net,001-472-450-6713,28,Annaba,2024-03-19,Premium,711.0,22193.16,
CUST_03561,Sara,Paul,rileynicole@example.org,746.544.3901,42,Annaba,2024-08-06,Standard,808.0,8946.03,
CUST_03562,Matthew,Walker,heatherli@example.com,(509)801-2818x489,21,Blida,2023-11-12,Standard,691.0,15997.900000000001,
CUST_03563,Misty,Brown,hubbardpaul@example.net,001-813-746-8060,36,Sétif,2023-01-21,Standard,663.0,0.0,
CUST_03564,Daniel,Lozano,thomas67@example.org,940.768.8772,49,Annaba,2024-07-04,Basic,623.0,13665.9,
CUST_03565,Pedro,Larson,czimmerman@example.org,001-442-518-0893x1698,39,Sidi Bel Abbès,2024-08-04,Standard,442.0,12278.380000000001,
CUST_03566,Kelsey,Newton,tanyaturner@example.net,+1-705-866-8073x5267,28,Batna,2025-07-04,Basic,675.0,3875.9800000000005,
CUST_03567,Christine,Pugh,brooksdebra@example.org,361.200.4605,35,Algiers,2023-02-26,Standard,752.0,14138.25,
CUST_03568,anne,Dean,williamslinda@example.net,001-272-764-6271x6752,43,Tlemcen,2023-08-07,Standard,815.0,5049.83,
CUST_03569,Kathryn,Cross,mary15@example.com,001-323-797-4247x4258,18,Tlemcen,2025-07-15,Standard,683.0,14979.81,
CUST_03570,Travis,Parker,christopher84@example.com,+1-956-631-6032x88894,18,Oran,2024-12-11,Standard,609.0,51027.869999999995,
CUST_03571,Robin,Martinez,,+1-528-208-2314,28,Constantine,2023-11-29,Premium,571.0,11823.630000000001,
CUST_03572,Bernard,Delgado,robertsellen@example.net,001-280-987-8253x467,41,Biskra,2025-02-09,Standard,768.0,2915.8700000000003,
CUST_03573,Debra,Webster,reyesjohn@example.net,(417)888-8816,59,Sétif,2025-09-04,Premium,719.0,26614.06,
CUST_03574,Cheryl,Alvarez,ethanyoung@example.org,344.346.1179x54957,29,Sidi Bel Abbès,2025-03-15,Standard,503.0,1128.96,
CUST_03575,Kelly,Meza,debra15@example.org,(814)951-8313x2181,42,Algiers,2023-10-08,Basic,588.0,12441.130000000001,
CUST_03576,Brandy,Melendez,aconley@example.org,626.207.6851x6406,-1,Algiers,2023-11-15,Standard,691.0,1259.54,
CUST_03577,Kathy,Manning,,(382)372-9428,33,Sétif,2025-09-07,Standard,9999.0,4592.83,
CUST_03578,Ryan,Farmer,rmartin@example.net,001-532-959-5748x5913,38,Batna,2024-08-09,Standard,700.0,9488.810000000001,
CUST_03579,Kelsey,Walker,kristin23@example.net,+1-918-771-6946,21,Sétif,2024-07-19,Basic,544.0,2997.85,
CUST_03580,Kimberly,Contreras,karenfuller@example.org,576-380-7257x9751,27,Batna,2025-02-06,Standard,727.0,20646.49,
CUST_03581,Robert,Henderson,gmoses@example.org,+1-660-762-9494x47272,26,Batna,2024-11-11,Standard,454.0,17102.61,
CUST_03582,Peter,Matthews,gedwards@example.net,689-633-3639x9601,32,Sidi Bel Abbès,2023-03-16,Standard,649.0,6278.3,
CUST_03583,Stephanie,Singh,esimpson@example.net,945-695-9614x097,33,Oran,2025-08-14,Premium,838.0,7842.700000000001,
CUST_03584,Juan,Calderon,samanthaking@example.org,735-929-3227x69730,54,Constantine,2023-03-22,Basic,745.0,7312.780000000001,
CUST_03585,Ryan,Rogers,davidgraham@example.com,+1-917-349-9394x522,23,Biskra,2025-04-08,Premium,468.0,7825.87,
CUST_03586,michael,Hartman,twilliams@example.com,001-588-873-0296x20563,54,Blida,2023-01-03,Standard,582.0,3407.93,
CUST_03587,Beth,Russell,scotthowe@example.org,001-788-626-3109x6872,25,Algiers,2024-03-08,Standard,674.0,8746.8,
CUST_03588,Kayla,King,woodwardpatricia@example.com,920.643.2812x77317,42,Constantine,2024-11-23,Standard,624.0,9684.49,
CUST_03589,Amanda,Bray,jaime88@example.com,(842)775-8140,28,Algiers,2025-01-13,Premium,667.0,5168.3,
CUST_03590,Amy,Carey,jason64@example.com,6592488753,34,Sidi Bel Abbès,2024-10-19,Basic,803.0,2404.73,
CUST_03591,Colleen,Robinson,michael88@example.net,001-432-428-1710,28,Biskra,2023-03-23,Basic,656.0,12881.289999999999,
CUST_03592,Joseph,Lewis,,+1-693-236-7835x8845,18,Biskra,2024-02-04,Premium,788.0,443.19,
CUST_03593,Cynthia,Warren,wesleylang@example.org,001-731-819-6764x75833,31,Sétif,2023-08-08,Premium,631.0,14194.98,
CUST_03594,Zachary,Lam,rebeccamartin@example.com,6694777730,28,Tlemcen,2025-03-21,Premium,666.0,11691.49,
CUST_03595,Lawrence,Brown,iwilliams@example.org,(881)304-6363x20154,28,Constantine,2023-01-30,Standard,610.0,10116.11,
CUST_03596,Jessica,Bradford,grossdanielle@example.net,+1-767-331-9419x4926,59,Oran,2024-06-16,Standard,629.0,6856.32,
CUST_03597,Holly,Krueger,pittmanadam@example.net,315.421.8096,32,Blida,2025-08-21,Premium,743.0,3967.25,
CUST_03598,Eric,Cisneros,julia59@example.com,909.580.6572,59,Biskra,2023-01-03,Standard,476.0,2574.0899999999997,
CUST_03599,Robert,Morgan,melissa63@example.org,+1-745-640-5360x65681,18,Algiers,2025-05-10,Basic,701.0,12645.01,
CUST_03600,Abigail,Waters,colinwarner@example.org,+1-696-622-9234x6718,28,Sétif,2023-02-01,Premium,660.0,9224.66,
CUST_03601,Scott,Taylor,john76@example.net,+1-767-540-0184x76699,33,Batna,2024-07-30,Basic,850.0,10047.480000000001,
CUST_03602,Andrew,Yu,joshuadonovan@example.org,+1-447-465-2056,40,Blida,2025-02-23,Standard,726.0,20781.39,
CUST_03603,David,Brown,drakemary@example.net,271.804.5826,33,Algiers,2025-06-28,Standard,555.0,9878.900000000001,
CUST_03604,Anthony,Gibson,stevenskim@example.com,522-217-8066x77481,53,Oran,2024-01-23,Standard,728.0,14404.630000000001,
CUST_03605,Hannah,Fritz,rshaw@example.org,(933)461-8913x55965,45,Sidi Bel Abbès,2023-04-19,Basic,597.0,4595.219999999999,
CUST_03606,Travis,Arnold,emily47@example.com,(638)802-6709,18,Oran,2024-07-14,Standard,730.0,8155.5199999999995,
CUST_03607,Steven,Webb,ribarra@example.org,414.460.4991x29363,42,Biskra,2022-12-14,Basic,740.0,1144.7,
CUST_03608,Jo,Jackson,gburke@example.org,534-872-0967,33,Sétif,2024-04-24,Standard,586.0,4705.99,
CUST_03609,Carlos,Jordan,scotthughes@example.com,6395274991,24,BISKRA,2023-07-29,Premium,827.0,21881.579999999998,
CUST_03610,Stephanie,Craig,cooperjeffrey@example.net,+1-433-960-1467x1511,34,Algiers,2023-08-02,Premium,713.0,3504.85,
CUST_03611,Judith,Jackson,youngbenjamin@example.org,345.457.6639x408,36,Sidi Bel Abbès,2023-11-10,Premium,497.0,7418.32,
CUST_03612,William,Mathis,tracywood@example.com,792.727.0192x467,47,Sidi Bel Abbès,2025-05-15,Standard,630.0,2483.16,
CUST_03613,Crystal,Harris,swilson@example.org,+1-335-917-0871x650,36,Algiers,2023-06-23,Standard,761.0,11403.47,
CUST_03614,Erin,Gonzales,,+1-716-794-5384,22,Blida,2023-05-08,Standard,602.0,14442.460000000001,
CUST_03615,Cynthia,Brewer,joshuabowman@example.com,(439)587-9201x482,18,Sidi Bel Abbès,2024-09-10,Standard,615.0,2156.97,
CUST_03616,Maria,White,qferguson@example.com,8667011655,30,Oran,2023-02-09,Standard,809.0,10142.29,
CUST_03617,Theresa,Johnson,michael81@example.net,+1-200-266-0567x72136,49,Biskra,2025-03-31,Premium,701.0,9284.65,
CUST_03618,Jessica,Gates,starkrebecca@example.com,399.237.8236,-1,Tlemcen,2024-11-25,Basic,593.0,4821.47,
CUST_03619,Jessica,Porter,ejackson@example.net,863-209-1651,34,Algiers,2023-09-03,Standard,739.0,1584.5700000000002,
CUST_03620,Timothy,Garcia,markpreston@example.org,4932587170,26,Algiers,2024-11-04,Standard,719.0,4904.68,
CUST_03621,Michael,Murphy,alexis18@example.com,690.505.2994x23255,45,ANNABA,2023-08-21,Standard,668.0,19316.03,
CUST_03622,George,Ayala,deannamiller@example.org,+1-443-402-5833x03613,24,Sidi Bel Abbès,2025-07-18,Standard,601.0,3527.21,
CUST_03623,Jessica,Smith,lynn74@example.com,830.898.1107x8087,18,Sidi Bel Abbès,2024-06-12,Standard,574.0,3656.7799999999997,
CUST_03624,Matthew,Benitez,kellycurtis@example.net,357.284.3701,62,Annaba,2023-06-16,Standard,612.0,3038.54,
CUST_03625,Tonya,Dillon,petercastillo@example.com,3608503351,44,Annaba,2025-04-06,Standard,603.0,4599.89,
CUST_03626,Jessica,Barton,,862.253.0342,47,Constantine,2024-03-08,Standard,623.0,16517.7,
CUST_03627,Joel,Middleton,msmall@example.org,928.770.2294x009,39,Oran,2025-05-28,Standard,509.0,16778.53,
CUST_03628,Chad,Maxwell,catherineallison@example.com,7998656789,18,Blida,2025-07-22,Basic,643.0,11702.67,
CUST_03629,Michael,Compton,blakescott@example.org,4323928442,36,Annaba,2024-07-01,Standard,624.0,5239.74,
CUST_03630,Jill,Robinson,townsendnatalie@example.org,001-500-204-2956x03029,49,Tlemcen,2023-11-17,Basic,576.0,7330.35,
CUST_03631,William,May,jacksonkayla@example.com,(300)825-5693,18,Algiers,2024-03-02,Standard,780.0,6713.42,
CUST_03632,Fernando,Cabrera,bakeralison@example.com,537-230-5359x6276,38,Algiers,2025-01-26,Standard,829.0,11887.18,
CUST_03633,Vanessa,Henry,sarahwalters@example.com,(373)597-6748,51,Tlemcen,2023-02-23,Standard,640.0,37594.76,
CUST_03634,Dustin,Smith,,614-431-4013x9887,33,Tlemcen,2023-12-20,Standard,581.0,35020.27,
CUST_03635,Jennifer,Harris,lgarcia@example.com,001-728-440-8885x63802,41,Oran,2023-04-27,Standard,608.0,7655.84,
CUST_03636,Brent,Summers,powellsarah@example.net,(315)959-6487x032,36,Algiers,2023-07-31,Basic,644.0,17979.329999999998,
CUST_03637,Michael,Williams,fred35@example.net,702-816-9806x813,35,Annaba,2024-12-01,Standard,670.0,25348.73,
CUST_03638,Teresa,Valencia,josephmitchell@example.org,(455)961-5772x35517,30,Blida,2025-09-19,Standard,630.0,4671.8,
CUST_03639,Andrea,Gibson,tanneroneal@example.net,+1-644-661-7353x606,46,Sidi Bel Abbès,2025-01-24,Standard,584.0,9282.57,
CUST_03640,Aaron,Cummings,mparker@example.net,926-302-8700,36,Oran,2022-12-10,Standard,9999.0,18733.989999999998,
CUST_03641,Sherri,Romero,,+1-686-899-8008x81484,34,Batna,2023-08-26,Premium,701.0,6849.17,
CUST_03642,Holly,White,,(891)838-2172x95218,32,Sidi Bel Abbès,2024-05-31,Basic,733.0,12285.66,
CUST_03643,Douglas,Lindsey,bwebb@example.net,765.794.8637x878,18,TLEMCEN,2025-01-13,Standard,692.0,8852.39,
CUST_03644,Sara,Stafford,carrillochristine@example.com,001-924-681-8706x337,40,SIDI BEL ABBÈS,2023-04-28,Basic,642.0,10939.94,
CUST_03645,Robert,Hampton,frankcruz@example.net,236-915-9364,28,Sétif,2023-04-07,Premium,759.0,13722.509999999998,
CUST_03646,Holly,Soto,staceyryan@example.net,3745959624,21,Constantine,2023-09-14,Standard,725.0,2765.2,
CUST_03647,Carol,Quinn,johncardenas@example.com,+1-614-521-5825x45143,18,Biskra,2025-08-31,Standard,726.0,14405.06,
CUST_03648,Michael,Brown,marroyo@example.net,(605)410-3415,18,Biskra,2023-06-05,Standard,579.0,2629.18,
CUST_03649,Bethany,Hernandez,michaelhensley@example.org,406.507.7149x764,35,Sétif,2025-11-09,Standard,778.0,7541.54,
CUST_03650,Daniel,Henson,youngmonica@example.com,(323)341-7792,27,Sidi Bel Abbès,2023-01-16,Basic,582.0,2149.96,
CUST_03651,Michael,Roberts,bsmith@example.org,(271)472-0984,23,Sidi Bel Abbès,2025-03-10,Standard,557.0,8904.36,
CUST_03652,Dawn,Andrews,victoriabell@example.org,799-871-7862,31,Oran,2023-12-20,Standard,662.0,3704.86,
CUST_03653,John,Peters,qnelson@example.com,+1-550-845-6960x6285,19,Sidi Bel Abbès,2025-04-28,Standard,759.0,3820.09,
CUST_03654,Cassandra,Hansen,ricesusan@example.com,513-563-5431,37,Oran,2023-02-21,Premium,759.0,22484.15,
CUST_03655,Donald,Velazquez,kimkristy@example.com,578-239-9049x7910,28,Annaba,2023-07-17,Premium,746.0,10187.76,
CUST_03656,Thomas,Lynch,gjones@example.com,001-502-297-6706x440,28,Batna,2024-04-22,Premium,747.0,6546.46,
CUST_03657,Ronald,Baldwin,,001-626-200-5428x6357,27,Biskra,2024-05-16,Standard,624.0,1582.3,
CUST_03658,Donna,Rodriguez,,001-588-525-8235x52637,66,Biskra,2025-02-28,Standard,696.0,2826.5,
CUST_03659,Veronica,Reyes,simpsonchristine@example.net,001-504-338-1006,39,Algiers,2023-10-23,Standard,550.0,1443.41,
CUST_03660,Caitlyn,Mclaughlin,,2489687169,27,Annaba,2025-11-05,Standard,559.0,5516.719999999999,
CUST_03661,Jeremiah,Thomas,brownhunter@example.org,+1-211-649-8921x685,30,Sidi Bel Abbès,2024-09-23,Basic,783.0,10535.06,
CUST_03662,Christina,Hood,emilystark@example.com,(490)561-0960x3382,24,Biskra,2024-10-03,Standard,756.0,27115.639999999996,
CUST_03663,Gabriel,Allen,,(970)459-2501,34,ALGIERS,2024-02-03,Standard,751.0,36003.75,
CUST_03664,Richard,Glenn,fcrawford@example.net,001-478-287-1308x48397,32,Algiers,2024-01-15,Premium,786.0,26530.58,
CUST_03665,Ronald,Anderson,ronald98@example.com,(974)789-3670x619,50,Algiers,2022-11-14,Standard,567.0,7002.9400000000005,
CUST_03666,Alexandria,Cain,deborah43@example.net,+1-701-553-1500,39,Batna,2024-11-15,Standard,504.0,6656.88,
CUST_03667,Kevin,Weaver,kristi55@example.com,241-378-4376,18,Biskra,2025-02-04,Basic,673.0,2551.0,
CUST_03668,James,Maxwell,gshelton@example.org,001-269-653-5246x936,29,Constantine,2023-11-06,Standard,689.0,8562.35,
CUST_03669,Sarah,Smith,jonessarah@example.net,589-681-8432x44574,36,Constantine,2023-10-23,Basic,801.0,34231.59,
CUST_03670,Michael,Jones,angelablake@example.com,(893)782-1062,27,Constantine,2023-02-28,Standard,729.0,17318.61,
CUST_03671,Brad,Warner,matthewjohnson@example.org,(457)404-4148,19,Blida,2025-02-17,Standard,804.0,4152.08,
CUST_03672,Laura,Smith,christina88@example.net,(757)739-3974x260,33,Algiers,2023-04-09,Standard,663.0,4538.73,
CUST_03673,Elizabeth,Moore,laura99@example.org,435-239-5956x917,59,Sidi Bel Abbès,2023-01-18,Standard,554.0,10426.81,
CUST_03674,Ryan,Tucker,thomasprice@example.org,352-377-3748,43,Biskra,2023-10-07,Standard,850.0,11883.39,
CUST_03675,Amy,Ferguson,howardautumn@example.net,740-990-0255x8782,41,Annaba,2025-10-16,Basic,850.0,6665.9,
CUST_03676,Traci,Johnson,michellejohnson@example.org,635.940.5334x016,18,Biskra,2025-01-24,Standard,811.0,14695.519999999999,
CUST_03677,Elizabeth,Wilkins,ndonovan@example.net,737.319.8658,59,Algiers,2023-04-04,Standard,566.0,11963.4,
CUST_03678,Nicole,Shea,likeith@example.com,781-293-2206x152,40,Oran,2024-08-30,Premium,674.0,6094.29,
CUST_03679,Christian,Olson,belliott@example.com,300.962.2501x775,18,Blida,2025-04-10,Standard,621.0,1747.03,
CUST_03680,Deanna,Johnson,jameshart@example.org,(804)747-0706x60579,22,Constantine,2024-04-12,Standard,609.0,3698.0299999999997,
CUST_03681,Becky,Mccormick,tammysimon@example.org,001-859-482-2189x8701,38,Blida,2024-12-01,Basic,759.0,381.42,
CUST_03682,Joseph,Jones,fmiller@example.org,540.384.9785,34,Batna,2025-01-02,Standard,544.0,6268.33,
CUST_03683,Lauren,Taylor,pfields@example.net,691.291.6545,45,Sétif,2023-04-08,Standard,513.0,5462.13,
CUST_03684,Belinda,Stewart,joansimpson@example.com,860.472.5093x33020,41,Constantine,2022-11-26,Standard,558.0,5149.22,
CUST_03685,Jason,Patrick,matthew28@example.org,549.478.5752,58,Sétif,2023-12-29,Standard,637.0,5263.900000000001,
CUST_03686,Tiffany,Clark,danielwarren@example.org,8504255130,20,Tlemcen,2023-10-03,Standard,681.0,12137.880000000001,
CUST_03687,Krista,Wade,nroberts@example.com,001-470-970-3456x21555,31,Blida,2023-04-28,Standard,605.0,3360.7700000000004,
CUST_03688,Melissa,Ross,,(794)619-0454x906,35,Sidi Bel Abbès,2024-06-10,Basic,742.0,6547.82,
CUST_03689,Marie,Lynch,brian98@example.net,(266)211-8700x7498,35,Sétif,2023-02-20,Basic,609.0,4219.69,
CUST_03690,Benjamin,Marks,dannywood@example.com,752.216.3592x444,31,Sidi Bel Abbès,2024-03-02,Premium,813.0,2392.46,
CUST_03691,Marcus,Bryant,salinaslaura@example.net,498.797.7514,53,Biskra,2022-12-05,Standard,762.0,12295.26,
CUST_03692,Julia,Thomas,martinkimberly@example.com,001-336-600-1452x3232,18,Constantine,2024-10-10,Standard,629.0,13038.35,
CUST_03693,Arthur,Goodwin,,238-543-0718x46609,21,Batna,2023-03-12,Standard,700.0,4673.78,
CUST_03694,Joseph,Williams,jefferyhall@example.org,993.560.5720,18,Oran,2023-01-28,Standard,644.0,9154.380000000001,
CUST_03695,Mary,Gill,aburns@example.net,(238)365-8263,35,Sétif,2025-06-14,Standard,581.0,14676.84,
CUST_03696,William,Lopez,alexandrashepherd@example.com,(763)340-5475,44,Batna,2025-05-19,Standard,612.0,6643.33,
CUST_03697,Eileen,Howell,yeseniamoore@example.net,001-318-912-8091,22,Sidi Bel Abbès,2024-12-15,Premium,680.0,2285.6000000000004,
CUST_03698,Christopher,Bridges,maryford@example.org,495.367.8587x661,51,Sidi Bel Abbès,2024-05-01,Basic,591.0,14528.419999999998,
CUST_03699,Jill,Campbell,lance56@example.com,443.375.9824x813,32,Biskra,2025-10-02,Standard,693.0,8273.380000000001,
CUST_03700,Kristen,Yu,michael44@example.com,535.326.4071x491,49,ALGIERS,2023-08-29,Premium,599.0,13294.810000000001,
CUST_03701,Sandra,Watson,ucollins@example.com,(464)854-3129x038,34,Batna,2023-02-28,Standard,731.0,7560.16,
CUST_03702,Katherine,Scott,ashleyanderson@example.org,370.409.5113,45,CONSTANTINE,2023-05-02,Standard,745.0,18731.7,
CUST_03703,Jennifer,Fritz,belljonathan@example.org,(511)387-4223x185,33,Annaba,2023-05-18,Standard,499.0,13487.43,
CUST_03704,timothy,Henry,kellybeasley@example.net,618.314.8543x627,42,Biskra,2024-04-04,Standard,646.0,0.0,
CUST_03705,Darren,Hardy,dennis76@example.com,(884)368-5192,18,Sidi Bel Abbès,2024-12-07,Standard,611.0,26974.230000000003,
CUST_03706,Elizabeth,Bell,jcollier@example.com,001-442-390-0391x610,24,Oran,2025-07-25,Standard,651.0,9042.43,
CUST_03707,Sonya,Burns,andrew78@example.net,+1-973-574-8052x17020,53,Tlemcen,2025-05-31,Premium,816.0,11321.33,
CUST_03708,Kayla,Brown,butlerjeremy@example.org,(929)658-1077x19676,46,Oran,2024-12-02,Standard,553.0,7684.84,
CUST_03709,Paul,Poole,vadams@example.net,+1-888-644-4245x04988,39,Batna,2023-07-13,Premium,663.0,4326.19,
CUST_03710,Rodney,Zhang,leslie26@example.com,(476)767-3155,36,Blida,2023-02-20,Standard,796.0,21365.510000000002,
CUST_03711,Steven,Ryan,reneedavis@example.org,(781)886-8506x3458,23,Tlemcen,2024-05-03,Standard,616.0,11105.460000000001,
CUST_03712,Todd,Smith,denise68@example.net,+1-726-434-2423,43,Biskra,2025-06-27,Standard,808.0,8386.98,
CUST_03713,Danielle,Smith,riveramichael@example.org,(227)625-8618x2114,32,Biskra,2024-04-07,Standard,635.0,6457.900000000001,
CUST_03714,Eric,Wilson,,(527)857-3320x0611,18,Biskra,2024-09-10,Basic,722.0,1078.31,
CUST_03715,Sarah,Austin,,6237352358,49,Tlemcen,2024-02-29,Standard,616.0,16286.529999999999,
CUST_03716,Laurie,Lewis,peter74@example.net,369-581-5556,49,Tlemcen,2024-02-24,Standard,617.0,820.62,
CUST_03717,Helen,Bauer,thomas51@example.net,7425425846,22,Annaba,2023-08-06,Basic,578.0,22442.96,
CUST_03718,Lauren,Woods,jfrost@example.net,(438)949-9408x477,32,Tlemcen,2025-09-05,Basic,693.0,6394.43,
CUST_03719,Eric,Johnson,tylerbryant@example.org,500-846-4087x9817,31,Oran,2024-05-22,Standard,498.0,42.97,
CUST_03720,Terri,Rogers,eduardo52@example.org,(742)401-1808x2954,20,Oran,2025-01-22,Standard,717.0,13772.9,
CUST_03721,Rose,Curtis,riversheather@example.net,863-233-8179x8427,39,Oran,2024-04-06,Standard,850.0,17688.7,
CUST_03722,Anthony,Bennett,vaughnmark@example.org,870.719.3639,21,Oran,2025-07-17,Standard,696.0,17190.59,
CUST_03723,Danielle,Barrera,rickyjordan@example.net,(990)354-5219x0926,54,Constantine,2025-10-03,Standard,642.0,0.0,
CUST_03724,Amanda,Monroe,,230.973.5460x07974,40,Sétif,2024-05-30,Standard,578.0,4872.4,
CUST_03725,Katherine,Nelson,lawrencemorgan@example.net,834.288.6954,35,Algiers,2023-03-29,Basic,780.0,3237.33,
CUST_03726,Stephanie,Ortega,yhenderson@example.com,917.659.5962,39,Constantine,2025-05-03,Standard,671.0,5777.490000000001,
CUST_03727,Jesse,David,shannoneric@example.net,843.870.3752,27,Biskra,2023-12-27,Standard,639.0,944.3800000000001,
CUST_03728,Michael,Case,reyeschelsea@example.org,+1-846-589-3327x661,35,Tlemcen,2024-05-15,Standard,594.0,15000.460000000001,
CUST_03729,Alexandra,Buchanan,xhernandez@example.org,812-557-4815x32460,45,Tlemcen,2024-05-28,Standard,654.0,6214.37,
CUST_03730,Connie,Smith,michael20@example.com,6995396007,39,Batna,2025-03-03,Premium,556.0,9754.76,
CUST_03731,Adam,Garcia,nchavez@example.net,(807)751-1348,31,Sidi Bel Abbès,2024-08-20,Basic,668.0,9195.7,
CUST_03732,Jasmine,Hawkins,sanchezbruce@example.org,501-373-2815x954,20,Constantine,2023-08-23,Standard,699.0,10747.859999999999,
CUST_03733,Ricky,Wright,hensleykeith@example.com,978.514.1195,52,Sétif,2025-07-19,Basic,560.0,9496.939999999999,
CUST_03734,Natalie,Gutierrez,josephwatson@example.org,500.457.2395,30,Sidi Bel Abbès,2025-10-16,Standard,419.0,7609.78,
CUST_03735,Danny,Jackson,loriortiz@example.org,(429)596-8175x48144,41,Annaba,2023-11-24,Basic,693.0,7981.629999999999,
CUST_03736,Rachel,Moore,edwardsbrandon@example.org,+1-724-374-6879x27185,18,Annaba,2024-04-06,Standard,797.0,10978.91,
CUST_03737,Jason,Bell,mbarron@example.com,+1-808-978-4178,49,Tlemcen,2024-10-23,Standard,741.0,4391.389999999999,
CUST_03738,Jeffrey,Miranda,ryanrobinson@example.com,001-299-657-2020x3521,46,Biskra,2025-09-30,Standard,753.0,6310.03,
CUST_03739,Cole,Guerra,,+1-693-431-3863,30,Annaba,2025-03-29,Standard,558.0,12339.91,
CUST_03740,Heather,Holt,julielawson@example.com,001-210-341-7628x5103,24,Sétif,2023-09-08,Premium,616.0,6398.46,
CUST_03741,Bobby,Adams,triciahale@example.net,(321)318-8069x0438,35,BLIDA,2024-10-20,Premium,612.0,17206.82,
CUST_03742,Dylan,Franklin,jacksonnicholas@example.com,718-950-1664x1509,47,Batna,2024-01-08,Standard,710.0,11280.95,
CUST_03743,Margaret,Jones,johnnyjones@example.org,(493)414-9392,28,Annaba,2023-12-19,Basic,674.0,8880.53,
CUST_03744,Chelsea,Morales,,(747)419-3916,36,Sidi Bel Abbès,2024-11-19,Standard,775.0,8241.22,
CUST_03745,Rebecca,Ramos,adamalvarez@example.org,+1-640-836-4800x25406,27,Sidi Bel Abbès,2024-02-18,Standard,708.0,5896.030000000001,
CUST_03746,Sophia,Vasquez,tpaul@example.com,001-632-591-2365x56441,26,Algiers,2022-12-16,Premium,645.0,11907.09,
CUST_03747,jill,Richardson,robinsonann@example.com,5308922834,31,Blida,2025-10-03,Basic,496.0,12966.81,
CUST_03748,Mike,Coleman,watkinsmegan@example.net,6662958049,50,Sétif,2025-10-02,Standard,813.0,9439.33,
CUST_03749,Mary,Turner,ejefferson@example.com,617.492.3002x883,40,Biskra,2023-08-31,Standard,560.0,1401.56,
CUST_03750,Kenneth,Murphy,alvarezmaureen@example.org,+1-282-380-3794x400,41,Algiers,2025-07-07,Standard,675.0,8922.78,
CUST_03751,Mark,Moreno,dwells@example.org,001-464-896-4422x1696,-1,Tlemcen,2024-04-28,Premium,650.0,6381.96,
CUST_03752,Lisa,Choi,maryporter@example.com,,22,Sidi Bel Abbès,2024-08-23,Standard,506.0,10289.46,
CUST_03753,Amy,Edwards,alyssa00@example.org,001-654-247-5124x5737,35,Algiers,2023-04-21,Standard,694.0,4698.12,
CUST_03754,Adam,Vega,melissastone@example.net,001-307-789-6178x32250,39,Batna,2024-03-21,Standard,624.0,2508.5299999999997,
CUST_03755,Erik,David,johntaylor@example.org,575-442-6988,22,Algiers,2025-08-09,Standard,764.0,5980.93,
CUST_03756,Christina,Bryan,tayloredward@example.com,+1-839-906-1845,35,Constantine,2024-03-06,Standard,759.0,10255.05,
CUST_03757,Michael,Gonzalez,jasminebaldwin@example.net,001-294-484-7714x6733,42,Oran,2023-08-05,Basic,680.0,11187.93,
CUST_03758,Scott,Rodriguez,margarettucker@example.org,316.394.7434,18,Batna,2025-06-20,Basic,834.0,3271.93,
CUST_03759,Sean,Patterson,theresa50@example.org,686-345-9821,24,Batna,2023-02-12,Basic,731.0,13947.47,
CUST_03760,Ricky,Rasmussen,pdavis@example.net,7855403032,37,Batna,2023-10-31,Standard,637.0,9419.82,
CUST_03761,Brittany,Ramsey,carlawhite@example.net,001-956-500-6420x92259,24,TLEMCEN,2025-04-23,Standard,756.0,18217.920000000002,
CUST_03762,Steven,Williams,williamsjasmin@example.org,513-703-2232,29,Blida,2023-07-15,Standard,844.0,2034.45,
CUST_03763,Hailey,Le,lucas65@example.com,5264741216,34,Blida,2023-10-22,Standard,514.0,16206.0,
CUST_03764,Rebecca,Gillespie,stephanieperez@example.net,+1-272-948-4396x0996,33,Tlemcen,2023-06-08,Basic,713.0,20864.18,
CUST_03765,Michelle,Smith,gomezanthony@example.com,708-316-5359,25,Batna,2024-10-17,Basic,850.0,27306.49,
CUST_03766,James,Farrell,espinozageorge@example.org,+1-253-242-4950x1528,18,Sétif,2023-08-27,Premium,642.0,21245.76,
CUST_03767,Alison,Ortiz,sean79@example.net,824.569.6492,21,Biskra,2024-09-19,Premium,676.0,10989.09,
CUST_03768,Anna,Jenkins,garciajennifer@example.com,001-693-400-5476,25,Blida,2024-09-19,Standard,620.0,7334.83,
CUST_03769,Kurt,Harmon,,325.951.2669,36,Biskra,2023-05-30,Basic,513.0,4140.47,
CUST_03770,Scott,Obrien,danielhamilton@example.net,5863602296,30,Sétif,2023-12-06,Standard,624.0,7199.3,
CUST_03771,Brandon,Joseph,maria40@example.net,+1-534-817-6097x13777,46,Blida,2022-12-06,Basic,850.0,9802.36,
CUST_03772,Steven,Johnson,bradleystephens@example.com,(447)886-3594x3012,18,Tlemcen,2023-10-07,Standard,603.0,3530.56,
CUST_03773,Mark,Barrett,,4507982216,27,Tlemcen,2025-06-18,Standard,847.0,7795.2300000000005,
CUST_03774,Glenn,White,mccarthyolivia@example.net,407-749-3834x1623,26,Constantine,2024-05-23,Standard,688.0,4970.95,
CUST_03775,Joshua,Mcmillan,taylordaniel@example.org,322.376.0392,30,Sétif,2025-04-06,Basic,454.0,0.0,
CUST_03776,Vincent,Johnson,sheila85@example.com,001-512-299-8663x1805,24,Tlemcen,2024-03-20,Standard,651.0,13582.49,
CUST_03777,Brenda,Floyd,shawna35@example.org,573.718.8593x7753,43,Tlemcen,2024-11-14,Standard,694.0,14995.199999999999,
CUST_03778,Jonathan,Williams,wendy33@example.org,+1-243-435-0698x4433,31,Batna,2025-07-27,Standard,602.0,6593.74,
CUST_03779,victor,Davis,thomasstephens@example.com,(744)785-6786x8926,20,Oran,2023-04-22,Premium,704.0,6678.89,
CUST_03780,Katie,Brown,garciajennifer@example.com,8637705545,43,Oran,2023-11-13,Standard,612.0,3781.9900000000002,
CUST_03781,Colleen,Hood,sandrahale@example.net,(314)650-9413x82258,34,Algiers,2023-02-12,Standard,747.0,6875.65,
CUST_03782,Albert,Rodriguez,raymaxwell@example.net,842-581-6458x0810,44,Batna,2023-12-07,Standard,561.0,10802.28,
CUST_03783,Beth,Casey,tlee@example.com,(656)758-2476x825,24,Tlemcen,2024-05-11,Standard,850.0,4445.53,
CUST_03784,edward,Wood,mcdanielpatrick@example.org,(868)349-6777,18,Tlemcen,2023-05-24,Premium,601.0,11610.09,
CUST_03785,David,Velasquez,cwright@example.com,(357)394-3193x667,27,Sétif,2023-05-11,Standard,682.0,25951.53,
CUST_03786,Michael,Rogers,toninicholson@example.net,(429)918-7937x5937,39,Batna,2025-10-04,Standard,798.0,6015.57,
CUST_03787,Jay,Chan,abigail62@example.org,613.789.4778x5407,32,ANNABA,2024-09-16,Basic,350.0,10389.33,
CUST_03788,Joshua,Garcia,nicholeevans@example.com,001-628-950-6967x206,18,BLIDA,2022-11-17,Basic,774.0,12032.189999999999,
CUST_03789,Matthew,Erickson,thomassmith@example.net,(405)957-0478x71237,31,Annaba,2023-12-13,Standard,489.0,8092.039999999999,
CUST_03790,Richard,Booth,ryan29@example.com,(939)699-0954x717,48,Oran,2024-02-18,Standard,640.0,20485.87,
CUST_03791,Roberto,Campbell,alicia96@example.org,001-551-760-0804x435,25,Oran,2022-11-14,Standard,723.0,15564.1,
CUST_03792,Robert,Franco,tylerjennifer@example.net,(903)645-3007x34152,21,Constantine,2025-01-31,Standard,654.0,2770.0,
CUST_03793,Vanessa,Medina,jamesbrown@example.com,580.918.0875,32,Blida,2023-03-09,Standard,599.0,17178.43,
CUST_03794,Tara,Hardy,,+1-474-658-6189x4206,38,Biskra,2024-06-20,Premium,581.0,6031.64,
CUST_03795,Wayne,Clay,francokaren@example.org,(236)555-2205x384,57,Algiers,2023-05-21,Standard,841.0,14185.38,
CUST_03796,Michael,Cooper,myersnancy@example.org,+1-754-267-2390x441,28,Sidi Bel Abbès,2023-01-27,Standard,595.0,2715.2400000000002,
CUST_03797,Karen,Clark,,763-654-7658x488,18,Sidi Bel Abbès,2024-02-03,Standard,462.0,2678.44,
CUST_03798,Aaron,Cordova,jasmineknapp@example.net,(573)470-2197x6174,18,Sétif,2023-10-10,Standard,661.0,2510.76,
CUST_03799,Samantha,Castillo,michaelwilson@example.com,+1-285-301-8299,49,Algiers,2025-08-28,Basic,622.0,8058.09,
CUST_03800,Brian,Gray,smithsandra@example.org,+1-590-273-9488x340,47,Sétif,2024-11-22,Standard,695.0,1709.61,
CUST_03801,Shawn,Wells,conwaysharon@example.com,(497)203-4505,33,Constantine,2023-08-13,Standard,548.0,1816.31,
CUST_03802,Rebecca,Santiago,courtney39@example.net,001-374-622-5779x83042,25,Batna,2023-06-24,Basic,465.0,14615.38,
CUST_03803,Ethan,Pratt,garyrobinson@example.org,993-486-8226,34,Annaba,2023-11-23,Standard,670.0,0.0,
CUST_03804,Craig,Harper,james14@example.com,662-697-8823x55318,23,Blida,2024-12-25,Standard,757.0,5129.5,
CUST_03805,Peter,Williams,matthewgonzalez@example.com,816.788.0177x1086,65,Blida,2022-12-25,Standard,618.0,16518.58,
CUST_03806,Michael,Johnson,jamespowell@example.com,001-714-307-7142x10543,34,Annaba,2024-03-10,Premium,9999.0,10167.57,
CUST_03807,William,Mckinney,kgraves@example.org,(791)708-0778,33,Tlemcen,2025-04-08,Standard,570.0,15532.960000000001,
CUST_03808,Courtney,Miller,willieleonard@example.org,676-996-0383,42,Biskra,2024-02-26,Standard,622.0,2972.25,
CUST_03809,Robert,Henderson,griffithdavid@example.net,+1-901-886-0503x5090,47,ORAN,2025-09-20,Basic,645.0,45323.15,
CUST_03810,Colin,Horne,andrew76@example.com,5349700826,44,Blida,2024-11-17,Standard,613.0,12571.29,
CUST_03811,Krystal,Brooks,,747.562.1989x383,25,Algiers,2023-02-02,Premium,571.0,18776.47,
CUST_03812,William,Scott,ebrown@example.net,001-625-675-1171,18,Algiers,2025-06-26,Standard,610.0,2878.3100000000004,
CUST_03813,Justin,Herrera,oflores@example.com,331.410.1766x027,31,Sétif,2023-02-02,Basic,683.0,7999.0,
CUST_03814,Joshua,Valentine,richard10@example.org,001-634-781-0033,28,Annaba,2025-03-03,Premium,456.0,0.0,
CUST_03815,Jacob,Reid,jennifer21@example.com,(798)511-5791x367,50,Sidi Bel Abbès,2024-09-07,Standard,614.0,13912.96,
CUST_03816,Tracey,Brown,christinereyes@example.net,(548)317-2971,26,Oran,2024-11-26,Standard,670.0,9087.35,
CUST_03817,Julia,Li,,+1-721-612-1828x82914,33,Sidi Bel Abbès,2022-12-30,Premium,602.0,2089.98,
CUST_03818,Donna,Morse,robin32@example.org,(559)454-3244,36,Constantine,2023-01-16,Premium,765.0,7889.839999999999,
CUST_03819,Steven,Bonilla,montoyamark@example.org,+1-998-494-0816,43,Annaba,2025-08-29,Standard,795.0,20580.799999999996,
CUST_03820,Tiffany,Morales,nathanrojas@example.org,638.351.5343x567,59,Batna,2023-09-23,Basic,761.0,1548.9099999999999,
CUST_03821,Emily,Preston,robert74@example.com,263-878-0187x15130,24,Annaba,2023-10-03,Standard,665.0,17542.44,
CUST_03822,Brittany,Marsh,thompsondebbie@example.net,001-726-923-6181,55,Tlemcen,2024-04-06,Premium,490.0,2904.5299999999997,
CUST_03823,Richard,Mitchell,jamesmoreno@example.net,707-290-4755x23033,23,Oran,2023-05-26,Standard,383.0,0.0,
CUST_03824,Gary,Smith,cobbkaren@example.net,(449)334-1582,46,Constantine,2025-06-16,Standard,806.0,2800.8,
CUST_03825,Karen,Wood,williamsamber@example.org,001-898-395-0665x935,35,Blida,2025-06-19,Standard,716.0,12558.07,
CUST_03826,Andrew,Ramsey,emma28@example.com,9682921744,39,Sidi Bel Abbès,2023-08-14,Basic,765.0,19340.29,
CUST_03827,Elizabeth,Rivera,kennethcantu@example.com,+1-698-397-6391x60076,32,Sétif,2023-11-04,Standard,794.0,6390.89,
CUST_03828,Angela,Johnson,baileysara@example.com,7635541678,23,Algiers,2023-09-11,Standard,751.0,6511.44,
CUST_03829,Lee,Marshall,deanna81@example.net,+1-463-924-3350x8511,45,Blida,2025-07-31,Standard,765.0,17465.86,
CUST_03830,Sandra,Dawson,vthomas@example.net,352.905.6605x99932,36,Blida,2024-01-25,Basic,810.0,7328.57,
CUST_03831,Tiffany,Clark,nathangeorge@example.org,001-287-461-9768x13891,22,Algiers,2024-07-01,Standard,685.0,2972.01,
CUST_03832,Jennifer,Johnson,marycook@example.net,4037190857,35,Biskra,2023-09-05,Standard,765.0,6283.45,
CUST_03833,Donald,Smith,zkelly@example.org,374.386.0256x378,29,Sétif,2025-11-09,Standard,716.0,5528.93,
CUST_03834,Brian,Franklin,melissasanchez@example.net,455.877.9748x40852,47,Oran,2025-10-10,Basic,724.0,8268.119999999999,
CUST_03835,Allison,Gonzales,acasey@example.com,976-882-9967x28241,36,Biskra,2025-08-18,Standard,658.0,16021.380000000001,
CUST_03836,Jose,Rose,mdixon@example.org,398-967-2419x54157,35,Sétif,2023-05-17,Standard,599.0,5484.200000000001,
CUST_03837,Ashley,Ford,lindsayhaney@example.org,(576)355-5146x599,31,Blida,2023-06-19,Standard,821.0,0.0,
CUST_03838,Brian,Middleton,jeremy18@example.net,615.530.5865,18,Annaba,2024-11-13,Basic,547.0,15231.029999999999,
CUST_03839,Anna,Coleman,munoztrevor@example.org,(718)469-7566x717,24,Blida,2025-06-06,Standard,724.0,19364.3,
CUST_03840,Emily,Austin,zachary13@example.net,001-793-247-4950x04418,-1,Algiers,2025-01-30,Standard,682.0,8765.78,
CUST_03841,roy,Lee,pharding@example.net,+1-784-936-3486x156,41,Tlemcen,2025-10-28,Basic,646.0,11187.12,
CUST_03842,James,Underwood,angela93@example.net,001-241-337-0787x033,42,Blida,2023-01-23,Basic,661.0,23440.44,
CUST_03843,William,Bartlett,,421.279.7646x70574,28,Batna,2022-12-18,Basic,436.0,6969.070000000001,
CUST_03844,bruce,Johnson,kruegerbryan@example.net,(260)862-0119,34,Biskra,2024-07-15,Basic,728.0,15417.52,
CUST_03845,Nicole,Brady,aguilarlaura@example.org,726.263.4564,18,Blida,2025-03-09,Standard,767.0,15489.02,
CUST_03846,Jade,Vargas,linda59@example.org,(902)813-9520,25,Blida,2025-09-20,Standard,589.0,9487.5,
CUST_03847,Monica,Cooper,edwinfisher@example.org,+1-883-470-1577x4416,34,Oran,2023-09-21,Standard,522.0,7292.67,
CUST_03848,Mark,Elliott,erin84@example.com,+1-316-693-6175x6826,28,Oran,2025-09-08,Standard,826.0,1620.4,
CUST_03849,Mark,Johnson,reidmatthew@example.com,7043017337,37,Oran,2024-10-09,Premium,571.0,11045.839999999998,
CUST_03850,Alison,Fisher,perezkathleen@example.net,739.655.7016x01619,18,Constantine,2023-11-27,Standard,850.0,5885.12,
CUST_03851,John,Walton,,(606)259-9954,43,Biskra,2025-11-03,Basic,488.0,5434.39,
CUST_03852,jessica,Perkins,diamondstone@example.org,+1-754-396-3083x9772,18,Biskra,2025-08-06,Standard,675.0,7408.42,
CUST_03853,Jeremy,Castro,john91@example.org,(763)698-6493,-1,Blida,2024-08-23,Standard,613.0,170.01,
CUST_03854,Deborah,Smith,michelle45@example.org,+1-982-223-4091,28,Biskra,2025-10-19,Standard,640.0,3652.24,
CUST_03855,Ashley,Leach,tmcneil@example.org,226.978.2827x59876,31,Tlemcen,2024-07-11,Basic,576.0,24690.11,
CUST_03856,Casey,Monroe,schwartzdaniel@example.com,001-629-793-3863,61,Biskra,2024-04-27,Premium,671.0,19200.14,
CUST_03857,Jeffrey,Buchanan,vhernandez@example.net,001-984-598-1145x758,47,Biskra,2025-07-08,Premium,617.0,11793.74,
CUST_03858,Sheila,Fox,brandon74@example.com,315-224-7187,43,Algiers,2022-12-08,Standard,629.0,22275.29,
CUST_03859,James,Yoder,matthewanderson@example.net,951.572.8632x4948,42,Sétif,2025-08-09,Standard,672.0,6508.38,
CUST_03860,valerie,Robbins,kempcathy@example.com,001-255-382-8146x1727,19,Biskra,2024-07-28,Standard,552.0,8472.119999999999,
CUST_03861,Jason,Grant,danielcraig@example.net,+1-636-606-9668,28,Biskra,2024-05-05,Standard,547.0,13199.5,
CUST_03862,Keith,Sanchez,ilee@example.org,6625480727,63,Batna,2025-05-17,Standard,539.0,16748.85,
CUST_03863,Erika,Cruz,melissadeleon@example.net,743.242.0502x4090,27,Biskra,2024-10-03,Standard,605.0,8925.58,
CUST_03864,Jennifer,Lynn,michael37@example.org,(709)326-9252x617,35,Batna,2025-05-29,Standard,783.0,1324.13,
CUST_03865,Christopher,Pennington,nicolethompson@example.net,570.402.1361x39992,20,ANNABA,2024-08-15,Standard,588.0,3129.7000000000003,
CUST_03866,William,Wallace,tina45@example.org,(227)960-7866,34,Sétif,2023-09-26,Premium,501.0,3129.04,
CUST_03867,Deborah,Martinez,durhambenjamin@example.com,435-799-2331,36,Oran,2023-02-17,Standard,749.0,14152.92,
CUST_03868,Jodi,Moss,,626-825-7489,20,Sétif,2024-12-24,Standard,792.0,12786.08,
CUST_03869,kevin,Baldwin,andrew75@example.net,494-734-2548,55,Algiers,2025-09-14,Standard,572.0,12642.619999999999,
CUST_03870,Michael,Potter,millerkirk@example.net,475-404-6534x254,21,Biskra,2024-07-19,Basic,673.0,1506.86,
CUST_03871,destiny,Mccarthy,,+1-448-205-7968x7335,23,Oran,2024-06-03,Standard,609.0,35087.33,
CUST_03872,Catherine,Foster,millergabrielle@example.net,363.702.8665x358,42,Sidi Bel Abbès,2024-09-20,Standard,576.0,4312.21,
CUST_03873,Daniel,Ramos,,(538)655-1510,18,Sétif,2024-02-18,Basic,615.0,0.0,
CUST_03874,Joel,Hunter,greenelizabeth@example.net,327-327-4600,41,Oran,2023-12-17,Standard,600.0,3617.6800000000003,
CUST_03875,Sandra,Skinner,shelbymartinez@example.net,508-548-5579,24,Biskra,2023-03-03,Basic,595.0,12674.26,
CUST_03876,Eddie,Smith,travis69@example.com,484-961-5910x145,39,ORAN,2024-03-25,Standard,619.0,1472.6200000000001,
CUST_03877,James,Smith,emilygarcia@example.org,887.350.9310,49,Sidi Bel Abbès,2023-07-17,Standard,645.0,23562.95,
CUST_03878,Jacqueline,Ortega,,721.566.4016x259,40,Blida,2023-12-11,Basic,562.0,5717.790000000001,
CUST_03879,Shawn,Potter,amandaburgess@example.org,593.972.5956x16898,53,Batna,2022-12-01,Standard,646.0,12795.74,
CUST_03880,Kevin,House,mcintyregary@example.org,001-536-946-5761x05272,33,BATNA,2023-10-18,Standard,733.0,19401.47,
CUST_03881,James,Nguyen,rolson@example.org,552-760-7486,48,Biskra,2025-08-06,Standard,607.0,8068.55,
CUST_03882,Jacob,Washington,seth16@example.com,391-644-4503x23124,35,Constantine,2024-04-30,Premium,,3226.07,
CUST_03883,David,Frazier,wardcarolyn@example.com,558-627-3720x4168,25,Constantine,2023-08-30,Basic,521.0,2645.7200000000003,
CUST_03884,Alexandria,Flores,robertsbrenda@example.org,4606670876,26,Algiers,2024-05-22,Standard,537.0,6427.94,
CUST_03885,David,Lewis,,001-427-733-8528,46,Sidi Bel Abbès,2022-12-09,Basic,801.0,16360.640000000001,
CUST_03886,Douglas,Tapia,imoore@example.org,(571)957-7317x536,18,Biskra,2025-03-05,Standard,686.0,3233.33,
CUST_03887,diana,Williams,hwilson@example.com,596.882.2983,32,Tlemcen,2023-01-31,Basic,728.0,18634.2,
CUST_03888,Matthew,Rodriguez,alexschwartz@example.org,+1-656-444-1589x6897,31,Biskra,2024-03-22,Standard,393.0,8686.02,
CUST_03889,Rebecca,Herrera,rosevega@example.org,+1-439-202-1573,37,Biskra,2025-09-23,Basic,620.0,0.0,
CUST_03890,Jacqueline,Lowery,jpark@example.net,394.873.1109x8204,36,Oran,2023-01-20,Standard,649.0,10481.990000000002,
CUST_03891,John,Hinton,timothy01@example.com,+1-896-571-9652,24,Algiers,2023-05-12,Basic,719.0,4844.95,
CUST_03892,Mary,Lam,cmendez@example.org,(273)399-6662,52,Annaba,2024-03-26,Standard,702.0,24440.23,
CUST_03893,Juan,Hood,jennifermiddleton@example.org,+1-575-267-3508x22047,48,Oran,2024-08-22,Premium,714.0,5986.77,
CUST_03894,Jose,Chambers,gramirez@example.net,(441)283-3567,43,SIDI BEL ABBÈS,2024-11-25,Basic,539.0,6133.389999999999,
CUST_03895,Felicia,Trujillo,rodriguezjenna@example.org,001-242-372-2089x5809,24,Batna,2025-04-01,Standard,504.0,14939.710000000001,
CUST_03896,Charles,Randall,,+1-667-336-4389,18,Batna,2023-05-09,Standard,767.0,12089.84,
CUST_03897,Michael,Meyer,,(390)916-6515,37,Blida,2024-05-04,Standard,585.0,3282.5,
CUST_03898,Tammy,Campos,johncampbell@example.net,(266)647-9846x50335,34,Sétif,2024-05-18,Standard,748.0,1351.02,
CUST_03899,Heather,Warner,floresdennis@example.com,(509)860-3075x856,32,Annaba,2025-07-11,Standard,613.0,16122.07,
CUST_03900,David,Morrow,franklinvanessa@example.net,576-234-3399x71236,18,Sétif,2023-03-20,Standard,439.0,3725.5600000000004,
CUST_03901,Jeffrey,Olsen,,398-878-0187,18,Sétif,2024-10-29,Basic,678.0,6723.4400000000005,
CUST_03902,Tina,Rivers,debra05@example.com,(972)342-7420x7842,36,Sidi Bel Abbès,2025-08-28,Standard,578.0,22139.71,
CUST_03903,Bryan,Gonzales,nicole64@example.net,(271)943-6489x36175,44,Algiers,2023-01-16,Standard,637.0,4512.84,
CUST_03904,Eric,Rodriguez,angelaglenn@example.com,2254334411,43,Constantine,2022-12-18,Standard,630.0,11391.26,
CUST_03905,Jeffrey,Taylor,kjohnson@example.org,(489)837-0997,33,Annaba,2023-08-03,Standard,638.0,14953.04,
CUST_03906,Annette,Melendez,elizabethwilliams@example.org,(232)285-2124,47,Sétif,2025-05-19,Premium,652.0,22216.43,
CUST_03907,David,Davis,julia60@example.org,(249)488-2476x9029,36,Sidi Bel Abbès,2024-01-25,Standard,649.0,21999.579999999998,
CUST_03908,Jasmine,Perkins,priscilla08@example.org,9264927829,28,Batna,2023-07-04,Basic,664.0,7772.67,
CUST_03909,alicia,Wolfe,oroberts@example.com,601-526-8490x856,22,Constantine,2024-10-22,Premium,619.0,11074.26,
CUST_03910,Robert,Zuniga,davidtravis@example.net,782.979.0654,48,Annaba,2023-08-27,Standard,614.0,4289.37,
CUST_03911,Angelica,Murphy,robinsonnicole@example.org,(561)662-5230x81973,53,Tlemcen,2023-10-05,Standard,625.0,15465.35,
CUST_03912,Duane,Smith,kimberly42@example.net,2529673889,26,Sétif,2025-01-13,Standard,745.0,3338.8100000000004,
CUST_03913,John,Chen,omiles@example.net,+1-895-740-0220x26788,41,Oran,2023-05-03,Basic,692.0,11287.2,
CUST_03914,Joann,Berg,tracy27@example.org,+1-303-282-0000x3901,42,Biskra,2023-01-04,Premium,449.0,3882.28,
CUST_03915,Ashley,Thompson,danielbenjamin@example.org,388.978.1514,37,BISKRA,2024-08-09,Basic,761.0,31130.09,
CUST_03916,Ethan,Richardson,lindseymonique@example.com,(942)295-5538,40,Tlemcen,2024-04-19,Basic,378.0,2852.41,
CUST_03917,Bianca,Stewart,erik20@example.com,+1-932-783-7158,29,Blida,2023-08-17,Premium,668.0,31851.27,
CUST_03918,Chelsea,Lewis,megan46@example.com,4472294842,33,Tlemcen,2022-12-07,Standard,767.0,1139.4,
CUST_03919,Daniel,Carter,bestsylvia@example.com,+1-309-570-6704x3024,35,Batna,2022-12-16,Standard,300.0,11946.07,
CUST_03920,Janice,Smith,,741.351.8134x2881,57,Blida,2024-03-09,Basic,792.0,8770.630000000001,
CUST_03921,Monica,Bradley,nguyensteven@example.net,001-699-315-5728x768,29,Biskra,2025-02-18,Basic,725.0,13160.16,
CUST_03922,Rodney,Ramsey,paulstokes@example.org,(524)434-1917x3959,40,Tlemcen,2023-12-12,Basic,706.0,16526.260000000002,
CUST_03923,Kevin,Swanson,rogersluis@example.net,(832)318-2700x6268,43,Algiers,2024-07-15,Premium,529.0,6084.12,
CUST_03924,Kimberly,Evans,cbarnes@example.net,579.589.8962x8674,47,Annaba,2025-05-06,Standard,578.0,6133.1,
CUST_03925,Christine,Giles,,704.596.2525x58031,30,TLEMCEN,2025-02-07,Standard,609.0,22269.27,
CUST_03926,Leah,Brown,charleskelly@example.org,548-357-5174,37,Tlemcen,2025-05-03,Premium,583.0,2555.31,
CUST_03927,Sarah,Mccoy,christianmatthews@example.com,001-831-245-7265x42586,40,Oran,2024-07-28,Standard,727.0,9153.8,
CUST_03928,Sandra,Buckley,tasha11@example.com,6818074525,38,ORAN,2024-10-18,Standard,684.0,7925.12,
CUST_03929,Melinda,Rojas,bob85@example.com,710-680-3061,39,Sidi Bel Abbès,2023-02-22,Basic,572.0,814.98,
CUST_03930,Tiffany,Ford,dmccarty@example.org,+1-571-831-1942x7100,27,Sétif,2025-10-21,Premium,518.0,12887.900000000001,
CUST_03931,Samantha,Smith,edwinwarner@example.com,+1-788-715-9456x069,41,Tlemcen,2024-07-26,Standard,695.0,995.99,
CUST_03932,Daniel,Thompson,henry50@example.net,5163153644,18,Sétif,2023-05-10,Basic,507.0,12727.580000000002,
CUST_03933,Alexis,Johnson,adamparker@example.com,001-520-382-3509x68888,54,Oran,2023-09-25,Standard,537.0,4029.6,
CUST_03934,Richard,Barker,isimpson@example.com,341-921-9170x622,32,BISKRA,2025-10-14,Standard,743.0,10648.83,
CUST_03935,Kyle,Stein,mgross@example.org,6034902915,68,Batna,2024-09-08,Premium,718.0,14157.120000000003,
CUST_03936,Isabella,Hunter,rodriguezdarin@example.com,001-870-212-4423,26,Constantine,2023-10-27,Basic,534.0,257.58,
CUST_03937,Tracy,Rollins,heidicarlson@example.com,223-520-9554,20,Blida,2023-07-21,Standard,721.0,24529.730000000003,
CUST_03938,Nicholas,Dixon,rberry@example.net,2302665693,18,Tlemcen,2022-12-24,Standard,660.0,6448.74,
CUST_03939,William,Castillo,robert76@example.org,542.282.3344,47,Blida,2024-04-15,Standard,746.0,6660.58,
CUST_03940,Kyle,Washington,reedjill@example.org,+1-654-414-9161x112,43,Batna,2025-08-16,Premium,614.0,2064.98,
CUST_03941,Lauren,May,pmckenzie@example.org,+1-268-762-5137x7276,31,Batna,2023-12-08,Standard,728.0,8230.119999999999,
CUST_03942,Alex,Palmer,danielrobinson@example.com,969-843-0749x8209,61,Biskra,2023-02-01,Premium,626.0,8678.99,
CUST_03943,Dustin,Hunt,orozcocarlos@example.org,(469)695-1906,-1,Blida,2023-04-17,Premium,761.0,6564.94,
CUST_03944,Mitchell,Prince,benjaminfitzgerald@example.com,228-275-3348,25,Oran,2023-06-15,Basic,472.0,3297.16,
CUST_03945,Samuel,Brown,lisa47@example.com,001-221-642-5482x718,52,Batna,2024-03-28,Basic,628.0,7761.990000000001,
CUST_03946,Phillip,White,jmoore@example.net,270-772-1769x9959,52,Annaba,2023-01-01,Basic,645.0,12038.33,
CUST_03947,joseph,Walker,daychelsea@example.com,2639959070,22,Blida,2023-01-18,Standard,597.0,21249.77,
CUST_03948,Nichole,Allen,hrobinson@example.org,001-390-693-3186x83985,20,Sétif,2024-09-20,Standard,583.0,4603.41,
CUST_03949,Michelle,Bennett,ehall@example.net,+1-590-409-1807,20,Oran,2024-06-02,Standard,640.0,5348.950000000001,
CUST_03950,Tammy,Garrett,nelsonrita@example.net,234.986.0717x7545,18,Batna,2025-08-29,Premium,692.0,3593.76,
CUST_03951,Randall,Barrett,phillipstracy@example.net,001-900-913-8859,18,Oran,2024-08-07,Basic,850.0,12592.650000000001,
CUST_03952,Melissa,Davis,calebcompton@example.org,001-559-446-6961x4797,50,Sétif,2024-08-26,Premium,521.0,6995.7,
CUST_03953,Alicia,Perez,jessicabest@example.net,+1-554-300-5453x04214,32,Sétif,2025-02-08,Basic,638.0,12979.25,
CUST_03954,Michael,Grant,andrew64@example.org,(598)416-8783,41,Sétif,2023-05-04,Basic,570.0,20377.1,
CUST_03955,Andrew,Perez,william47@example.org,001-515-851-5219,34,Constantine,2023-07-04,Standard,693.0,888.36,
CUST_03956,Jacqueline,Nichols,zthomas@example.org,461.224.2044x1568,42,Sidi Bel Abbès,2023-04-30,Standard,755.0,333.11,
CUST_03957,Erin,Larson,ashley94@example.net,4185989266,40,Sétif,2024-03-19,Standard,607.0,0.0,
CUST_03958,Brian,Pena,robert00@example.org,001-629-357-0349x3553,18,Sidi Bel Abbès,2024-01-12,Basic,596.0,24672.62,
CUST_03959,Timothy,Beasley,mlong@example.net,668.891.9520,25,Annaba,2025-09-03,Premium,782.0,685.9,
CUST_03960,Travis,Mcdonald,reedkevin@example.com,234.441.9012,35,Tlemcen,2023-01-23,Premium,707.0,6667.2300000000005,
CUST_03961,James,Johnston,katrinawoodard@example.com,901.355.9720x56522,57,Tlemcen,2023-04-12,Standard,697.0,8521.880000000001,
CUST_03962,Robert,Dunn,cwatson@example.net,2968708338,19,Tlemcen,2025-04-05,Standard,765.0,13217.34,
CUST_03963,sarah,Schroeder,alyssaewing@example.com,599.817.2352x88151,20,Tlemcen,2025-03-11,Standard,646.0,9179.52,
CUST_03964,Gavin,Porter,johnsonjason@example.net,570.443.1345x5163,46,Biskra,2024-09-10,Premium,690.0,2671.17,
CUST_03965,Chelsea,Shelton,williamssteven@example.com,001-898-211-1809x816,31,Biskra,2024-07-28,Standard,724.0,1329.02,
CUST_03966,Terri,Pena,baldwineric@example.org,571-543-8401x1540,34,BATNA,2024-09-13,Standard,708.0,23220.94,
CUST_03967,Roger,Silva,hobbsstephen@example.com,530-296-2771x86986,53,Oran,2024-03-13,Standard,612.0,8687.08,
CUST_03968,Robert,Sullivan,jessica27@example.net,853-479-5696x8260,34,Biskra,2025-04-30,Standard,767.0,17885.43,
CUST_03969,Andrew,Wilson,angela30@example.org,250.403.7660,52,Biskra,2025-06-20,Basic,685.0,10201.73,
CUST_03970,Mark,Clark,erika10@example.com,297.631.7367x23101,51,Batna,2025-05-15,Premium,588.0,9267.4,
CUST_03971,Barbara,Kelly,wrightdaniel@example.org,230.481.6348x1105,27,Sidi Bel Abbès,2025-02-27,Basic,482.0,5553.88,
CUST_03972,Stephanie,Lang,deborah72@example.com,995-584-3612,36,Batna,2024-07-19,Standard,574.0,3015.35,
CUST_03973,Lauren,Sandoval,james82@example.org,308.557.6236x23916,46,Batna,2025-04-06,Standard,521.0,8531.23,
CUST_03974,Douglas,Ferguson,sherri52@example.com,(487)208-8063x5729,29,Batna,2023-10-12,Standard,739.0,16059.1,
CUST_03975,John,Velazquez,victoriathompson@example.org,(771)264-3169,39,Algiers,2025-03-19,Standard,591.0,0.0,
CUST_03976,Alexandra,Jones,ballardronald@example.org,+1-901-622-1258x4723,39,Biskra,2025-06-15,Premium,698.0,7189.82,
CUST_03977,Justin,Duncan,kathleenortiz@example.net,9223509135,18,Annaba,2024-04-10,Premium,838.0,16239.170000000002,
CUST_03978,Joseph,Roman,torreschristian@example.com,2997521046,48,Tlemcen,2024-06-21,Standard,439.0,4905.2,
CUST_03979,Ashlee,Sullivan,johnsonkenneth@example.com,001-576-814-9434x0501,44,Biskra,2023-03-02,Standard,755.0,10846.75,
CUST_03980,Carrie,Chase,shawn54@example.net,001-752-235-5897x295,39,Batna,2025-04-28,Standard,805.0,2776.3300000000004,
CUST_03981,Vanessa,Ramirez,smithtommy@example.org,940-499-2293x46629,20,Batna,2025-01-08,Standard,471.0,3130.9,
CUST_03982,Kenneth,Walker,laura99@example.com,226.934.8550x023,38,Constantine,2024-08-25,Premium,626.0,14042.349999999999,
CUST_03983,Nicholas,Bryant,ambergray@example.net,628.359.0406x20943,50,Algiers,2025-08-09,Basic,849.0,14383.34,
CUST_03984,Margaret,Robbins,rodriguezelizabeth@example.org,001-611-832-6339x8868,33,Sétif,2024-02-11,Standard,611.0,5691.83,
CUST_03985,Richard,Harris,jill15@example.net,591.822.1904,23,Algiers,2025-08-06,Standard,618.0,6658.629999999999,
CUST_03986,Robert,Brown,robertorozco@example.com,001-944-269-4421x106,53,Tlemcen,2024-09-11,Standard,591.0,4461.41,
CUST_03987,Bradley,Ward,perezrobert@example.net,651-687-1040,25,Sétif,2023-08-25,Premium,690.0,17241.89,
CUST_03988,Katherine,Valenzuela,kperez@example.net,001-922-284-0144,32,Batna,2024-10-06,Standard,810.0,8312.78,
CUST_03989,Stephanie,Robinson,cooktammy@example.com,263-218-9275,18,Sétif,2024-11-02,Standard,597.0,4472.29,
CUST_03990,ariel,Rollins,curtislopez@example.net,9052067481,45,Annaba,2024-11-22,Premium,763.0,15676.900000000001,
CUST_03991,Jimmy,Johnson,nicoleyoung@example.com,001-781-930-1217x09944,33,Oran,2024-06-24,Basic,749.0,12274.89,
CUST_03992,Jamie,Wilson,michellejohnson@example.org,(891)885-3610x6707,33,Sidi Bel Abbès,2025-10-21,Basic,713.0,5483.7,
CUST_03993,Jacob,Mann,boonethomas@example.org,673.326.8578x1052,45,Sétif,2025-04-22,Standard,847.0,12625.04,
CUST_03994,hannah,Pham,charlesmason@example.com,(625)367-6787x905,25,Oran,2024-02-19,Basic,686.0,8967.029999999999,
CUST_03995,Kaitlyn,James,millermichael@example.com,8529426996,19,Sétif,2024-05-30,Premium,733.0,3489.7300000000005,
CUST_03996,Christina,Hudson,williamstanner@example.org,916.204.1379x64049,34,Annaba,2024-07-08,Basic,668.0,6342.07,
CUST_03997,Kevin,Smith,,470.618.3078x4908,36,Batna,2023-12-30,Standard,634.0,13028.119999999999,
CUST_03998,Gabriela,Thornton,samantha20@example.org,202.523.9354,46,Batna,2024-03-20,Standard,809.0,9464.82,
CUST_03999,Jesse,Gonzalez,tami47@example.org,+1-778-612-1965x7351,31,Tlemcen,2024-01-02,Premium,806.0,11065.52,
CUST_04000,Emily,Hamilton,bpadilla@example.com,771-624-3468x348,18,Tlemcen,2024-03-25,Standard,701.0,6775.75,
CUST_04001,Daniel,Murphy,ccarlson@example.org,983-426-9736x06301,23,Oran,2025-02-10,Basic,690.0,10023.240000000002,
CUST_04002,Christina,Hanson,pspencer@example.net,001-832-385-9683x4511,18,Algiers,2025-10-23,Standard,609.0,2087.15,
CUST_04003,Patrick,Davis,robinsonedward@example.org,(562)693-6588,30,Tlemcen,2025-08-21,Standard,666.0,11122.61,
CUST_04004,Paul,Williams,tonyabowen@example.com,+1-582-752-6791,21,Oran,2023-12-05,Standard,657.0,838.59,
CUST_04005,Richard,Mitchell,austinmartha@example.com,288-929-9178,58,Sétif,2024-02-14,Basic,616.0,24169.08,
CUST_04006,Sara,King,gallowaystephanie@example.com,387-400-1365,31,Constantine,2022-11-21,Standard,506.0,1995.55,
CUST_04007,Robert,Ward,pmorrison@example.com,472-759-8568x4212,46,Annaba,2025-02-28,Standard,569.0,22433.95,
CUST_04008,Lisa,Meyers,john19@example.com,(767)536-3251,22,Oran,2022-12-30,Basic,620.0,9653.99,
CUST_04009,Jennifer,Holland,weaverkelly@example.org,700-625-9047,24,Sidi Bel Abbès,2024-03-04,Standard,688.0,8950.58,
CUST_04010,Christopher,Rodriguez,michaelmorris@example.net,446.991.7284x71271,51,CONSTANTINE,2025-03-25,Standard,688.0,8181.54,
CUST_04011,Christopher,Petersen,mmedina@example.org,330.565.5976,62,Batna,2023-11-22,Standard,757.0,0.0,
CUST_04012,Jasmine,Smith,rhondamora@example.com,+1-761-777-0012x808,18,Oran,2024-03-22,Basic,490.0,14466.14,
CUST_04013,Debra,Nelson,jeffreydominguez@example.org,001-789-468-3540,61,Batna,2024-10-16,Standard,650.0,6425.8,
CUST_04014,Kristi,Smith,vjohnson@example.com,732-990-0889x5091,24,Constantine,2024-05-11,Standard,607.0,11350.150000000001,
CUST_04015,Mark,Hubbard,,(529)882-2505,28,Batna,2025-06-14,Basic,662.0,9769.8,
CUST_04016,Clarence,Gonzalez,april42@example.org,001-241-684-4462,27,Constantine,2023-10-15,Standard,676.0,2792.38,
CUST_04017,Wendy,Porter,mlopez@example.org,592.211.8082,20,Sidi Bel Abbès,2023-09-09,Premium,535.0,9034.78,
CUST_04018,Allison,Cooper,mflowers@example.org,921.565.1556,21,Annaba,2024-03-06,Basic,9999.0,7612.5,
CUST_04019,Charles,Gibson,laceymcdonald@example.net,+1-876-259-7324,58,Batna,2024-11-08,Premium,547.0,4227.74,
CUST_04020,Karen,Blake,andre21@example.org,+1-925-205-8368x251,46,Constantine,2023-09-14,Basic,626.0,12753.93,
CUST_04021,Debra,Wilkins,diana52@example.com,546.993.4432x228,50,Constantine,2025-05-07,Standard,830.0,9271.449999999999,
CUST_04022,Sarah,Smith,iclark@example.org,848-440-0045x3444,44,Constantine,2024-05-12,Premium,685.0,9087.95,
CUST_04023,Jessica,Owen,vincentsnyder@example.com,(643)634-7720,37,Blida,2023-08-01,Premium,738.0,7192.9400000000005,
CUST_04024,Madison,Cooley,danameyers@example.com,+1-759-994-8482x75965,24,Sétif,2025-03-08,Standard,543.0,0.0,
CUST_04025,Peggy,Burgess,stephanie30@example.org,471.606.2359x16931,40,Blida,2025-05-16,Premium,631.0,10546.279999999999,
CUST_04026,Nancy,Nunez,megan66@example.net,+1-256-860-2076x24513,54,Oran,2025-06-02,Basic,627.0,1409.98,
CUST_04027,donald,Oconnor,jasmine57@example.net,001-549-941-8442x65495,33,Algiers,2023-12-20,Basic,798.0,14538.36,
CUST_04028,Natalie,Bell,christopher87@example.com,791-950-2229x518,18,Sétif,2024-05-29,Premium,568.0,11463.16,
CUST_04029,Charles,Park,adam89@example.org,290-287-6991x5748,31,Blida,2025-01-20,Standard,9999.0,12336.23,
CUST_04030,Emily,Simmons,warrenalexander@example.net,(567)682-2490,40,Constantine,2025-03-13,Premium,390.0,2966.74,
CUST_04031,Vincent,Berger,sspence@example.com,522-981-5515x62499,27,Constantine,2024-08-22,Standard,645.0,5299.799999999999,
CUST_04032,Leslie,Kent,austinclark@example.org,(604)826-3759x9729,23,Biskra,2025-08-03,Basic,744.0,19392.32,
CUST_04033,William,Meza,bjenkins@example.com,4573599753,27,Biskra,2024-06-13,Premium,565.0,8743.439999999999,
CUST_04034,Colleen,Curtis,howellbilly@example.com,546.252.9189x35805,24,Sidi Bel Abbès,2024-01-08,Standard,655.0,19141.36,
CUST_04035,Amy,Gregory,strongjohn@example.org,(802)444-2117x3849,31,Sidi Bel Abbès,2023-08-26,Standard,486.0,13769.54,
CUST_04036,Jennifer,Vazquez,,634-622-3550,36,Algiers,2023-12-24,Premium,829.0,2925.12,
CUST_04037,Jennifer,Rodriguez,hollowaydonna@example.com,(608)302-0110,39,Constantine,2025-09-23,Standard,633.0,5832.83,
CUST_04038,William,Noble,sbarker@example.net,+1-760-722-5092x0119,38,Constantine,2024-01-18,Standard,708.0,6679.58,
CUST_04039,Tracy,Black,tracyanderson@example.com,225-692-7976,18,Algiers,2023-05-30,Standard,785.0,6562.99,
CUST_04040,Daniel,Glenn,kimberlysparks@example.org,2845952540,54,Batna,2024-11-14,Basic,850.0,0.0,
CUST_04041,Terri,Mcintosh,joshuastewart@example.com,894-378-9792x6911,-1,Sétif,2024-12-11,Standard,681.0,13453.61,
CUST_04042,Jonathan,Reyes,jackjordan@example.net,001-618-782-9787x682,41,Biskra,2024-10-11,Basic,454.0,7714.530000000001,
CUST_04043,William,Flores,ljordan@example.com,657.254.8452,47,Batna,2025-10-29,Standard,674.0,3453.87,
CUST_04044,Kristen,Gutierrez,kendrawilson@example.com,(414)972-3803,52,Algiers,2025-08-23,Standard,757.0,25046.38,
CUST_04045,Martin,Ramirez,toddphillips@example.org,001-624-432-0589x20790,36,Sétif,2025-08-30,Standard,610.0,11004.17,
CUST_04046,Melissa,Graham,nicolasmcdonald@example.org,485-228-5295x8031,42,Oran,2023-07-18,Standard,616.0,8915.720000000001,
CUST_04047,Rhonda,Newton,xhunt@example.net,(252)711-7780x0281,47,Tlemcen,2025-10-03,Standard,485.0,20192.13,
CUST_04048,Jason,Smith,,267-902-1492,28,Biskra,2025-07-20,Standard,694.0,10807.65,
CUST_04049,Joshua,Garcia,istevens@example.com,+1-602-510-9859x30608,30,Biskra,2024-10-07,Standard,586.0,9182.81,
CUST_04050,Maria,Davis,paula94@example.org,+1-818-372-7429x33175,47,Annaba,2024-02-28,Basic,823.0,12269.089999999998,
CUST_04051,James,Wilson,brittany69@example.com,+1-854-591-7808x8557,46,Blida,2023-03-27,Standard,571.0,3600.84,
CUST_04052,Jasmine,White,,+1-423-873-9304x5741,22,Algiers,2025-01-23,Premium,704.0,0.0,
CUST_04053,Janet,Wells,wyattjonathon@example.com,317.902.7772,63,Biskra,2024-07-20,Standard,354.0,1991.7900000000002,
CUST_04054,Rachel,Vasquez,ambergibson@example.org,001-865-400-3123x54836,21,Batna,2023-07-19,Premium,574.0,10163.84,
CUST_04055,Nicholas,Rodriguez,susanosborne@example.net,330-721-5595x22393,34,Tlemcen,2024-12-26,Standard,751.0,9296.31,
CUST_04056,Eileen,Miller,kellychristopher@example.net,907-297-2281x08918,23,Biskra,2024-08-30,Standard,782.0,14310.3,
CUST_04057,Mathew,Williams,walkeramy@example.net,+1-511-532-0360x960,50,Sidi Bel Abbès,2023-09-10,Standard,554.0,6932.13,
CUST_04058,Susan,Hensley,richardmorrow@example.com,(880)279-3446,49,Tlemcen,2023-03-15,Standard,723.0,12277.19,
CUST_04059,Eric,Miller,scottsimon@example.net,001-480-544-6007x9194,50,Batna,2024-09-20,Standard,306.0,6253.15,
CUST_04060,Jennifer,Moore,toddclark@example.net,2493978055,30,Blida,2025-08-20,Standard,745.0,4656.11,
CUST_04061,Joshua,Smith,roachconnie@example.com,605.412.1075x3535,34,Annaba,2024-02-22,Basic,528.0,17.74,
CUST_04062,Elizabeth,Hebert,ibailey@example.com,+1-712-882-6424x914,51,Oran,2024-05-20,Standard,690.0,15098.43,
CUST_04063,Kelly,Sullivan,jonathan73@example.net,+1-493-601-6127,35,Constantine,2023-12-31,Premium,793.0,7805.43,
CUST_04064,Robin,Rosales,petersenmary@example.org,616.889.2321x711,19,Sidi Bel Abbès,2025-10-18,Standard,740.0,3120.2200000000003,
CUST_04065,Jason,Johnson,kimberly05@example.com,301.443.0276x799,36,Blida,2025-03-02,Standard,458.0,22163.81,
CUST_04066,Joshua,Ramirez,jenniferperez@example.com,(600)495-4108,34,Tlemcen,2024-04-08,Standard,668.0,40044.32000000001,
CUST_04067,Heather,Wells,donald33@example.net,913.625.6212,38,Oran,2025-07-18,Standard,733.0,17847.7,
CUST_04068,Jessica,Collins,miguel62@example.net,+1-877-329-1616x934,41,Sidi Bel Abbès,2025-06-30,Standard,590.0,7519.9400000000005,
CUST_04069,Randy,Kelley,brianrichard@example.net,720-575-7046x48371,18,Algiers,2023-06-11,Standard,753.0,1379.98,
CUST_04070,Robert,Shelton,rdudley@example.net,467-943-1218,29,Constantine,2023-11-29,Basic,9999.0,20836.12,
CUST_04071,Melissa,Gibson,elizabeth53@example.net,878-241-6475,21,Tlemcen,2025-08-23,Standard,524.0,6938.620000000001,
CUST_04072,Mark,Daniel,joshua15@example.com,+1-261-942-8234x282,24,Biskra,2024-05-16,Standard,645.0,4148.1900000000005,
CUST_04073,Victoria,Chaney,emilyyork@example.com,001-422-713-2868x7973,38,Tlemcen,2025-08-16,Basic,644.0,0.0,
CUST_04074,Cynthia,Hatfield,bishopkristin@example.org,001-494-275-8598x93443,43,Oran,2024-08-26,Standard,575.0,9944.619999999999,
CUST_04075,Emily,Montgomery,charles79@example.org,001-717-515-4894x950,32,Sétif,2023-03-30,Standard,577.0,0.0,
CUST_04076,John,Lambert,jcabrera@example.org,(337)740-6859x64652,26,Sidi Bel Abbès,2025-07-03,Standard,765.0,7184.969999999999,
CUST_04077,Keith,Carr,ulove@example.com,(643)898-9979x30700,38,Sétif,2024-02-12,Premium,524.0,7422.08,
CUST_04078,Jennifer,Cameron,erin26@example.net,224-871-3052,18,Blida,2024-12-28,Standard,778.0,2402.6299999999997,
CUST_04079,Stephanie,Irwin,harveychristian@example.com,001-306-369-3548x9102,38,Blida,2025-01-22,Basic,737.0,13219.170000000002,
CUST_04080,Natasha,Miller,laura16@example.com,583.739.9704,43,SÉTIF,2025-06-01,Basic,765.0,6904.09,
CUST_04081,Joel,Alvarez,lewischad@example.net,828.987.5257,36,Batna,2025-08-28,Standard,597.0,20870.07,
CUST_04082,Henry,Adams,rschaefer@example.com,001-397-852-5421x719,37,Biskra,2023-08-31,Standard,783.0,6641.79,
CUST_04083,Catherine,Wolfe,melissagray@example.com,001-294-659-0537x549,-1,Tlemcen,2024-10-04,Basic,585.0,9156.33,
CUST_04084,Janet,Farmer,daniel01@example.org,+1-698-972-6905,41,Oran,2023-06-19,Basic,777.0,15781.330000000002,
CUST_04085,James,Martinez,ybryan@example.com,001-559-681-8370,39,Sidi Bel Abbès,2025-01-29,Standard,596.0,5659.88,
CUST_04086,Janice,Hampton,karengarrett@example.com,+1-270-275-1497x674,45,Constantine,2024-06-18,Standard,508.0,4533.4400000000005,
CUST_04087,Todd,Simon,dmcguire@example.org,001-819-385-0478x82556,38,Constantine,2025-07-03,Standard,560.0,7348.99,
CUST_04088,Cristina,Jackson,brandon82@example.net,+1-672-674-0647x08870,36,Tlemcen,2023-02-09,Premium,731.0,6632.75,
CUST_04089,Richard,Johnson,stephaniepatrick@example.com,001-258-679-4320x500,37,Annaba,2024-01-12,Standard,767.0,17668.41,
CUST_04090,Carla,Garner,yrogers@example.com,922-433-6069x434,29,Tlemcen,2024-11-22,Standard,547.0,13994.7,
CUST_04091,Bethany,Bates,sarahhancock@example.org,001-795-696-1708,41,Biskra,2025-01-26,Standard,554.0,2466.8,
CUST_04092,Daniel,Dixon,zadams@example.net,001-509-241-2547x2463,29,Annaba,2023-10-09,Standard,571.0,14429.509999999998,
CUST_04093,Amanda,Chandler,matthewsjoanna@example.com,608.994.3666,37,Algiers,2023-11-11,Basic,695.0,5096.54,
CUST_04094,Gina,Davis,wwilson@example.net,+1-906-795-7071x30802,41,Constantine,2024-05-05,Standard,566.0,9235.74,
CUST_04095,Dennis,Adams,larsenanne@example.org,(517)317-1188x221,31,Sidi Bel Abbès,2023-04-20,Premium,543.0,1936.4199999999998,
CUST_04096,Nicholas,Jones,pamelaholland@example.net,9006195940,37,Tlemcen,2023-12-05,Basic,572.0,15901.4,
CUST_04097,Jeffery,King,djohnson@example.com,764.814.0226,18,Constantine,2025-02-04,Standard,754.0,1109.99,
CUST_04098,Claudia,Kidd,janet61@example.net,+1-602-588-2398,18,Sidi Bel Abbès,2024-04-09,Standard,661.0,1655.07,
CUST_04099,David,Garcia,crystalbrewer@example.net,001-851-375-3097x204,39,Biskra,2023-04-23,Basic,581.0,27758.39,
CUST_04100,Katie,Kent,tammycarlson@example.org,506-398-3214x45686,52,Blida,2024-02-03,Premium,594.0,2515.93,
CUST_04101,angela,Freeman,hillmonica@example.org,451-366-9553,32,Biskra,2023-02-28,Standard,745.0,11058.65,
CUST_04102,Hannah,Shelton,marie48@example.net,+1-207-988-9907,24,Sidi Bel Abbès,2023-07-27,Standard,589.0,2048.9,
CUST_04103,becky,Walls,sarahthompson@example.net,(610)321-5234,29,Sidi Bel Abbès,2024-12-29,Standard,755.0,18753.96,
CUST_04104,Teresa,Knight,nicolemartin@example.com,677-391-8506,25,Tlemcen,2025-11-05,Standard,635.0,3264.9300000000003,
CUST_04105,Heather,Perez,robinsonalexander@example.com,649-687-0378,31,Batna,2024-04-14,Standard,445.0,15010.25,
CUST_04106,Jennifer,Fritz,bbeck@example.net,514.413.1929,42,Constantine,2025-01-21,Premium,729.0,26265.41,
CUST_04107,Brenda,Curry,colonblake@example.com,7678156636,32,Biskra,2024-06-10,Standard,527.0,0.0,
CUST_04108,Bryan,Brown,qrowe@example.net,+1-229-704-5057x32663,45,Sétif,2023-04-27,Premium,536.0,27781.02,
CUST_04109,Michael,Watkins,davidcantu@example.com,7915442884,36,Oran,2025-09-24,Premium,850.0,5242.32,
CUST_04110,Kathryn,Smith,qwolf@example.org,+1-913-730-7726x292,25,Algiers,2025-08-23,Standard,751.0,1840.3899999999999,
CUST_04111,Michael,Hogan,,585-980-2576x9985,35,Constantine,2023-11-26,Standard,603.0,13923.25,
CUST_04112,Katherine,Herrera,fkim@example.com,(788)555-1895,32,Tlemcen,2025-05-01,Basic,454.0,6540.89,
CUST_04113,Juan,Harris,gary85@example.org,946-611-1055,22,Constantine,2023-05-18,Standard,473.0,16986.5,
CUST_04114,stephanie,Sanchez,damon24@example.org,(628)798-9365x19565,18,Sétif,2025-10-08,Premium,776.0,3904.5,
CUST_04115,Jeremy,Powell,howelljames@example.net,+1-664-317-6570x779,29,Constantine,2022-11-14,Standard,563.0,8910.58,
CUST_04116,James,Richardson,ebennett@example.org,(416)898-7091,44,Sétif,2024-12-17,Standard,555.0,16314.99,
CUST_04117,Daniel,Shepard,angelalewis@example.com,+1-471-830-2715x133,31,Tlemcen,2022-12-25,Basic,759.0,8479.64,
CUST_04118,Amy,Dorsey,kimberlysanchez@example.com,(474)320-8600,27,Tlemcen,2023-03-13,Standard,748.0,8454.49,
CUST_04119,Edward,Evans,powelljustin@example.com,+1-379-968-8248x9323,19,Blida,2025-05-16,Standard,612.0,22301.65,
CUST_04120,Jasmin,Vega,hle@example.com,(203)814-7548,44,Oran,2025-11-04,Basic,634.0,10763.060000000001,
CUST_04121,Shelly,Torres,,+1-847-618-3449x985,18,Sidi Bel Abbès,2023-04-30,Basic,626.0,2144.45,
CUST_04122,Michael,Ferrell,tstewart@example.net,(756)305-9233x892,32,Sétif,2025-07-29,Standard,667.0,5575.3,
CUST_04123,Breanna,Camacho,butlertiffany@example.org,329-528-5034,41,Batna,2024-09-16,Premium,668.0,11070.72,
CUST_04124,Vincent,Williams,wmarshall@example.org,525-486-2170x08781,42,Tlemcen,2024-08-14,Standard,636.0,0.0,
CUST_04125,Christopher,Cameron,stricklandnicole@example.org,+1-879-784-0582x7345,28,Tlemcen,2024-07-05,Standard,693.0,6300.530000000001,
CUST_04126,Tiffany,Francis,emilykelley@example.net,(245)950-3163,59,Annaba,2023-06-27,Premium,587.0,3452.41,
CUST_04127,brittney,Matthews,shawn51@example.org,001-425-637-6984x828,35,Oran,2025-05-20,Standard,643.0,2287.8199999999997,
CUST_04128,Heather,Trevino,,2159633918,18,Batna,2024-12-19,Standard,458.0,5673.280000000001,
CUST_04129,Tyler,James,keith32@example.org,001-533-307-4232,45,Algiers,2023-10-18,Premium,661.0,5950.88,
CUST_04130,Kathryn,Hoffman,barneskenneth@example.org,(437)621-3661x59282,26,Tlemcen,2024-02-29,Basic,675.0,0.0,
CUST_04131,Alejandra,Richardson,ggreene@example.com,+1-391-775-5413x308,26,Oran,2023-01-26,Standard,698.0,6418.25,
CUST_04132,Jeremy,Johnson,schaefermarvin@example.net,001-691-614-4342,47,Oran,2025-09-06,Standard,626.0,16549.32,
CUST_04133,Jill,Martinez,michelle66@example.org,001-807-338-7565,18,Tlemcen,2023-01-30,Standard,650.0,879.57,
CUST_04134,Christopher,Jackson,deborah90@example.com,001-901-527-2419x7502,25,ANNABA,2024-07-10,Premium,525.0,24250.47,
CUST_04135,Sean,Bailey,robert75@example.com,477.883.2186x7337,38,Batna,2025-07-24,Standard,756.0,4496.63,
CUST_04136,Gabriela,Gonzalez,michellebrown@example.com,465-959-1517,-1,Annaba,2023-07-09,Premium,740.0,35213.78,
CUST_04137,Laurie,Woodard,,472-519-9898,36,Sidi Bel Abbès,2023-04-11,Standard,565.0,6701.14,
CUST_04138,Jonathan,Dixon,victoriascott@example.org,+1-207-912-2302x530,47,Constantine,2023-07-16,Standard,672.0,2154.9,
CUST_04139,Dylan,Castaneda,joseph44@example.org,213-774-8870x55480,58,Sidi Bel Abbès,2025-02-01,Standard,683.0,4248.2,
CUST_04140,Michelle,Cannon,kirk30@example.net,001-498-523-3215x328,35,Annaba,2023-04-27,Standard,809.0,2410.6400000000003,
CUST_04141,Brandon,Wagner,terrellkaren@example.com,(964)956-0980,-1,Constantine,2024-10-25,Premium,454.0,1147.02,
CUST_04142,Stacey,Walker,tom04@example.org,(427)749-3003,29,Batna,2023-07-18,Premium,850.0,12766.86,
CUST_04143,Debra,Miller,pmay@example.com,2385857726,25,Annaba,2023-06-06,Basic,567.0,10084.720000000001,
CUST_04144,Nicholas,Chan,klee@example.net,+1-399-206-7023x1750,42,Batna,2023-08-06,Basic,648.0,27621.96,
CUST_04145,derek,Garcia,davidray@example.com,(921)319-8644,35,Annaba,2025-10-18,Standard,710.0,6701.67,
CUST_04146,Joshua,Stone,carolgraves@example.net,(686)906-2536x1381,24,Biskra,2025-04-05,Standard,738.0,9044.53,
CUST_04147,Noah,Combs,bjones@example.net,7939320762,37,Annaba,2023-02-14,Standard,584.0,14757.43,
CUST_04148,Cassandra,Jordan,angelahart@example.net,369-215-8209,-1,ALGIERS,2023-07-28,Standard,687.0,16902.55,
CUST_04149,Sonya,Reynolds,stacy08@example.org,533.877.9979x3158,27,Batna,2024-04-12,Standard,616.0,10147.46,
CUST_04150,Dawn,Rogers,imeyer@example.com,001-532-657-4433x872,26,Oran,2025-02-20,Premium,745.0,545.46,
CUST_04151,Dylan,Lewis,millerjennifer@example.net,001-986-421-1375x96488,31,Algiers,2023-12-30,Standard,604.0,12375.48,
CUST_04152,Catherine,Owens,jamescampbell@example.net,001-218-326-9549x00103,37,Constantine,2023-02-24,Standard,511.0,27181.13,
CUST_04153,Lauren,Taylor,crystal46@example.net,730.429.7399,53,Sidi Bel Abbès,2025-02-09,Basic,599.0,2411.48,
CUST_04154,Brandon,Harris,kimberlyhall@example.net,390.768.4005,-1,Sétif,2023-06-24,Standard,466.0,11205.52,
CUST_04155,Jeffrey,Martinez,tiffanyhall@example.net,792-301-3303x4228,30,Biskra,2024-11-06,Premium,603.0,8872.84,
CUST_04156,Frank,Roberts,mitchellkane@example.com,509-548-4645x56990,39,Sétif,2025-06-01,Basic,691.0,11650.260000000002,
CUST_04157,Joshua,Sanchez,timothy34@example.com,001-575-464-3273,27,TLEMCEN,2024-09-18,Standard,723.0,3105.65,
CUST_04158,Susan,Brown,geraldholland@example.org,821-770-4379,27,Algiers,2025-09-14,Standard,688.0,23387.1,
CUST_04159,Angela,Gonzalez,qmayer@example.org,+1-374-990-9782x7698,31,Oran,2024-10-31,Premium,494.0,39661.66,
CUST_04160,Justin,Brown,oking@example.com,717-977-8425x10816,31,Biskra,2024-03-13,Standard,558.0,9721.68,
CUST_04161,Carlos,Long,fgreen@example.com,731-762-7970x66999,35,Oran,2023-11-16,Standard,571.0,3321.66,
CUST_04162,Justin,Wright,andreahernandez@example.com,(247)453-6668,33,Biskra,2025-09-08,Standard,666.0,3540.0,
CUST_04163,Kristopher,Garcia,,417-355-9583,53,Batna,2024-03-08,Standard,709.0,5891.97,
CUST_04164,Brittany,Ward,iparker@example.net,,22,Blida,2025-10-04,Premium,722.0,5899.499999999999,
CUST_04165,Brandy,Woods,slane@example.net,776.988.3849x16971,48,Sétif,2025-02-05,Standard,550.0,55529.92999999999,
CUST_04166,Mary,Snow,angela63@example.net,951.286.2647,34,Tlemcen,2025-08-14,Standard,572.0,34106.15,
CUST_04167,Jennifer,Grimes,greyes@example.com,220.202.3193x902,62,Oran,2025-04-02,Premium,637.0,6632.69,
CUST_04168,Michelle,Stewart,colonryan@example.com,640-409-0372x2472,46,Blida,2023-07-16,Standard,385.0,7507.91,
CUST_04169,Michael,Snow,qblackburn@example.org,680-882-3006x79928,34,Annaba,2024-08-07,Standard,726.0,13645.29,
CUST_04170,Mark,Rogers,lking@example.org,(208)617-5970x1190,41,Sidi Bel Abbès,2024-08-30,Standard,582.0,10319.68,
CUST_04171,rebecca,Carpenter,kellyvicki@example.net,788-382-5812x0272,31,Oran,2023-09-11,Standard,489.0,7448.7300000000005,
CUST_04172,Russell,Knight,,413.928.5155,44,Blida,2024-09-27,Standard,727.0,57554.350000000006,
CUST_04173,Abigail,Jenkins,mwilson@example.org,(233)968-2878,18,Algiers,2024-05-10,Standard,379.0,10943.470000000001,
CUST_04174,Brandi,Henry,coopersarah@example.net,477-950-8639,46,Sidi Bel Abbès,2025-01-03,Basic,670.0,12130.96,
CUST_04175,Brittany,Hess,laura31@example.org,(840)898-6043,19,BISKRA,2024-08-27,Standard,595.0,10706.189999999999,
CUST_04176,Mario,Smith,garciamicheal@example.com,(342)231-6421x96346,44,Biskra,2025-05-17,Standard,625.0,0.0,
CUST_04177,Luis,Knight,ijohnson@example.com,481.824.0579,37,Biskra,2023-04-13,Premium,777.0,4958.31,
CUST_04178,Robin,Caldwell,william75@example.org,(206)214-0351x9573,22,Tlemcen,2024-04-14,Standard,562.0,3334.2700000000004,
CUST_04179,Robert,Esparza,joshuahall@example.net,511.545.0645,26,Blida,2024-12-23,Premium,557.0,23309.76,
CUST_04180,Michelle,Wheeler,rickey24@example.org,638-259-8646,28,BISKRA,2025-01-26,Standard,656.0,3678.12,
CUST_04181,Michael,Beck,amymartin@example.net,743.723.6298x2599,35,Oran,2023-02-25,Standard,775.0,0.0,
CUST_04182,Kathleen,Zimmerman,bennettjessica@example.com,001-200-306-7947x19912,33,Oran,2025-02-15,Standard,761.0,2671.35,
CUST_04183,Melissa,Parks,marialopez@example.net,5559641990,26,Algiers,2025-01-31,Basic,850.0,2086.3,
CUST_04184,Stephanie,Mendoza,bernardcheryl@example.org,905-761-2199,58,Constantine,2023-12-15,Basic,563.0,16621.56,
CUST_04185,John,Powers,nferguson@example.com,+1-894-747-2512x120,31,Batna,2022-11-17,Standard,574.0,6070.39,
CUST_04186,Ashley,Mendoza,jensenjason@example.com,+1-884-371-6344x1513,18,Constantine,2025-01-11,Standard,732.0,34790.439999999995,
CUST_04187,Kyle,Johnson,bpennington@example.org,(878)227-0917,31,Constantine,2025-08-13,Basic,708.0,2794.01,
CUST_04188,Gabriella,King,haleyyoung@example.net,868-487-9552x99100,37,Tlemcen,2025-11-10,Standard,744.0,5227.01,
CUST_04189,Rodney,Wilkerson,ihuang@example.org,(538)678-2508,18,Algiers,2025-03-09,Standard,749.0,4182.280000000001,
CUST_04190,Brandon,Allison,collinsrichard@example.org,4388160603,34,Oran,2025-06-11,Standard,,5391.45,
CUST_04191,jon,Lee,,(688)896-8273x47072,31,CONSTANTINE,2025-10-22,Standard,549.0,11208.97,
CUST_04192,Christy,Aguilar,arose@example.org,5558067282,27,Algiers,2024-06-06,Standard,544.0,22691.14,
CUST_04193,Wendy,Blanchard,nicolewatkins@example.net,+1-486-427-7028x748,45,Annaba,2025-03-04,Premium,606.0,10479.49,
CUST_04194,Kristina,Miller,nliu@example.net,723-306-5533,37,Sidi Bel Abbès,2025-07-10,Standard,561.0,14685.95,
CUST_04195,Kevin,Bennett,mariah84@example.net,(971)494-7143x95161,31,Blida,2025-03-06,Standard,674.0,6123.57,
CUST_04196,Leslie,Ray,ocole@example.org,733-836-1434,41,Blida,2024-06-17,Standard,705.0,1127.29,
CUST_04197,Rebecca,Simpson,,230.933.4160x4629,41,ALGIERS,2024-09-04,Basic,727.0,17618.83,
CUST_04198,Melissa,Jones,donald55@example.net,001-526-435-4057x0136,34,Blida,2024-08-30,Basic,535.0,4229.51,
CUST_04199,Rhonda,Burton,jacqueline57@example.org,(296)669-9149x825,33,Sétif,2023-02-07,Premium,762.0,4841.539999999999,
CUST_04200,Richard,Mendoza,iansawyer@example.com,311.585.6306x9066,41,ORAN,2023-05-29,Standard,716.0,6269.219999999999,
CUST_04201,Linda,Lin,aduffy@example.net,(483)851-6123x4611,35,Annaba,2023-06-25,Basic,,6227.410000000001,
CUST_04202,Katherine,Johnson,whitneyrebecca@example.com,822.783.0094x63481,22,Batna,2024-08-10,Standard,637.0,6206.45,
CUST_04203,Elizabeth,Arias,,+1-591-249-0889x92120,43,Biskra,2024-12-23,Standard,450.0,8055.87,
CUST_04204,Gina,Robinson,mmontoya@example.net,(756)475-6965x4209,41,Constantine,2024-03-18,Standard,594.0,0.0,
CUST_04205,Pamela,Smith,justin56@example.com,6163299885,36,Sétif,2025-11-04,Premium,588.0,12112.51,
CUST_04206,Michael,Horn,brittany44@example.org,(786)205-2573x4998,40,Annaba,2022-12-26,Standard,687.0,7815.539999999999,
CUST_04207,Jamie,Hanson,joseph90@example.org,+1-215-942-2184x323,32,Blida,2025-07-08,Standard,609.0,2971.84,
CUST_04208,Wayne,Roberts,jacob01@example.org,+1-274-690-2573x59728,36,Sétif,2024-02-03,Basic,648.0,1725.44,
CUST_04209,Kenneth,Cardenas,dennisrodriguez@example.com,001-998-474-2701,25,Annaba,2025-06-22,Standard,723.0,5778.58,
CUST_04210,Lisa,Mason,zachary98@example.org,(666)855-2488x5303,20,Biskra,2025-06-03,Standard,722.0,4352.52,
CUST_04211,Lisa,Cole,kingpamela@example.net,5099536567,26,Constantine,2024-09-04,Standard,699.0,9943.98,
CUST_04212,Ian,Wagner,tcruz@example.org,001-888-244-1425x33602,44,Biskra,2024-05-25,Standard,662.0,7621.83,
CUST_04213,Timothy,Maddox,fschmidt@example.org,(994)646-3428x535,30,Sétif,2023-05-02,Basic,620.0,3089.0600000000004,
CUST_04214,Brandon,Simmons,fpeterson@example.org,896-855-2898x00176,35,Sétif,2024-10-01,Basic,509.0,10436.949999999999,
CUST_04215,Jenna,Martinez,mpowers@example.org,+1-275-292-5797x7668,39,Algiers,2023-05-17,Standard,806.0,6501.94,
CUST_04216,Jared,Christensen,allendevin@example.com,001-551-625-5857x99252,51,Algiers,2023-05-29,Basic,526.0,10486.63,
CUST_04217,Hannah,Martinez,moralesjason@example.com,+1-777-294-4774x920,20,Annaba,2023-03-04,Standard,685.0,32282.1,
CUST_04218,Katherine,Olson,nicholascampos@example.net,(819)816-7710,38,Tlemcen,2025-02-20,Standard,694.0,8408.71,
CUST_04219,Joshua,Guzman,andersonjames@example.org,281.578.9527x869,32,Algiers,2024-10-06,Standard,585.0,8102.0,
CUST_04220,Lance,Davis,rdrake@example.net,367-316-1370,39,Oran,2022-12-07,Basic,682.0,6677.97,
CUST_04221,Sean,Bradford,michelle78@example.com,(912)971-0538x834,38,Biskra,2024-10-25,Standard,558.0,512.98,
CUST_04222,cathy,Nelson,wendy67@example.net,880.986.8476x259,28,Constantine,2025-02-12,Standard,615.0,3469.26,
CUST_04223,John,Torres,evalencia@example.net,889.617.7102x037,37,Oran,2025-08-29,Standard,589.0,10104.210000000001,
CUST_04224,Amy,Cohen,enelson@example.com,001-993-888-6848,31,Annaba,2024-07-14,Standard,740.0,9721.73,
CUST_04225,Joseph,Carlson,adavis@example.net,(351)731-2773x152,50,Tlemcen,2025-08-21,Standard,778.0,16817.55,
CUST_04226,Joshua,Lee,vbowman@example.org,001-315-416-3945,22,Biskra,2023-11-18,Standard,638.0,4536.84,
CUST_04227,April,Barajas,kathleenshaw@example.net,617.591.1598x72483,30,Algiers,2025-05-25,Premium,714.0,17902.56,
CUST_04228,Cristina,Ruiz,cameron71@example.org,998.889.1399,32,Biskra,2024-06-16,Basic,597.0,1052.88,
CUST_04229,William,Obrien,kristingonzalez@example.com,(843)567-5235,18,Sidi Bel Abbès,2023-03-02,Basic,529.0,4800.92,
CUST_04230,Elizabeth,Watts,vlee@example.net,(513)208-5247x19535,30,Sidi Bel Abbès,2024-03-18,Standard,718.0,7313.28,
CUST_04231,David,Chase,qrodriguez@example.org,757-584-8399x7413,42,Oran,2025-04-17,Basic,808.0,1731.81,
CUST_04232,David,Becker,richard92@example.net,001-978-337-0124,39,ALGIERS,2025-05-18,Standard,715.0,3686.36,
CUST_04233,mary,Williams,williamholland@example.org,611.729.7974,50,Constantine,2024-04-27,Standard,757.0,13895.52,
CUST_04234,Terri,Hayden,rmiddleton@example.org,+1-542-382-3766x3788,23,Annaba,2022-12-22,Basic,478.0,11361.98,
CUST_04235,Vanessa,Fisher,thomasjames@example.com,+1-868-694-3383,18,Batna,2024-11-06,Standard,634.0,14321.550000000001,
CUST_04236,Jacqueline,Stephens,msanchez@example.com,481-866-1498x710,40,Biskra,2025-09-07,Basic,724.0,22221.239999999998,
CUST_04237,Eddie,Anderson,carla94@example.com,(715)756-3252,37,Biskra,2023-04-03,Standard,535.0,5159.51,
CUST_04238,Caleb,Thomas,brian38@example.org,304-490-9873x133,18,Batna,2025-11-08,Standard,566.0,14568.84,
CUST_04239,Robert,Krause,,993.765.9455x70172,18,Annaba,2025-10-25,Basic,553.0,6285.379999999999,
CUST_04240,Audrey,Oneal,ygreen@example.com,001-273-364-1492x864,47,Biskra,2025-07-13,Basic,580.0,4680.25,
CUST_04241,Christopher,Miller,brandygilmore@example.org,001-710-379-6366x9020,42,Algiers,2025-10-05,Standard,679.0,9578.06,
CUST_04242,Carolyn,Welch,jessicamarsh@example.org,(352)585-5202,28,Batna,2025-10-12,Premium,574.0,11126.380000000001,
CUST_04243,Angela,Wright,amyrogers@example.net,001-878-267-9630x235,19,Algiers,2023-01-11,Standard,781.0,12856.67,
CUST_04244,Andrew,Ortega,michaelthomas@example.com,750-976-5233,22,Algiers,2025-01-08,Standard,567.0,4702.349999999999,
CUST_04245,Bethany,Barnes,elliottcarol@example.net,4659152701,20,Blida,2022-11-13,Standard,689.0,7583.63,
CUST_04246,Danny,Michael,dbowman@example.com,424-695-4767x192,18,Sidi Bel Abbès,2024-06-26,Standard,549.0,15830.39,
CUST_04247,Rebecca,Martin,ginareed@example.net,001-807-361-2927x06536,53,Constantine,2025-02-25,Basic,622.0,10722.51,
CUST_04248,Christopher,Gibbs,maryblackburn@example.net,(581)748-0229,33,Biskra,2024-04-04,Basic,541.0,1049.1,
CUST_04249,Shawn,Blake,riosmary@example.org,738-442-8833x511,44,Sidi Bel Abbès,2025-02-04,Standard,712.0,6684.7300000000005,
CUST_04250,Eric,Soto,frederick59@example.org,344.663.3211,34,Sidi Bel Abbès,2022-12-18,Premium,530.0,12856.27,
CUST_04251,Monica,Jones,dianeyoung@example.net,(731)790-1076x2378,18,Sétif,2024-03-31,Basic,685.0,22069.63,
CUST_04252,George,Pearson,jonestyler@example.com,402.812.0663,18,Sidi Bel Abbès,2025-07-31,Standard,574.0,13962.060000000001,
CUST_04253,Brenda,Sosa,william28@example.net,(546)441-2663x0596,32,Biskra,2023-04-27,Standard,692.0,4997.05,
CUST_04254,Jeffrey,Castillo,bhancock@example.net,793-935-4681x7557,42,Biskra,2023-01-02,Standard,579.0,12774.16,
CUST_04255,Nicholas,Pena,mtodd@example.com,+1-585-607-5663x8623,34,Oran,2025-03-04,Basic,734.0,4967.1,
CUST_04256,Tiffany,Alvarado,sheaashley@example.com,+1-704-895-6603,39,Constantine,2025-07-13,Standard,642.0,0.0,
CUST_04257,Erin,Johnson,kimberly57@example.net,379-646-3295,38,Sétif,2024-03-26,Standard,834.0,17287.25,
CUST_04258,Spencer,Brown,tiffanyowens@example.com,+1-619-904-2446x24167,37,Blida,2024-06-15,Standard,714.0,11256.89,
CUST_04259,Catherine,Howard,annewilliams@example.com,331.982.1181x48506,18,Tlemcen,2024-08-14,Standard,573.0,2095.42,
CUST_04260,John,Hopkins,andrew08@example.net,(547)292-2297,18,Tlemcen,2025-10-05,Standard,524.0,6200.099999999999,
CUST_04261,Christopher,Everett,erinmoran@example.org,001-998-290-8553x2777,40,Batna,2023-12-25,Basic,560.0,24404.65,
CUST_04262,Lindsey,Herman,,296-724-7665,39,Annaba,2023-09-01,Standard,637.0,14732.660000000002,
CUST_04263,Caitlin,Castillo,uking@example.org,6157984555,18,Sétif,2023-04-10,Standard,618.0,7794.4,
CUST_04264,Gregory,Jones,hillterri@example.org,386-943-5716,39,Algiers,2025-09-05,Standard,9999.0,13975.6,
CUST_04265,Carol,Ruiz,vincenttaylor@example.org,001-845-354-6972,21,Blida,2023-04-17,Basic,566.0,10383.22,
CUST_04266,Kyle,Clark,cory75@example.com,(630)689-6126,18,Sétif,2023-11-28,Standard,627.0,13503.49,
CUST_04267,Kayla,Davis,thomaswright@example.org,+1-838-523-8925x65846,50,Sidi Bel Abbès,2024-12-24,Standard,514.0,338.33000000000004,
CUST_04268,Jackie,French,phill@example.org,+1-259-643-7359x1815,35,Tlemcen,2024-12-02,Standard,526.0,49.26,
CUST_04269,Linda,Lawrence,travis62@example.com,787.424.8863,44,Constantine,2023-03-14,Standard,604.0,6466.63,
CUST_04270,Virginia,Trevino,jeffreyhoward@example.net,761.543.2699,39,Sidi Bel Abbès,2025-06-06,Basic,549.0,4918.4,
CUST_04271,William,Marks,kellybishop@example.net,994-212-2954,40,Annaba,2023-08-20,Basic,603.0,9392.98,
CUST_04272,Andrea,Short,yvonneshields@example.net,(464)399-2898,34,Sidi Bel Abbès,2023-08-14,Standard,552.0,12546.38,
CUST_04273,Justin,Baker,kwebb@example.org,001-311-221-9618x7200,44,Constantine,2024-08-29,Basic,506.0,10817.689999999999,
CUST_04274,Stuart,Medina,suzannemontgomery@example.org,001-244-667-5075,32,Sétif,2025-05-05,Standard,504.0,3576.99,
CUST_04275,Jenna,Randolph,johnnyrodriguez@example.org,867-939-6450,31,Sétif,2023-02-08,Premium,764.0,9834.34,
CUST_04276,Kyle,Sullivan,mercershawn@example.com,(596)993-9110x9898,26,ANNABA,2024-07-25,Standard,740.0,5515.91,
CUST_04277,Eric,Robinson,gcastillo@example.org,6455047442,39,Biskra,2023-07-19,Standard,674.0,16397.1,
CUST_04278,Scott,Wilkins,prattjennifer@example.com,536-759-1061,35,Batna,2023-08-23,Standard,658.0,27565.47,
CUST_04279,Tiffany,Kane,joshua10@example.com,+1-692-735-9551x0725,23,Sidi Bel Abbès,2025-05-27,Standard,596.0,4637.4,
CUST_04280,Garrett,Gregory,gracegarza@example.org,276-522-8989x9242,40,Oran,2024-10-19,Standard,748.0,11330.84,
CUST_04281,Bradley,Pitts,laura17@example.com,001-726-459-9387,36,Biskra,2023-03-22,Standard,826.0,4795.85,
CUST_04282,Angela,Long,jwoodard@example.com,785-208-1463,64,BISKRA,2025-05-25,Standard,674.0,2750.22,
CUST_04283,Michael,Woods,grahamjohn@example.net,(482)698-1186,39,Annaba,2024-06-16,Standard,657.0,0.0,
CUST_04284,Heidi,Mack,kleinbrent@example.net,001-938-765-0306x6655,25,Oran,2024-07-11,Premium,492.0,14053.14,
CUST_04285,Jonathan,Lamb,alicialittle@example.org,890-206-6632x2581,36,Constantine,2025-09-12,Standard,756.0,21764.96,
CUST_04286,Jared,Woods,lperkins@example.com,(805)949-5222x498,46,Tlemcen,2024-10-24,Standard,802.0,6844.68,
CUST_04287,Ernest,Smith,wanda27@example.com,001-351-630-9373x29729,36,Algiers,2025-03-13,Standard,631.0,5721.47,
CUST_04288,Elizabeth,Kim,ryankeith@example.com,001-335-550-6665x4079,43,Sidi Bel Abbès,2025-09-18,Standard,779.0,6541.84,
CUST_04289,Anthony,Harrison,martinezwendy@example.org,(972)535-6625,39,Constantine,2025-01-28,Premium,640.0,17392.88,
CUST_04290,Kathleen,Navarro,juan65@example.com,(501)933-2057,18,Oran,2025-08-23,Standard,646.0,9756.02,
CUST_04291,Lorraine,Poole,thompsonantonio@example.com,327-877-1910,27,Blida,2024-10-25,Basic,692.0,9622.46,
CUST_04292,Brad,Thomas,stephanierodriguez@example.net,(572)465-7552,21,Sidi Bel Abbès,2024-02-27,Standard,677.0,3692.4300000000003,
CUST_04293,John,Duarte,martingregory@example.org,2848851116,-1,Constantine,2025-03-05,Basic,684.0,7638.12,
CUST_04294,Darrell,Roberts,katie02@example.com,418.832.5244x85317,19,Biskra,2023-04-05,Standard,660.0,14310.65,
CUST_04295,Nancy,Miller,robert19@example.org,3127484417,36,Blida,2023-10-09,Basic,686.0,88.42,
CUST_04296,Patty,Trujillo,ljones@example.org,883.715.2349x9372,36,Oran,2025-11-11,Standard,806.0,5430.150000000001,
CUST_04297,Barbara,Massey,onealjacob@example.org,885-637-4858x04827,31,Constantine,2025-09-07,Premium,747.0,4397.36,
CUST_04298,Diana,Russell,annaconley@example.org,972-400-8091x2573,36,Oran,2022-12-31,Standard,445.0,6258.01,
CUST_04299,Richard,Cummings,jasonpalmer@example.org,(565)725-6705x53435,22,Sétif,2023-11-19,Premium,634.0,7887.57,
CUST_04300,Donald,Coleman,floresjulie@example.net,557-940-4499x27110,18,Tlemcen,2023-01-19,Premium,786.0,12458.2,
CUST_04301,Shawn,Andrews,bakercarl@example.net,(456)773-8564x88001,41,ANNABA,2024-09-12,Standard,569.0,17338.07,
CUST_04302,Stephanie,Peterson,jacobhancock@example.org,(996)336-0402x451,18,Tlemcen,2025-09-08,Standard,625.0,13351.189999999999,
CUST_04303,Ashley,Dodson,david31@example.com,438.496.0105,35,CONSTANTINE,2024-03-07,Standard,449.0,1968.88,
CUST_04304,Marcus,Hill,madison75@example.com,644.836.3225x032,30,Sidi Bel Abbès,2024-04-18,Standard,776.0,3683.45,
CUST_04305,Rebecca,Martinez,jasminemartinez@example.com,(971)614-1873x477,20,Constantine,2024-01-02,Standard,629.0,3553.27,
CUST_04306,Betty,Guzman,jeremy20@example.org,411.814.2308x1837,18,Algiers,2025-02-05,Basic,693.0,13898.17,
CUST_04307,Michele,Le,yleon@example.org,889.802.3673x963,44,Tlemcen,2023-03-25,Premium,673.0,8786.23,
CUST_04308,Scott,Cole,smitholivia@example.net,253-488-3221x974,33,Biskra,2025-10-30,Basic,740.0,5456.93,
CUST_04309,John,Powell,john35@example.net,001-301-281-8102,24,Batna,2023-01-17,Premium,696.0,6336.83,
CUST_04310,Ian,Macdonald,martinheather@example.com,769-779-5593x6654,18,Constantine,2025-03-13,Premium,707.0,1815.53,
CUST_04311,Mary,Sutton,paynenicole@example.net,744-286-3487x18329,47,Sétif,2024-11-04,Standard,629.0,6717.6900000000005,
CUST_04312,Sandra,Warner,villegasbreanna@example.com,527-661-9880x24274,48,Oran,2025-02-01,Standard,561.0,9206.49,
CUST_04313,Michelle,Martinez,jeffery50@example.com,414.685.3968x31859,55,Tlemcen,2024-10-09,Standard,850.0,1026.45,
CUST_04314,Joshua,Walker,xanderson@example.com,230.863.8556x190,18,Annaba,2024-10-04,Standard,707.0,0.0,
CUST_04315,Eugene,Cooper,eatkinson@example.com,(962)457-6229,34,Blida,2024-05-26,Standard,652.0,13446.34,
CUST_04316,Lisa,Pierce,marcus53@example.net,001-472-242-0092x99695,25,Sidi Bel Abbès,2025-09-19,Standard,726.0,2298.3199999999997,
CUST_04317,Timothy,Alvarado,hjones@example.org,385-882-2793x56255,36,Batna,2025-10-23,Premium,777.0,17380.879999999997,
CUST_04318,James,Salazar,dford@example.net,+1-373-289-3911x28110,24,Oran,2023-07-26,Premium,624.0,1209.14,
CUST_04319,Sara,Hunt,coxdouglas@example.com,657.224.3440,50,Constantine,2025-07-18,Premium,641.0,7857.5199999999995,
CUST_04320,Shannon,Harrington,,522.976.4391x1722,26,Batna,2023-03-23,Standard,621.0,10843.96,
CUST_04321,Stacy,Hale,margaretmarsh@example.net,+1-987-904-8595x9389,37,Constantine,2025-08-13,Standard,572.0,8815.96,
CUST_04322,Kristen,Brooks,,668-977-5411,39,Sétif,2023-05-14,Basic,707.0,4200.26,
CUST_04323,Scott,Green,colleen91@example.com,001-717-910-2763x0901,35,Annaba,2025-01-20,Premium,736.0,6603.59,
CUST_04324,Kenneth,Hernandez,chapmanjames@example.net,775.674.6766,30,Constantine,2023-01-18,Standard,835.0,16240.800000000001,
CUST_04325,Cassandra,Ross,wballard@example.org,407.231.8144x210,31,Tlemcen,2025-01-25,Standard,569.0,7344.879999999999,
CUST_04326,Teresa,Mccoy,tkennedy@example.org,(719)535-3858x2406,41,Biskra,2025-01-21,Standard,672.0,9864.09,
CUST_04327,Evelyn,Cook,lisaking@example.org,001-547-802-1770x253,51,Tlemcen,2024-05-10,Basic,688.0,6039.7,
CUST_04328,Shannon,Garcia,harpersarah@example.net,(708)396-9582,56,Sidi Bel Abbès,2024-12-22,Standard,601.0,14673.68,
CUST_04329,Christy,Adams,tracey25@example.org,001-346-505-8119x5236,35,SIDI BEL ABBÈS,2025-02-16,Basic,850.0,14846.62,
CUST_04330,Leslie,Evans,michael91@example.org,(636)785-8643x311,39,Tlemcen,2025-09-05,Basic,737.0,4985.07,
CUST_04331,Barbara,Thomas,wangcrystal@example.com,208.639.5406x3516,28,Oran,2024-10-09,Standard,741.0,2376.16,
CUST_04332,Johnathan,Diaz,sheryl30@example.net,386.406.5512,27,Oran,2025-09-23,Standard,536.0,2498.5299999999997,
CUST_04333,Allison,Brown,psullivan@example.net,001-504-590-7824,52,Sétif,2025-10-07,Standard,566.0,22299.11,
CUST_04334,David,Powell,mchristian@example.org,(258)836-6824,20,Annaba,2025-01-29,Basic,824.0,5474.49,
CUST_04335,Crystal,Wilcox,eoconnell@example.org,849.653.8767x9897,36,Blida,2023-06-26,Premium,532.0,3849.8,
CUST_04336,Christopher,Martin,,+1-400-679-3762,33,Oran,2023-10-14,Standard,709.0,7228.04,
CUST_04337,Colleen,Williamson,simonkimberly@example.org,907-485-3733x50206,34,Annaba,2024-11-15,Standard,727.0,17187.7,
CUST_04338,Kimberly,Hardin,scottcarla@example.com,,20,Biskra,2023-01-21,Premium,696.0,5206.93,
CUST_04339,Eric,Adams,victoria76@example.net,2244912469,37,Batna,2024-08-31,Standard,664.0,1706.1599999999999,
CUST_04340,Patrick,Nichols,asimmons@example.org,548.590.9013x0287,49,Constantine,2024-10-20,Standard,527.0,7390.44,
CUST_04341,Lauren,Carson,fpadilla@example.com,(970)731-2869x13214,35,Constantine,2025-11-08,Standard,703.0,8617.69,
CUST_04342,Hunter,Hunt,jennifersimmons@example.org,(921)270-5075,49,Blida,2024-04-24,Standard,428.0,16792.11,
CUST_04343,Anne,Suarez,caleb64@example.org,+1-887-897-0532,29,Sétif,2024-04-04,Standard,525.0,9832.039999999999,
CUST_04344,Bruce,Perry,ivazquez@example.org,001-747-462-2214x711,50,Sétif,2025-03-24,Basic,673.0,305.1,
CUST_04345,Michael,Harris,croth@example.org,+1-454-947-5568x254,23,Sidi Bel Abbès,2025-06-20,Standard,696.0,15720.75,
CUST_04346,David,Coffey,debra16@example.net,+1-277-500-1848x45648,41,Batna,2024-01-28,Basic,633.0,2784.7299999999996,
CUST_04347,Joanna,Wilson,,934.522.2538x6181,49,Oran,2023-08-14,Premium,537.0,8547.189999999999,
CUST_04348,Jeremy,Harvey,chandlerbrendan@example.com,918.536.9124x89713,35,Biskra,2024-06-29,Basic,627.0,3364.35,
CUST_04349,Tracy,Hernandez,avilakristi@example.org,232-340-5049x1138,37,Biskra,2023-02-06,Basic,712.0,4160.3099999999995,
CUST_04350,Tonya,Huber,pmaldonado@example.org,317-242-2654x885,52,Oran,2022-11-13,Standard,591.0,11215.32,
CUST_04351,David,Walton,nortonelizabeth@example.com,4789142663,32,Batna,2024-07-25,Standard,629.0,5193.3099999999995,
CUST_04352,Pamela,Baker,rflores@example.org,859-678-7996x32386,25,Constantine,2024-07-29,Premium,774.0,15228.42,
CUST_04353,Stephen,Humphrey,shirleyramirez@example.org,001-275-439-6775x3621,22,Sidi Bel Abbès,2023-07-19,Basic,613.0,14896.97,
CUST_04354,Matthew,Fitzgerald,alexanderheather@example.org,(247)456-7077,36,Oran,2023-08-26,Standard,9999.0,8145.54,
CUST_04355,Rebecca,Green,melissa01@example.net,782-934-7993x184,30,Batna,2023-09-17,Standard,575.0,11466.23,
CUST_04356,Christopher,Brown,,(876)506-9687x9928,36,Algiers,2024-06-19,Premium,565.0,9275.37,
CUST_04357,Marc,Calderon,deborahmcguire@example.org,2546316704,25,Tlemcen,2023-04-17,Basic,588.0,7634.43,
CUST_04358,Michelle,King,bkirk@example.net,(506)240-6462x78866,32,Algiers,2023-06-23,Standard,726.0,1959.11,
CUST_04359,Dale,Farrell,srichardson@example.com,907.776.7758x31312,41,Batna,2023-04-27,Standard,758.0,9464.58,
CUST_04360,Ronald,Baker,briannawagner@example.net,001-761-613-9554x340,19,Oran,2024-01-26,Standard,730.0,2665.47,
CUST_04361,Victoria,Lopez,jennifer08@example.org,001-778-369-7728x87360,50,Oran,2022-11-14,Standard,514.0,4166.549999999999,
CUST_04362,James,Haas,anna39@example.net,825-580-0096x31800,45,Annaba,2025-01-19,Basic,653.0,359.8,
CUST_04363,sandra,Price,christine73@example.com,7109380061,28,Annaba,2022-11-19,Basic,616.0,20768.23,
CUST_04364,Carrie,Petersen,monica89@example.org,748.722.2471,49,Oran,2023-10-27,Premium,621.0,13911.14,
CUST_04365,Matthew,Chen,justin95@example.net,871.319.6902x13868,-1,Oran,2025-10-09,Basic,805.0,22241.93,
CUST_04366,Jenny,Dominguez,annettesharp@example.com,001-952-671-2904x24082,62,Sétif,2023-03-07,Premium,691.0,19657.98,
CUST_04367,Allison,Coleman,kenneth37@example.org,3905090629,18,Tlemcen,2023-01-02,Standard,639.0,0.0,
CUST_04368,Cory,Brewer,rebecca06@example.org,314.876.7300,18,Blida,2025-09-04,Standard,761.0,13942.46,
CUST_04369,Charles,Jensen,edwardsheather@example.org,6897674631,18,Constantine,2025-04-26,Standard,788.0,3849.6099999999997,
CUST_04370,Hannah,Barber,vanessalawson@example.org,(816)454-3844x12632,27,Annaba,2024-04-19,Premium,666.0,4455.25,
CUST_04371,Tara,Garner,,(963)653-5227,39,Biskra,2025-06-10,Premium,565.0,12549.25,
CUST_04372,Todd,Foster,hokayla@example.net,001-865-645-9254x49517,43,Constantine,2025-09-07,Standard,613.0,4829.51,
CUST_04373,Karen,Allen,qallen@example.net,+1-476-910-0594,34,Algiers,2025-02-26,Premium,671.0,759.6500000000001,
CUST_04374,Carla,Williams,,001-897-628-5802x0820,47,Sétif,2025-08-23,Standard,9999.0,941.4399999999999,
CUST_04375,Sarah,Maynard,robertward@example.net,(801)858-0439x39881,18,SIDI BEL ABBÈS,2023-11-12,Premium,685.0,3420.33,
CUST_04376,Adam,Evans,cynthia30@example.com,220.778.0282x7398,32,Annaba,2024-04-20,Premium,572.0,4729.23,
CUST_04377,Kyle,Marquez,bhanson@example.com,001-251-705-8378x49860,30,Blida,2023-04-14,Standard,516.0,12005.18,
CUST_04378,Charles,Palmer,shaffermichael@example.org,378.684.3995x0918,53,Tlemcen,2025-01-21,Premium,638.0,7285.82,
CUST_04379,Kelsey,Rice,markwilliams@example.org,(952)387-9059x73077,41,Algiers,2024-06-17,Premium,597.0,1919.47,
CUST_04380,Andrea,Sanchez,samuel41@example.org,5314699621,41,Annaba,2024-06-16,Standard,466.0,10314.16,
CUST_04381,david,Ward,teresa43@example.org,+1-542-692-8406x453,35,Batna,2023-05-08,Standard,699.0,10532.11,
CUST_04382,Kent,Ramsey,daniel73@example.com,718.382.8533x231,37,Constantine,2023-02-27,Standard,711.0,1663.47,
CUST_04383,Heather,Adams,mweaver@example.com,2878467409,38,Oran,2025-11-03,Premium,710.0,9859.24,
CUST_04384,Jay,Cameron,plowe@example.org,2824321115,19,BLIDA,2024-11-27,Basic,566.0,4213.51,
CUST_04385,Molly,Barnes,reidkenneth@example.com,655.757.8841,49,Sidi Bel Abbès,2023-09-21,Standard,641.0,4989.67,
CUST_04386,John,Cooper,price@example.com,567.516.3447x7987,56,Oran,2025-03-03,Premium,531.0,17845.62,
CUST_04387,Christopher,Alexander,tara53@example.org,+1-545-837-0747x1314,46,Tlemcen,2023-04-26,Standard,584.0,12478.6,
CUST_04388,robert,Bradley,aliciacarrillo@example.net,+1-979-630-7504x75709,32,Oran,2023-08-26,Standard,617.0,15085.91,
CUST_04389,David,Parker,anthony15@example.net,(893)618-5719x751,56,Blida,2025-03-25,Standard,789.0,6941.089999999999,
CUST_04390,Sergio,Nguyen,jessica39@example.com,001-662-310-8974x85420,35,Annaba,2025-08-30,Basic,796.0,8288.3,
CUST_04391,Ashley,Mclean,daniel90@example.com,471.586.7308x5626,26,Tlemcen,2024-10-12,Premium,633.0,5182.35,
CUST_04392,Joseph,Harding,allenjustin@example.org,374-497-1364,33,Batna,2025-10-22,Premium,673.0,21056.16,
CUST_04393,Peggy,Blackwell,david95@example.org,916.548.7739x78651,-1,Biskra,2024-10-18,Standard,669.0,31975.83,
CUST_04394,Sarah,Rowe,michaelbecker@example.com,+1-970-946-5717x37715,39,Constantine,2024-07-28,Standard,582.0,8303.37,
CUST_04395,Jesse,Myers,austinandre@example.org,929.263.5532x58788,29,Constantine,2023-04-07,Standard,412.0,797.02,
CUST_04396,Donald,Schultz,lauren64@example.org,001-961-666-9459x4830,64,Oran,2023-07-06,Standard,434.0,15953.850000000002,
CUST_04397,Brenda,Wilson,gloria42@example.org,397.543.4762x96117,42,Tlemcen,2024-01-14,Basic,648.0,14123.279999999999,
CUST_04398,Rita,Lee,carlospatterson@example.org,001-224-716-5673x868,41,Sétif,2023-01-23,Standard,665.0,294.69,
CUST_04399,Stephanie,Martin,vjennings@example.com,(369)423-3833,35,Blida,2025-06-05,Standard,636.0,22518.760000000002,
CUST_04400,Jessica,Petty,umeza@example.org,798.389.0084x384,35,Batna,2024-12-05,Standard,746.0,6598.650000000001,
CUST_04401,Nicholas,Weiss,clarkdavid@example.net,224-595-4329,41,Constantine,2023-11-13,Standard,763.0,2218.1499999999996,
CUST_04402,Robert,Collins,mckenziecaldwell@example.com,558-695-2778,30,Algiers,2025-05-23,Standard,578.0,16843.79,
CUST_04403,Melissa,Ortiz,sbell@example.com,+1-838-828-2326x6808,29,Annaba,2024-12-09,Standard,850.0,6063.3,
CUST_04404,Michael,Davidson,carsonscott@example.com,866-920-3566x0944,49,Biskra,2024-08-10,Basic,701.0,0.0,
CUST_04405,lauren,Williams,sharon79@example.com,(362)857-8976,38,Biskra,2023-04-21,Standard,788.0,1069.99,
CUST_04406,Richard,Salazar,,+1-410-387-1768,30,Batna,2024-01-19,Standard,513.0,2314.0,
CUST_04407,Megan,Hunt,kpierce@example.org,(834)471-4113x63177,50,Sétif,2022-11-17,Basic,758.0,6900.5599999999995,
CUST_04408,Sandra,Hall,jbrandt@example.com,270-887-0145,33,Batna,2024-07-15,Premium,850.0,10479.470000000001,
CUST_04409,Adam,Foster,maria75@example.com,326-266-6415x57099,41,Sidi Bel Abbès,2025-05-04,Standard,577.0,17632.15,
CUST_04410,Ann,Ramirez,murraysarah@example.org,681.780.4009x56394,46,Annaba,2023-04-25,Standard,750.0,799.74,
CUST_04411,Eric,Miller,,851-566-1759,55,Oran,2024-11-04,Basic,616.0,9885.88,
CUST_04412,Robert,Hill,gcortez@example.net,+1-776-340-3932x727,-1,Blida,2025-01-09,Standard,719.0,20928.58,
CUST_04413,Dwayne,Mathis,,696.455.2086x20766,27,Oran,2024-03-14,Standard,746.0,14352.54,
CUST_04414,Alexander,Williams,,(821)480-8163x6020,18,Biskra,2024-02-18,Premium,543.0,9472.150000000001,
CUST_04415,Elizabeth,Patterson,madison09@example.net,,18,Algiers,2023-10-15,Standard,656.0,8272.31,
CUST_04416,Valerie,Chavez,,441-708-8265,37,Sidi Bel Abbès,2023-12-09,Standard,533.0,18583.23,
CUST_04417,Rebekah,Henderson,wallaceemily@example.org,001-644-280-4873,43,Batna,2025-05-22,Standard,645.0,4362.79,
CUST_04418,Natalie,Good,hgilbert@example.com,253.494.6343x152,51,Batna,2025-06-16,Basic,593.0,12666.689999999999,
CUST_04419,William,May,teresalawrence@example.org,316-228-1672x79664,50,Algiers,2023-01-30,Basic,839.0,9170.64,
CUST_04420,William,Zimmerman,sarah20@example.net,931.908.3708x9053,29,Tlemcen,2025-09-25,Basic,850.0,2094.81,
CUST_04421,Jade,Flores,bishoprandall@example.com,(984)945-4064,-1,SÉTIF,2024-06-27,Standard,686.0,3556.12,
CUST_04422,Theodore,Lawrence,lewisjessica@example.net,548.719.5000x15969,46,Blida,2023-02-10,Standard,634.0,8033.15,
CUST_04423,William,Clark,eatonangela@example.net,+1-836-659-5523x662,48,Annaba,2024-03-17,Standard,500.0,27442.420000000002,
CUST_04424,Holly,Bradford,carneystephanie@example.com,001-489-393-7038x726,50,Sidi Bel Abbès,2024-05-17,Basic,474.0,7068.160000000001,
CUST_04425,Sarah,Jacobs,emilynewton@example.com,887-294-7693x2572,26,Blida,2025-07-21,Standard,534.0,6224.459999999999,
CUST_04426,Kimberly,Calderon,michaelhernandez@example.net,(280)439-0988,26,Batna,2024-10-19,Basic,816.0,13457.98,
CUST_04427,Sabrina,Thomas,,424-849-7787,29,BISKRA,2023-12-09,Standard,699.0,7115.16,
CUST_04428,Leslie,Vincent,doughertyhaley@example.net,430-444-3424x645,39,Algiers,2023-07-19,Basic,647.0,2864.47,
CUST_04429,Keith,Williams,rebecca33@example.org,+1-785-543-7826x2594,45,Biskra,2025-03-12,Standard,624.0,6567.87,
CUST_04430,Courtney,Bender,christophermunoz@example.com,001-395-376-7602x440,19,Blida,2023-06-12,Premium,645.0,4854.47,
CUST_04431,Katherine,Stewart,alicia03@example.com,(317)788-7844,25,Algiers,2023-12-18,Standard,769.0,7826.099999999999,
CUST_04432,Angela,Malone,dpugh@example.com,485-529-8675x542,18,Tlemcen,2023-05-17,Basic,721.0,7088.2,
CUST_04433,Tony,Lopez,norrischristopher@example.org,855.425.8939x4259,30,Annaba,2025-09-15,Standard,612.0,7818.360000000001,
CUST_04434,Kelly,Lam,craigmariah@example.org,939-651-1673,24,TLEMCEN,2024-05-08,Standard,575.0,11088.800000000001,
CUST_04435,Morgan,Thompson,bradleydavis@example.com,001-942-638-9934x75843,33,Algiers,2023-03-29,Standard,677.0,7380.32,
CUST_04436,Tony,Osborne,jamesdavid@example.net,7927275158,30,Constantine,2025-06-13,Standard,673.0,13763.84,
CUST_04437,Jeffery,Green,dominguezevan@example.com,001-863-671-0999,-1,Oran,2023-05-14,Standard,613.0,3864.9,
CUST_04438,Brenda,Diaz,carlsonbryan@example.org,001-929-419-7426x94111,67,Annaba,2025-04-19,Standard,509.0,5000.04,
CUST_04439,Diana,Myers,abigailbradley@example.org,517.818.7180,44,Annaba,2025-04-13,Standard,571.0,8476.710000000001,
CUST_04440,Jeffrey,Baker,,828.271.7185,18,Sétif,2025-09-03,Standard,536.0,8923.15,
CUST_04441,Thomas,Hill,diazshelley@example.org,(501)307-3558,47,Algiers,2024-03-04,Basic,799.0,13945.17,
CUST_04442,Nicole,Martin,gutierrezbrittany@example.org,596-336-5088x290,32,Oran,2024-07-07,Standard,604.0,17423.04,
CUST_04443,Albert,Pratt,carpenterdaniel@example.com,(365)208-5624x5553,39,Tlemcen,2022-12-21,Basic,609.0,4517.0,
CUST_04444,Eric,Compton,randy85@example.org,379.672.7545,29,Annaba,2022-11-18,Standard,772.0,5571.91,
CUST_04445,Tonya,Lee,michael99@example.org,846.262.1678x5557,46,Batna,2024-05-17,Premium,687.0,16637.600000000002,
CUST_04446,Angela,Mendez,mhughes@example.org,(696)740-8218,42,Biskra,2025-03-01,Standard,672.0,20582.739999999998,
CUST_04447,Diana,Powell,carla96@example.org,488-571-8798,28,Batna,2023-03-15,Basic,430.0,7695.700000000001,
CUST_04448,Samuel,Le,william05@example.net,4554814791,28,Batna,2023-03-17,Basic,708.0,3262.3,
CUST_04449,Thomas,Robinson,,+1-284-690-2891,49,Oran,2025-01-15,Basic,597.0,8292.09,
CUST_04450,Daniel,Saunders,georgechelsea@example.net,(693)262-5840,18,Tlemcen,2023-06-22,Standard,733.0,9819.11,
CUST_04451,John,Gonzales,patrickpeters@example.net,7828872388,54,Batna,2024-01-28,Standard,649.0,10010.83,
CUST_04452,Micheal,Lowe,dbrady@example.org,001-363-869-5800x048,37,Biskra,2025-05-30,Standard,581.0,20872.39,
CUST_04453,Andrea,Graves,casemichael@example.net,916-539-9319,34,Annaba,2023-01-03,Standard,653.0,33896.979999999996,
CUST_04454,Donna,Bates,phicks@example.net,277.504.2519x9529,31,Algiers,2024-02-12,Standard,434.0,4124.83,
CUST_04455,Catherine,Diaz,heidi97@example.com,+1-714-651-8736x5158,39,Annaba,2023-09-27,Standard,558.0,54892.200000000004,
CUST_04456,Brandy,Smith,sancheznatalie@example.org,2244633832,40,Biskra,2024-10-01,Standard,720.0,7163.82,
CUST_04457,Evelyn,Morris,david73@example.com,878-445-8758,40,BISKRA,2023-11-06,Standard,754.0,7711.38,
CUST_04458,Tammy,Lee,floydrobert@example.com,+1-996-610-5360,33,Annaba,2025-08-05,Basic,725.0,2168.2,
CUST_04459,Becky,Silva,williamsontanner@example.org,833-415-9998x8704,26,Biskra,2023-01-24,Standard,742.0,8890.1,
CUST_04460,Carrie,Rubio,vwagner@example.net,001-330-511-6064x166,18,Batna,2025-01-16,Standard,623.0,14844.170000000002,
CUST_04461,Tamara,Burns,zmcconnell@example.org,897-292-1831,25,Biskra,2024-06-22,Standard,726.0,24402.07,
CUST_04462,Kevin,Lamb,christopher78@example.com,985.784.7726,19,Algiers,2023-07-07,Standard,521.0,77.01,
CUST_04463,Sarah,Nielsen,,657-459-7488x76970,61,Constantine,2025-04-13,Standard,619.0,3394.4700000000003,
CUST_04464,Ethan,Ramirez,elizabeth90@example.org,001-937-702-4024x187,31,Tlemcen,2025-08-26,Basic,722.0,5513.75,
CUST_04465,Edwin,Johns,bgrant@example.com,001-714-391-6968x01598,25,Algiers,2025-10-06,Standard,799.0,34422.04,
CUST_04466,Cynthia,Ferguson,veronica25@example.net,(464)305-1795,43,Tlemcen,2023-03-02,Standard,9999.0,11260.09,
CUST_04467,Thomas,Riley,,(809)875-9177,37,Blida,2025-08-07,Standard,569.0,6456.71,
CUST_04468,Benjamin,Wallace,clarkgary@example.org,785-972-8285x97121,57,Biskra,2023-12-03,Premium,614.0,259.3,
CUST_04469,Brent,Torres,sdunn@example.net,+1-475-309-4216,31,Sidi Bel Abbès,2024-04-12,Standard,732.0,23310.769999999997,
CUST_04470,Paul,Underwood,ehenry@example.com,+1-630-706-1778x944,28,Oran,2024-11-07,Standard,671.0,2178.1400000000003,
CUST_04471,Martha,Olson,robinsonjames@example.net,001-287-333-9115x843,38,ANNABA,2025-08-02,Standard,620.0,4665.58,
CUST_04472,John,Andersen,lhobbs@example.org,649.293.5241x4398,26,Oran,2022-12-08,Basic,726.0,3806.5,
CUST_04473,Sara,Hansen,hayesjoseph@example.net,8194276378,29,Biskra,2025-02-18,Standard,639.0,3937.51,
CUST_04474,Tina,Chang,reidcourtney@example.com,(341)645-2999,44,Annaba,2025-10-06,Standard,729.0,12197.119999999999,
CUST_04475,Adrian,Brown,,+1-369-884-7595,55,Batna,2025-04-08,Basic,669.0,18490.74,
CUST_04476,Nicholas,King,kelseynelson@example.com,9606053258,20,Biskra,2025-04-02,Standard,595.0,7016.25,
CUST_04477,Teresa,Snyder,charlesbutler@example.net,235.577.3978x34127,27,Blida,2023-12-04,Basic,681.0,13340.02,
CUST_04478,Melissa,Smith,garciastephanie@example.com,001-929-465-7387x3341,32,ALGIERS,2023-12-04,Premium,622.0,3296.37,
CUST_04479,Jonathan,Mcmahon,idiaz@example.com,(466)827-1312x4013,47,Batna,2023-08-07,Premium,622.0,27869.6,
CUST_04480,Joe,Mcfarland,dferguson@example.org,852.933.5549x920,31,Batna,2022-12-20,Basic,758.0,3302.26,
CUST_04481,catherine,Gonzalez,kevin65@example.net,001-715-832-7639,42,Biskra,2023-12-01,Premium,621.0,1704.07,
CUST_04482,Chris,Curtis,timothybrown@example.net,555.713.1384x36611,55,Biskra,2025-06-20,Standard,641.0,19042.800000000003,
CUST_04483,Katherine,Mccoy,michael75@example.org,(297)359-9890,35,Oran,2023-01-31,Standard,730.0,1944.56,
CUST_04484,Curtis,Cook,coxamber@example.net,001-330-282-1079,29,Biskra,2025-08-22,Basic,741.0,8943.92,
CUST_04485,Tonya,Snyder,castrovincent@example.com,(834)573-7283x00930,57,Annaba,2024-07-15,Basic,584.0,7962.36,
CUST_04486,Regina,Garcia,mooredwayne@example.com,+1-521-478-2771x05018,56,Batna,2024-12-25,Premium,643.0,3208.8900000000003,
CUST_04487,Christopher,Miller,tararomero@example.org,+1-233-346-2264x240,53,Sidi Bel Abbès,2023-09-13,Basic,850.0,10913.78,
CUST_04488,Gary,Williamson,hannah73@example.net,233.767.0762,-1,Sétif,2022-12-02,Standard,705.0,11833.29,
CUST_04489,Derrick,Fuentes,alec47@example.com,001-910-302-7578x98687,25,Oran,2024-03-01,Standard,645.0,586.84,
CUST_04490,Christine,Martinez,laura83@example.net,996.465.3676x30728,40,Sidi Bel Abbès,2025-02-18,Standard,508.0,26237.309999999998,
CUST_04491,Michael,Gibson,danielhorne@example.org,+1-691-831-3386x07927,61,Constantine,2023-05-05,Standard,427.0,6365.65,
CUST_04492,Teresa,Taylor,kevin39@example.com,+1-539-226-6919x76963,28,Constantine,2025-04-12,Standard,623.0,1154.31,
CUST_04493,Vanessa,Edwards,lisa96@example.com,001-694-784-7167x569,33,Sétif,2023-10-13,Standard,654.0,16055.43,
CUST_04494,Tiffany,Wright,,001-408-815-5064x03356,47,Blida,2024-11-24,Basic,529.0,1898.19,
CUST_04495,Brandon,Gomez,stephanie51@example.com,001-795-472-2816x05960,31,Sétif,2024-03-16,Basic,623.0,13751.64,
CUST_04496,Nicole,Garza,zarnold@example.org,+1-776-873-1481x247,31,Algiers,2023-11-02,Standard,568.0,6996.17,
CUST_04497,Michele,Vazquez,fostermatthew@example.com,820.524.1905x362,38,Tlemcen,2025-03-24,Standard,652.0,15338.17,
CUST_04498,John,Nguyen,xburke@example.net,362.256.6548,31,Oran,2025-03-23,Basic,631.0,6402.78,
CUST_04499,Daniel,Williams,ischmidt@example.net,217-864-3996,19,Sidi Bel Abbès,2023-12-08,Standard,643.0,12979.289999999999,
CUST_04500,Joseph,Holt,andrew12@example.net,725.688.7132x287,34,Constantine,2024-10-26,Standard,,2302.27,
CUST_04501,Nancy,Johnson,randall41@example.net,(594)330-5044,45,Sidi Bel Abbès,2025-07-07,Standard,487.0,6230.28,
CUST_04502,Molly,Bauer,castrojennifer@example.net,687.597.0415x7429,32,Constantine,2023-02-03,Standard,623.0,2538.92,
CUST_04503,Teresa,Flowers,obarnes@example.net,(592)973-0739,31,Algiers,2025-10-27,Premium,599.0,7835.17,
CUST_04504,Jason,Hansen,iolson@example.com,+1-999-400-9749x9375,55,Sidi Bel Abbès,2025-07-06,Standard,741.0,4005.34,
CUST_04505,Jennifer,Brooks,jillianjames@example.com,3433448466,36,Sidi Bel Abbès,2025-04-13,Standard,743.0,166.29,
CUST_04506,Christopher,Hernandez,whitejuan@example.org,001-781-932-0272,40,Batna,2023-05-12,Standard,662.0,8849.25,
CUST_04507,Ricky,Thompson,kenneth31@example.com,(829)730-1179,54,Oran,2025-06-06,Premium,648.0,559.72,
CUST_04508,Michael,Brown,,001-586-968-0015x6314,31,Sidi Bel Abbès,2022-12-02,Basic,717.0,19196.129999999997,
CUST_04509,Curtis,Robinson,jenniferhiggins@example.com,(435)285-2110x1799,40,Sidi Bel Abbès,2024-04-19,Standard,680.0,3270.5400000000004,
CUST_04510,Michael,Burns,whitneyharrison@example.org,635.865.7329,31,Algiers,2023-03-25,Standard,689.0,15419.609999999999,
CUST_04511,Edward,Holder,,001-933-289-4726,57,Sidi Bel Abbès,2025-10-25,Basic,590.0,1135.47,
CUST_04512,Jennifer,Osborne,ihanson@example.com,233.981.6975,45,Biskra,2023-07-20,Premium,668.0,5464.01,
CUST_04513,Willie,Barnes,robin89@example.net,001-513-554-6652x28975,21,Tlemcen,2025-04-13,Basic,590.0,4939.45,
CUST_04514,Kimberly,Hoffman,dbrown@example.org,869-882-9976x99714,18,Annaba,2025-10-17,Basic,675.0,3002.13,
CUST_04515,Tonya,Ford,sharon55@example.com,4837484036,-1,Batna,2023-09-17,Standard,839.0,3571.75,
CUST_04516,Paige,Olson,amandageorge@example.org,001-326-789-8121,46,Biskra,2025-06-17,Standard,719.0,9897.94,
CUST_04517,Mathew,Roth,meganwood@example.net,+1-565-209-5256,34,Biskra,2022-11-17,Premium,552.0,7869.16,
CUST_04518,Rebecca,Johnson,johnsonpatricia@example.com,326-400-9103,44,Biskra,2023-01-01,Standard,568.0,24357.03,
CUST_04519,Elizabeth,Thomas,,(522)369-6407x6386,26,Biskra,2024-01-24,Premium,740.0,9361.05,
CUST_04520,Jeremy,Rogers,leon47@example.org,(907)280-5407x12989,38,Oran,2023-02-08,Basic,612.0,5719.85,
CUST_04521,Jennifer,Thomas,summer87@example.org,545-703-3152,41,Constantine,2024-11-26,Basic,550.0,11329.88,
CUST_04522,Mario,Malone,austinmccoy@example.org,(274)299-3919,21,Oran,2025-09-12,Standard,690.0,6137.929999999999,
CUST_04523,David,Adams,maxwelllisa@example.com,(434)846-7795,35,Biskra,2025-05-10,Basic,697.0,6996.75,
CUST_04524,Shelly,Everett,patelmary@example.com,215.642.3829x19698,29,Tlemcen,2025-06-21,Basic,579.0,7119.56,
CUST_04525,susan,Larson,webbmadison@example.net,9156919770,49,Blida,2023-07-15,Basic,529.0,10434.55,
CUST_04526,Crystal,Compton,gburton@example.org,273-789-1455,38,Sétif,2024-10-14,Standard,745.0,41414.88,
CUST_04527,Kyle,Velazquez,allenramirez@example.com,228-259-5252x9242,20,Blida,2023-04-28,Basic,850.0,10998.69,
CUST_04528,Dana,Patel,jesse99@example.org,678.307.7224,43,Blida,2025-02-22,Standard,634.0,7992.37,
CUST_04529,Patricia,Lopez,tstone@example.net,759-430-5069x9875,30,Batna,2024-04-30,Standard,768.0,18196.510000000002,
CUST_04530,Gary,Mueller,kendracunningham@example.net,864.600.6964x6901,38,Blida,2024-11-10,Standard,654.0,3565.22,
CUST_04531,Jennifer,Allison,,815-351-0517x7578,37,Constantine,2023-07-30,Standard,672.0,4078.37,
CUST_04532,Nathan,Kline,kgray@example.com,+1-709-511-9632x362,-1,Sidi Bel Abbès,2024-06-08,Standard,794.0,2978.97,
CUST_04533,Jason,Walter,wilsonconnie@example.net,001-316-888-9780x3323,39,Blida,2024-07-30,Standard,600.0,4647.74,
CUST_04534,Matthew,Morales,weissmary@example.org,780-930-7146x01099,39,Constantine,2023-08-31,Standard,632.0,25938.03,
CUST_04535,Bryan,Miller,hinesstacey@example.com,001-830-331-0519x6814,37,Algiers,2024-03-13,Basic,850.0,5531.17,
CUST_04536,Jennifer,Reyes,lisapreston@example.net,(463)414-2438,34,Blida,2025-01-05,Basic,606.0,2445.61,
CUST_04537,Michelle,Andrews,daniel53@example.net,810-724-0975x2606,43,Blida,2025-01-29,Standard,561.0,0.0,
CUST_04538,Jason,Gilmore,daniellewise@example.net,(437)274-0194x22852,18,Blida,2025-03-21,Standard,571.0,3766.46,
CUST_04539,Jesus,Smith,hughesglenn@example.org,804-778-2773x45734,39,Constantine,2025-01-14,Standard,605.0,7285.44,
CUST_04540,Timothy,Delgado,christine88@example.org,719-591-7737x66062,36,Sidi Bel Abbès,2024-05-03,Basic,495.0,8929.18,
CUST_04541,Justin,Cole,joseph15@example.org,+1-266-308-6048x994,52,Biskra,2023-12-18,Basic,654.0,5087.37,
CUST_04542,Michelle,Rosario,descobar@example.org,(589)345-6189x1349,23,Sétif,2025-06-27,Premium,807.0,2861.65,
CUST_04543,Miguel,Terry,patriciahopkins@example.org,8935888295,23,Sidi Bel Abbès,2024-09-18,Premium,745.0,13595.08,
CUST_04544,Thomas,Burgess,ffischer@example.net,001-588-301-9622,26,Blida,2023-04-03,Standard,579.0,20039.93,
CUST_04545,Suzanne,Garcia,reginaallen@example.com,3443440721,31,Constantine,2023-10-28,Standard,579.0,11902.24,
CUST_04546,Nicholas,Patton,xdalton@example.net,(561)813-9353x019,36,Annaba,2023-07-04,Standard,604.0,18164.52,
CUST_04547,Matthew,Freeman,thomas89@example.com,+1-276-212-7651x49241,18,Tlemcen,2024-02-04,Basic,718.0,13598.34,
CUST_04548,Austin,Gallegos,,266.420.6661,18,Algiers,2023-02-08,Premium,712.0,8749.779999999999,
CUST_04549,Jacqueline,Nelson,nunezjulie@example.net,293.547.7310x11060,32,Algiers,2025-02-10,Basic,505.0,11728.4,
CUST_04550,Amanda,Silva,timothyprice@example.org,855-851-9513x222,24,Batna,2022-12-28,Standard,728.0,17540.43,
CUST_04551,Patricia,Johnson,uwalters@example.net,9566949045,25,Sidi Bel Abbès,2023-03-21,Standard,663.0,6123.74,
CUST_04552,Crystal,Gomez,alexanderramirez@example.net,(715)882-8436x568,24,Tlemcen,2024-04-24,Standard,545.0,11993.46,
CUST_04553,Courtney,Baker,anthonyhayes@example.net,317-445-6185,33,Algiers,2023-12-26,Standard,621.0,15793.58,
CUST_04554,Benjamin,Romero,michael76@example.net,(254)913-2146,56,Sidi Bel Abbès,2024-07-20,Standard,679.0,4250.4,
CUST_04555,Stacy,Koch,james93@example.net,(978)647-6505x476,31,Blida,2024-10-26,Standard,693.0,7461.08,
CUST_04556,Jason,Sanchez,icastillo@example.org,(927)784-2374x05171,48,Sidi Bel Abbès,2025-10-21,Standard,782.0,7186.28,
CUST_04557,Melissa,Moore,ryangonzalez@example.org,920-702-8734x0362,22,Sétif,2023-04-30,Standard,741.0,8230.52,
CUST_04558,Michael,Anderson,david32@example.com,345.920.8260x759,20,Annaba,2023-02-02,Standard,788.0,8185.08,
CUST_04559,Corey,Johnson,dawsondavid@example.net,9363036082,24,Batna,2025-04-01,Basic,657.0,4123.74,
CUST_04560,Sean,Howard,brandy75@example.net,(828)510-9319x938,33,Batna,2023-12-24,Standard,696.0,2271.69,
CUST_04561,Jerry,Perez,zachary62@example.com,350.838.5044x86010,42,Annaba,2023-04-23,Standard,625.0,4766.91,
CUST_04562,Brian,Williams,damonwillis@example.net,+1-893-396-0733x1256,40,Blida,2025-07-08,Standard,688.0,15126.699999999999,
CUST_04563,Bradley,Martinez,kayla24@example.net,001-388-393-4217,18,Batna,2023-03-30,Premium,700.0,15652.960000000001,
CUST_04564,James,White,christopher52@example.com,965.759.2532x4254,24,Tlemcen,2023-11-01,Standard,449.0,10662.57,
CUST_04565,Paul,Evans,brookebautista@example.net,(818)475-2882x81702,42,Blida,2023-10-22,Standard,575.0,15852.18,
CUST_04566,Michael,Hernandez,madison31@example.com,820.483.8884x610,39,Constantine,2024-01-31,Premium,627.0,1947.2599999999998,
CUST_04567,Diamond,Flores,greenealexander@example.net,(769)542-5055x62975,38,Annaba,2024-07-11,Standard,633.0,7361.52,
CUST_04568,Darrell,Benson,danielfranklin@example.com,001-615-953-8846x9753,27,Annaba,2024-01-08,Standard,617.0,14645.15,
CUST_04569,Matthew,Roth,bmoss@example.org,731-276-1586,30,Blida,2024-12-26,Standard,650.0,7811.31,
CUST_04570,William,Harrison,hduke@example.net,201-406-7645x4056,33,Algiers,2025-09-01,Basic,790.0,11846.98,
CUST_04571,Elizabeth,Brown,iclark@example.com,001-665-880-9053x8053,23,Batna,2022-12-13,Standard,753.0,15709.99,
CUST_04572,Kayla,Harris,jennifer30@example.com,6305885423,22,Sidi Bel Abbès,2025-09-03,Standard,528.0,10446.38,
CUST_04573,Kim,Wolf,waltermurphy@example.com,9896736547,45,Sétif,2025-02-07,Standard,605.0,7711.52,
CUST_04574,Christopher,Miller,,001-890-216-3587x514,49,Algiers,2025-11-11,Standard,9999.0,11368.02,
CUST_04575,Leslie,Smith,meagan84@example.org,244.399.1954,30,Sidi Bel Abbès,2024-03-31,Standard,680.0,18831.65,
CUST_04576,Stephanie,Howard,stacynelson@example.net,001-425-830-5813x551,49,Blida,2022-11-19,Basic,545.0,0.0,
CUST_04577,Ann,Ball,nbell@example.net,+1-968-706-6643x0673,45,Algiers,2023-04-23,Standard,515.0,17581.870000000003,
CUST_04578,Megan,Payne,michellemartin@example.org,+1-648-317-7455,18,Oran,2024-02-14,Standard,642.0,2056.91,
CUST_04579,Daniel,Allen,jacqueline74@example.org,(219)991-4315,32,Algiers,2025-09-15,Standard,579.0,10078.49,
CUST_04580,Timothy,Fields,hernandezbenjamin@example.org,+1-534-892-5096x1830,33,Constantine,2024-07-05,Standard,626.0,20585.73,
CUST_04581,Ann,Rosales,erikmelendez@example.org,4786269313,32,Oran,2025-08-02,Basic,638.0,19384.739999999998,
CUST_04582,Laura,Brown,beckergregory@example.com,001-416-333-4534,31,Algiers,2023-12-26,Premium,694.0,12709.1,
CUST_04583,Amber,Wilkerson,jonesamanda@example.org,6303527034,43,Biskra,2024-10-11,Standard,731.0,7886.049999999999,
CUST_04584,Kevin,Brown,jason07@example.com,(840)655-5864x452,34,SÉTIF,2023-12-17,Standard,791.0,7482.91,
CUST_04585,Thomas,Todd,christopherbarnett@example.com,591-762-8844,27,Sidi Bel Abbès,2025-02-17,Standard,713.0,8020.59,
CUST_04586,Jeffrey,Jones,angela08@example.org,8263233329,22,Tlemcen,2025-01-31,Basic,572.0,1384.7199999999998,
CUST_04587,Robin,Smith,griffinalan@example.com,339.358.0081x744,33,Sidi Bel Abbès,2022-12-27,Standard,471.0,2800.9,
CUST_04588,Steven,Cortez,,+1-546-766-2981x997,30,Biskra,2024-10-13,Standard,723.0,1870.16,
CUST_04589,Joshua,Hill,ponceryan@example.com,2367029193,33,Oran,2023-04-30,Basic,727.0,10206.6,
CUST_04590,Calvin,Moreno,spearskelsey@example.net,001-644-565-2488x26523,-1,Algiers,2023-10-13,Standard,509.0,8737.39,
CUST_04591,Paul,Robinson,jessica29@example.com,(791)303-5241x5447,29,Biskra,2023-10-26,Basic,621.0,1919.74,
CUST_04592,Heather,Smith,virginiawarren@example.net,001-321-816-3470,31,Batna,2023-08-14,Basic,740.0,14154.26,
CUST_04593,Alexandria,Chambers,david36@example.org,676-319-7301,31,Oran,2023-02-24,Standard,706.0,9833.880000000001,
CUST_04594,Brandon,Oliver,emily98@example.net,+1-205-967-9858x649,33,Tlemcen,2024-01-13,Premium,568.0,1890.8700000000001,
CUST_04595,Amanda,Cannon,nelsondeborah@example.org,(533)940-1663x31393,41,Annaba,2024-01-26,Standard,566.0,3695.88,
CUST_04596,Tyler,Johnston,jose89@example.net,935.787.4485x31241,19,Tlemcen,2025-02-14,Standard,427.0,7975.030000000001,
CUST_04597,Daniel,Walter,,+1-597-504-6400x1491,18,Sidi Bel Abbès,2023-01-05,Basic,669.0,258.46,
CUST_04598,Cynthia,Owens,tonyataylor@example.com,615.577.6157,18,Batna,2023-11-05,Standard,647.0,2985.1000000000004,
CUST_04599,Daniel,Walker,kristin30@example.org,(294)352-9672x4347,40,Blida,2024-09-12,Standard,798.0,2105.08,
CUST_04600,Shannon,Garcia,gloverfrancisco@example.com,+1-874-528-9066x904,40,Sétif,2023-09-19,Standard,596.0,4209.29,
CUST_04601,Bryan,Nelson,mgallagher@example.com,+1-397-471-5760x6700,55,Biskra,2022-12-04,Premium,560.0,7044.92,
CUST_04602,Douglas,Gonzalez,bentleyalexis@example.net,(653)934-3659,18,ALGIERS,2023-05-26,Premium,510.0,4850.09,
CUST_04603,David,Russell,patrickdavenport@example.net,667-799-7146x85749,41,Constantine,2024-06-02,Premium,850.0,4003.5600000000004,
CUST_04604,Tara,Fowler,karen08@example.org,567.780.9227,50,Batna,2024-06-24,Standard,715.0,2442.56,
CUST_04605,Brandi,Griffin,ahernandez@example.net,674.268.6398,32,Batna,2023-10-24,Standard,632.0,23.66,
CUST_04606,Tom,Gordon,ashleyestrada@example.org,303-560-7377x1506,29,Biskra,2023-01-05,Basic,582.0,2608.78,
CUST_04607,Patrick,Ritter,williamsrebecca@example.net,307.833.8304x04794,37,Oran,2023-04-29,Standard,562.0,3131.25,
CUST_04608,Rick,Martin,kathleenlee@example.net,975-974-4582x57423,51,Constantine,2022-12-15,Standard,687.0,15223.24,
CUST_04609,Sarah,Hudson,teresa30@example.org,+1-751-294-6878x713,28,Annaba,2024-11-24,Premium,850.0,7316.96,
CUST_04610,Erica,Shea,jason66@example.com,719.832.0966x72162,44,Biskra,2025-09-01,Standard,649.0,4895.91,
CUST_04611,Sergio,Nichols,kennethmurphy@example.com,4808861057,49,Batna,2025-05-01,Standard,592.0,3661.88,
CUST_04612,Rachel,Gordon,randall15@example.net,(854)939-1051x0656,44,Annaba,2024-06-05,Standard,483.0,3050.54,
CUST_04613,Megan,Tyler,garycook@example.net,001-599-293-3129x93152,29,Algiers,2023-11-16,Standard,528.0,20497.52,
CUST_04614,Christopher,Clarke,douglas34@example.org,394-865-7499,31,Blida,2024-12-02,Standard,625.0,7610.48,
CUST_04615,Kevin,Decker,rhickman@example.net,314.335.6034,33,Blida,2024-02-25,Premium,771.0,6685.679999999999,
CUST_04616,Michael,Mcclure,karen12@example.net,6942930553,22,Algiers,2024-08-23,Standard,655.0,11954.619999999999,
CUST_04617,Robert,Mitchell,ariasdaniel@example.com,975-233-9515x74606,29,Biskra,2023-06-09,Basic,479.0,11159.24,
CUST_04618,Jackson,Hamilton,,(929)495-5215,38,Annaba,2023-02-28,Premium,588.0,6906.72,
CUST_04619,Angela,Carpenter,xmccoy@example.com,001-968-741-3892,38,Sétif,2025-07-27,Standard,757.0,14341.539999999999,
CUST_04620,Janice,Bishop,kerri69@example.org,9287352876,40,Sétif,2025-10-09,Standard,,2357.48,
CUST_04621,Thomas,Wong,crystal84@example.org,914.879.6851x990,24,Batna,2023-03-23,Standard,743.0,0.0,
CUST_04622,Shelly,Thomas,markcowan@example.org,001-368-560-6784x49641,50,Batna,2024-11-03,Premium,383.0,491.15999999999997,
CUST_04623,Kendra,Soto,natashadouglas@example.net,2064982192,22,Blida,2023-10-25,Basic,602.0,15129.75,
CUST_04624,Scott,White,knelson@example.net,001-681-559-5177,24,Blida,2023-01-07,Premium,670.0,503.96,
CUST_04625,Christopher,Vasquez,beardandrew@example.org,483-323-4863x415,51,Annaba,2024-07-15,Standard,681.0,8727.32,
CUST_04626,Robert,Walsh,daymia@example.com,685-790-7138x4568,33,Biskra,2023-12-31,Standard,663.0,2850.7,
CUST_04627,Russell,Boyer,melinda43@example.net,393.430.4498x18958,24,Annaba,2025-02-09,Basic,662.0,6547.53,
CUST_04628,William,Weber,lgibson@example.com,+1-260-508-6078x049,29,Annaba,2023-05-09,Standard,503.0,12359.27,
CUST_04629,Jessica,Sweeney,lgonzalez@example.net,001-251-777-6983x67139,22,Algiers,2024-06-04,Standard,763.0,7223.89,
CUST_04630,Jonathan,Hill,grimeskimberly@example.org,831.754.2125x8870,40,Sidi Bel Abbès,2025-03-24,Standard,458.0,6533.549999999999,
CUST_04631,Henry,Huynh,joseph52@example.org,001-281-748-1854,54,Algiers,2023-01-02,Standard,670.0,7627.72,
CUST_04632,Jennifer,Mcneil,christopher68@example.com,9525935410,53,Sidi Bel Abbès,2025-03-23,Standard,544.0,4740.96,
CUST_04633,Brian,Greer,hunterwest@example.com,644-280-6344x68023,27,SIDI BEL ABBÈS,2022-12-06,Standard,596.0,7118.0599999999995,
CUST_04634,robert,Booker,ibrandt@example.net,(901)288-0381x45909,28,Sidi Bel Abbès,2024-10-01,Premium,610.0,7002.91,
CUST_04635,Drew,Burgess,phillipskelly@example.org,916-249-6494,-1,Tlemcen,2024-02-11,Standard,501.0,5593.07,
CUST_04636,Kevin,James,nathaniel00@example.org,+1-480-373-5015x3484,18,Blida,2024-07-19,Premium,814.0,3872.5199999999995,
CUST_04637,Tyler,Perez,austinbonnie@example.com,370-529-0280,50,Annaba,2025-05-25,Basic,555.0,22596.45,
CUST_04638,Thomas,Smith,,788-737-7356x7194,50,Sétif,2024-07-06,Basic,487.0,2512.7799999999997,
CUST_04639,Christopher,Reese,ilynch@example.net,703-687-5359x6623,38,Sétif,2024-03-14,Basic,659.0,4973.93,
CUST_04640,Megan,Salazar,,+1-829-257-4057x937,21,Constantine,2024-07-17,Standard,452.0,16314.58,
CUST_04641,Nathaniel,Horton,williamspamela@example.com,(714)312-2580x4849,20,Oran,2022-11-15,Premium,728.0,16657.52,
CUST_04642,Michael,Foster,zbrandt@example.org,001-887-584-1856x788,27,Constantine,2025-01-12,Standard,644.0,15945.96,
CUST_04643,Paul,Lewis,robertnewman@example.com,001-624-744-3807x74421,56,Algiers,2025-10-19,Basic,766.0,11781.119999999999,
CUST_04644,Emily,Jacobs,asantiago@example.com,415-707-9585x3266,42,Constantine,2025-03-31,Standard,749.0,158.75,
CUST_04645,Valerie,Ruiz,pattersonhaley@example.com,624-898-7963x578,38,Oran,2023-03-03,Premium,680.0,7578.91,
CUST_04646,Rachael,Moreno,monica30@example.net,(499)290-3037,30,Tlemcen,2023-12-16,Standard,607.0,1861.67,
CUST_04647,Monique,Bailey,chasetyler@example.com,+1-821-949-7421x0664,28,Sétif,2023-07-26,Basic,575.0,0.0,
CUST_04648,Marie,Johnson,xprice@example.org,(694)320-2225x88523,30,Sétif,2024-12-29,Premium,646.0,5708.76,
CUST_04649,Anna,West,,+1-207-568-1301,39,Batna,2024-01-12,Basic,492.0,5177.17,
CUST_04650,Christopher,Greene,jessica92@example.org,(611)367-7477x3133,55,Oran,2024-04-22,Basic,584.0,14757.32,
CUST_04651,Melissa,Thomas,,955.397.3286,54,Sidi Bel Abbès,2024-10-28,Standard,591.0,10608.24,
CUST_04652,Lawrence,Brown,william99@example.org,(406)515-5989,45,Sidi Bel Abbès,2025-01-23,Standard,732.0,6234.49,
CUST_04653,Steven,Kelly,stephaniehernandez@example.org,(365)251-5192x754,54,Sétif,2024-04-26,Standard,589.0,7884.47,
CUST_04654,Willie,Holmes,joshuahernandez@example.com,001-280-441-9111x688,43,Biskra,2023-03-19,Standard,703.0,4980.3099999999995,
CUST_04655,Mark,Gomez,michaelnelson@example.org,242-662-0471x4890,49,Tlemcen,2023-10-09,Basic,619.0,7577.24,
CUST_04656,Stephen,Diaz,jimmy30@example.com,(466)404-5236x9238,-1,Algiers,2025-06-10,Premium,679.0,15135.09,
CUST_04657,Nathan,White,hernandezangela@example.net,868-830-5378x940,51,Biskra,2023-03-20,Basic,813.0,2831.44,
CUST_04658,Amanda,Hughes,qharrington@example.com,(459)935-2385x71212,39,Algiers,2023-03-20,Basic,678.0,12514.03,
CUST_04659,craig,Taylor,karenwallace@example.com,+1-839-932-5019x22719,58,Algiers,2023-07-16,Basic,509.0,5674.83,
CUST_04660,Alexander,Cobb,hwilson@example.org,001-782-505-3377,43,Oran,2023-05-01,Standard,545.0,13080.35,
CUST_04661,Joshua,Griffin,john15@example.net,+1-321-966-4445x0742,50,BISKRA,2024-05-11,Basic,525.0,7166.29,
CUST_04662,Jessica,Johnson,regina52@example.com,358.236.4928x9668,48,Sétif,2024-10-29,Standard,850.0,11696.2,
CUST_04663,Alan,Dorsey,colinfarrell@example.com,001-853-653-8218x108,37,Constantine,2024-09-18,Standard,638.0,3092.52,
CUST_04664,Joseph,Shaffer,christianbaker@example.com,001-935-749-4109,44,Biskra,2025-11-03,Standard,724.0,14276.59,
CUST_04665,Jessica,Townsend,hrios@example.com,001-560-787-0999,42,Blida,2024-12-18,Standard,725.0,15458.91,
CUST_04666,Shaun,Coleman,carolynmiller@example.net,807.472.3096x6941,35,Algiers,2023-08-12,Standard,796.0,5346.26,
CUST_04667,Michael,Carpenter,meghan31@example.com,205.796.1605,32,Algiers,2023-08-09,Standard,755.0,3110.05,
CUST_04668,Christopher,Black,tiffanymccarthy@example.org,200-281-9822x2832,22,Sétif,2023-10-23,Basic,716.0,185.15,
CUST_04669,Paul,Jackson,kayla81@example.net,323.896.1242x226,23,Sidi Bel Abbès,2023-07-29,Standard,785.0,27324.03,
CUST_04670,Randy,Jenkins,james94@example.com,524-790-5413x23715,55,Sidi Bel Abbès,2024-08-25,Standard,615.0,13951.69,
CUST_04671,Jerry,Horton,,+1-715-515-4736,18,Oran,2024-07-31,Premium,605.0,360.91,
CUST_04672,James,Gray,elizabethallen@example.com,(712)780-5439x1322,29,Sétif,2025-02-22,Standard,444.0,11096.300000000001,
CUST_04673,Krystal,Johnson,garciadaniel@example.net,547-483-6437x48262,28,Tlemcen,2024-11-01,Basic,526.0,8253.8,
CUST_04674,Robert,Lyons,grantwesley@example.org,663.259.1247x04312,36,Constantine,2024-10-11,Standard,534.0,3665.8,
CUST_04675,Justin,Oliver,higginslaura@example.net,(314)717-1019,28,Blida,2023-01-10,Basic,807.0,18102.899999999998,
CUST_04676,Pamela,Barton,perryglenn@example.com,001-588-963-3200x268,33,Algiers,2022-12-14,Premium,728.0,12752.150000000001,
CUST_04677,James,Adams,james10@example.org,761.815.0647,35,Sétif,2023-02-23,Standard,603.0,14717.619999999999,
CUST_04678,Cheryl,Butler,browntabitha@example.net,001-647-734-0361x84061,-1,Blida,2024-03-02,Standard,659.0,4270.62,
CUST_04679,Melissa,Morrow,wallersandra@example.net,865-603-2077x2615,19,Tlemcen,2023-07-20,Premium,819.0,14604.64,
CUST_04680,John,Wong,tsullivan@example.com,001-663-688-3486x30188,27,Batna,2025-05-26,Basic,633.0,6863.72,
CUST_04681,Terri,Becker,bensonmichael@example.org,+1-343-512-9543,18,Algiers,2025-09-07,Premium,682.0,11910.04,
CUST_04682,nathaniel,Ayala,shannon39@example.org,6674282524,36,Annaba,2023-08-01,Standard,765.0,10075.91,
CUST_04683,Tiffany,Davis,clarkshawn@example.com,942.217.6979,44,Tlemcen,2024-09-17,Standard,587.0,22363.170000000002,
CUST_04684,Angela,Adams,mariataylor@example.com,001-479-988-4554,53,Annaba,2022-11-16,Standard,381.0,14521.279999999999,
CUST_04685,Zachary,Jenkins,jenniferguerra@example.org,818.932.8159x57267,19,Tlemcen,2024-07-05,Standard,686.0,11155.54,
CUST_04686,Steven,Mckay,cassandra27@example.net,428.382.4635x8593,20,Algiers,2024-09-23,Standard,778.0,2408.7,
CUST_04687,Mark,Bell,lisa68@example.org,778-329-2688,36,Batna,2023-11-25,Standard,601.0,11078.029999999999,
CUST_04688,Craig,Long,jbates@example.org,(691)372-3140x41535,53,Annaba,2024-04-09,Premium,681.0,9182.34,
CUST_04689,herbert,Blankenship,brianguerra@example.com,+1-320-393-5744,34,Blida,2025-08-27,Standard,641.0,1472.96,
CUST_04690,Nancy,Bates,erin07@example.net,941-458-0465,20,Oran,2023-02-26,Standard,610.0,7941.129999999999,
CUST_04691,Sergio,Knox,jamie59@example.com,+1-803-256-5116x998,53,Sidi Bel Abbès,2025-04-17,Standard,709.0,7800.4800000000005,
CUST_04692,Deanna,Morrow,karen03@example.org,+1-405-895-3250x85804,23,Sidi Bel Abbès,2023-04-15,Basic,783.0,28551.0,
CUST_04693,Brenda,Hughes,jillmullins@example.com,846.792.5976x924,27,Biskra,2025-08-10,Basic,765.0,18823.579999999998,
CUST_04694,Brian,Brady,robertjones@example.org,3402784437,38,Algiers,2025-05-26,Basic,636.0,10094.27,
CUST_04695,clayton,Pratt,cheyennehernandez@example.com,7808637631,39,Tlemcen,2025-07-21,Premium,9999.0,7335.71,
CUST_04696,Yolanda,Hobbs,allenclaire@example.org,237-818-3483,29,Annaba,2024-04-18,Basic,689.0,14323.910000000002,
CUST_04697,Natalie,Hays,natashacrawford@example.net,507.394.1428x2488,36,Blida,2023-09-08,Standard,489.0,3144.1499999999996,
CUST_04698,Ronald,White,adamsandrew@example.net,7797498006,25,Annaba,2025-10-22,Basic,748.0,5142.4,
CUST_04699,Katie,Carroll,hannah65@example.org,396.201.3132,39,Sidi Bel Abbès,2024-10-02,Standard,587.0,13546.75,
CUST_04700,Jocelyn,Perez,,001-612-824-6394x841,18,Tlemcen,2025-06-02,Premium,637.0,2540.65,
CUST_04701,Leonard,Thomas,adam46@example.net,+1-877-335-3686x669,18,Sidi Bel Abbès,2024-09-30,Premium,785.0,4883.7,
CUST_04702,Hunter,Wells,wwise@example.net,001-711-307-2483,21,Sétif,2024-04-19,Standard,530.0,2395.9900000000002,
CUST_04703,Adam,Johnson,amcdonald@example.com,969.859.4673x85221,24,Sétif,2025-04-17,Basic,592.0,5339.89,
CUST_04704,Karen,Weiss,mcdonaldcaroline@example.org,(245)770-0246x29566,38,Oran,2023-01-26,Basic,555.0,36931.06,
CUST_04705,Madison,Riley,qhernandez@example.net,001-648-277-6126x8531,25,Algiers,2022-12-16,Standard,707.0,3554.79,
CUST_04706,Jesse,Kennedy,,(817)613-6445x923,50,TLEMCEN,2024-09-02,Standard,770.0,3536.98,
CUST_04707,Jessica,Ryan,martinezrichard@example.net,(355)595-6923,57,Oran,2025-07-09,Standard,670.0,15420.82,
CUST_04708,Kaitlyn,Marks,melissareyes@example.org,(818)237-3391x848,47,Sétif,2023-01-25,Standard,628.0,8133.0599999999995,
CUST_04709,Mark,Smith,kyle74@example.org,001-200-820-8914,33,Blida,2024-01-27,Standard,782.0,12143.15,
CUST_04710,Joshua,Torres,wendy82@example.com,643-807-1417x47157,19,Blida,2024-03-30,Standard,498.0,5497.36,
CUST_04711,Rebecca,Krause,fleblanc@example.net,676-214-7027,41,Blida,2024-08-18,Basic,553.0,11815.61,
CUST_04712,Alice,Mcguire,garciaseth@example.com,489.614.6534x619,43,Algiers,2025-09-23,Basic,534.0,2381.41,
CUST_04713,Christopher,Taylor,bethrichards@example.com,(548)617-2673x129,46,Algiers,2023-08-16,Standard,751.0,4082.8799999999997,
CUST_04714,Frederick,Jones,nathan60@example.org,001-967-814-0620x9631,29,Blida,2024-07-09,Standard,842.0,10212.380000000001,
CUST_04715,Michelle,Davis,,+1-500-298-6780x0013,42,Annaba,2023-09-25,Premium,594.0,15662.77,
CUST_04716,Christina,Thompson,frogers@example.org,001-881-493-9015x405,18,Sétif,2024-07-22,Standard,653.0,11372.39,
CUST_04717,Mark,Brooks,mmurphy@example.net,001-354-776-9094,52,Biskra,2024-01-06,Basic,757.0,7765.72,
CUST_04718,Jeffrey,Ray,,001-406-622-4813,52,CONSTANTINE,2025-03-14,Standard,534.0,7490.69,
CUST_04719,Judith,Castillo,ebutler@example.net,240-820-0731,71,Batna,2023-05-10,Standard,649.0,3223.5699999999997,
CUST_04720,Timothy,Powell,,610.943.4106x286,39,Tlemcen,2023-05-26,Basic,709.0,9671.32,
CUST_04721,christopher,Kaiser,rmiller@example.org,478-882-4481x564,43,Blida,2025-05-24,Standard,403.0,6075.79,
CUST_04722,Christina,Simmons,sarah91@example.com,916-313-1489,37,Tlemcen,2023-11-08,Basic,779.0,13438.33,
CUST_04723,Renee,Baker,johnsmith@example.org,001-737-518-9327x66526,20,ALGIERS,2024-03-13,Standard,698.0,4231.45,
CUST_04724,Katherine,Swanson,brandon43@example.com,(444)969-0246x66450,28,Oran,2025-01-28,Standard,669.0,15267.6,
CUST_04725,Ashley,Wright,scott23@example.com,(548)380-7196,18,Blida,2023-04-18,Basic,648.0,19195.82,
CUST_04726,Bryan,Cook,jhunt@example.org,(943)590-8159,42,Constantine,2023-09-01,Standard,676.0,5320.5,
CUST_04727,Angelica,Neal,ginalynch@example.com,001-942-496-8945,35,Tlemcen,2024-09-22,Standard,457.0,13417.689999999999,
CUST_04728,Kathryn,Jackson,gsmith@example.net,909.375.2851x3290,55,Annaba,2024-03-09,Standard,712.0,1696.0300000000002,
CUST_04729,Danielle,Arnold,cassandra58@example.org,+1-643-758-4972x77913,39,Algiers,2024-08-06,Standard,629.0,2858.0499999999997,
CUST_04730,Margaret,Sanchez,ejones@example.com,956-887-9468x576,26,Annaba,2023-08-30,Standard,617.0,8263.33,
CUST_04731,michael,Schmidt,bishoplauren@example.com,7466832273,18,Sidi Bel Abbès,2023-02-12,Basic,741.0,4772.84,
CUST_04732,Elizabeth,Garner,daisytorres@example.org,209-998-6647,37,Annaba,2024-04-09,Standard,453.0,0.0,
CUST_04733,Heather,Wallace,,(200)629-8096x559,27,Constantine,2025-01-11,Premium,792.0,14173.91,
CUST_04734,Evelyn,Wilcox,christopher63@example.com,372.808.9791x8836,41,Blida,2023-12-27,Basic,400.0,8593.86,
CUST_04735,Philip,Lambert,charlesmiller@example.net,001-358-282-4278,18,Biskra,2023-08-08,Basic,595.0,7797.22,
CUST_04736,Brian,Johnson,john71@example.com,(827)669-0362,25,Blida,2023-07-13,Standard,544.0,6289.33,
CUST_04737,Lisa,Anderson,hstephens@example.com,(474)592-6277x730,49,Sétif,2022-12-31,Standard,661.0,3917.95,
CUST_04738,Curtis,Ward,whutchinson@example.org,939.692.0517x7188,27,Tlemcen,2023-08-19,Standard,643.0,2827.18,
CUST_04739,Pamela,Thompson,mahoneytammy@example.org,507-431-9197x568,47,Sétif,2025-04-27,Standard,678.0,11211.51,
CUST_04740,Timothy,Adams,julie69@example.net,263.548.6547x223,18,Algiers,2025-02-15,Standard,685.0,0.0,
CUST_04741,Mark,Carr,bjohnson@example.com,(980)220-3472x33122,42,Biskra,2025-07-03,Standard,569.0,17960.54,
CUST_04742,Alex,Hoffman,dherman@example.org,844-780-7738x3453,47,Annaba,2023-10-23,Premium,797.0,5855.6,
CUST_04743,Richard,Chandler,rwade@example.org,+1-890-850-5268,58,Sidi Bel Abbès,2024-01-03,Standard,708.0,11413.83,
CUST_04744,Robert,Johnson,smithstephanie@example.net,403.674.0063,39,Tlemcen,2023-09-08,Basic,730.0,8724.43,
CUST_04745,Marie,Hale,hallcory@example.net,483.777.4284,70,Oran,2024-03-07,Standard,616.0,3494.1499999999996,
CUST_04746,Troy,Cox,raymond58@example.net,001-846-291-8165x463,51,Batna,2023-05-10,Standard,703.0,13448.25,
CUST_04747,Mark,Hines,christopher06@example.net,895-827-6165x5322,36,Blida,2023-05-22,Basic,647.0,2138.4300000000003,
CUST_04748,Hannah,Huang,donovanerin@example.com,(321)926-6350x57059,35,Biskra,2024-10-06,Basic,793.0,2086.38,
CUST_04749,Ricky,Garrett,henry33@example.org,383.356.2737,38,Tlemcen,2023-02-10,Basic,734.0,10931.71,
CUST_04750,William,Hernandez,,(640)496-8230x113,20,Sétif,2023-12-20,Basic,614.0,11767.26,
CUST_04751,Martin,Taylor,mspencer@example.com,519.757.1463x97090,18,Batna,2025-04-06,Standard,679.0,5079.8099999999995,
CUST_04752,Gary,Carroll,carlsonmark@example.org,372.373.3832x976,20,Annaba,2023-02-22,Standard,762.0,4542.87,
CUST_04753,Kayla,Wright,jbell@example.net,827-883-8164x537,42,Oran,2023-08-19,Premium,814.0,4468.88,
CUST_04754,angela,Joseph,haydentracy@example.org,(787)611-6714x227,18,Oran,2023-01-05,Standard,507.0,199.91,
CUST_04755,lonnie,Jensen,robert54@example.org,6665712494,18,Blida,2024-05-22,Premium,668.0,950.6,
CUST_04756,Marcus,Baker,baldwinjulia@example.net,+1-460-697-8483x8939,21,Constantine,2024-11-04,Basic,671.0,0.0,
CUST_04757,Kristin,Dickson,taylorjacob@example.com,(993)982-8877,32,Annaba,2023-03-27,Standard,620.0,2331.31,
CUST_04758,Jeremiah,Hobbs,michaelwoods@example.org,895.503.9788,37,Algiers,2025-09-16,Basic,610.0,10513.59,
CUST_04759,Nancy,Ford,wheelervincent@example.net,(563)618-3674x6330,34,Tlemcen,2023-09-04,Standard,631.0,7347.67,
CUST_04760,Steven,Lloyd,lauriebuck@example.com,(580)267-0480x3834,22,Sétif,2024-09-20,Standard,736.0,14525.77,
CUST_04761,Shelia,Logan,jodi56@example.com,001-316-272-0906x9122,37,Annaba,2024-11-05,Basic,632.0,6447.76,
CUST_04762,Samuel,Brown,sweeneylaura@example.net,+1-408-562-9662,25,Oran,2024-07-30,Standard,634.0,5641.110000000001,
CUST_04763,Danielle,White,xramos@example.com,983.573.5799,41,Blida,2025-06-30,Standard,623.0,2119.9399999999996,
CUST_04764,Raymond,Erickson,christinaarnold@example.com,001-521-247-9599x38693,41,Annaba,2025-07-17,Standard,495.0,26113.420000000002,
CUST_04765,Linda,Wood,shawn28@example.net,(994)221-1458x561,40,Blida,2025-07-04,Basic,485.0,10308.47,
CUST_04766,Lisa,Hansen,hartmanbrianna@example.net,001-602-590-1818x14072,18,Oran,2024-06-08,Basic,639.0,5310.93,
CUST_04767,Adam,Mcclure,zpowers@example.com,+1-873-377-3398x71409,37,Tlemcen,2024-06-10,Standard,649.0,15143.48,
CUST_04768,John,Rojas,gregoryjohnson@example.org,(544)308-1372x776,39,Oran,2024-11-29,Standard,723.0,5095.1900000000005,
CUST_04769,Bryan,Saunders,richardlong@example.org,001-630-867-9133x843,33,Annaba,2024-11-06,Standard,556.0,8974.38,
CUST_04770,Alejandra,Mitchell,krodriguez@example.com,6622937895,31,Blida,2024-04-27,Standard,619.0,0.0,
CUST_04771,Misty,Glass,kwillis@example.org,928.341.8894x69584,38,Annaba,2025-08-14,Premium,534.0,21750.94,
CUST_04772,Richard,Holmes,lisa36@example.net,728-411-7310,34,Oran,2023-11-07,Standard,496.0,7534.39,
CUST_04773,Ian,Mccall,chadmartinez@example.com,(899)726-4769,28,Algiers,2025-09-30,Standard,641.0,7954.58,
CUST_04774,Alexander,Flynn,andrew73@example.org,+1-955-397-7143x691,39,Batna,2024-09-08,Premium,449.0,2575.82,
CUST_04775,Christopher,Anderson,stephanie44@example.com,(527)641-3974x6699,38,Sétif,2025-03-12,Standard,623.0,6478.26,
CUST_04776,Caitlin,Hogan,aedwards@example.com,(548)563-1134,49,Biskra,2023-02-22,Standard,690.0,6031.110000000001,
CUST_04777,Eric,Banks,yjohnson@example.org,(950)464-0368x4069,37,Constantine,2023-12-07,Premium,718.0,13810.45,
CUST_04778,Steven,Sanchez,martinezbenjamin@example.org,001-964-327-2516x09647,45,Sétif,2025-08-25,Standard,783.0,8927.949999999999,
CUST_04779,Jason,Hill,,905.871.8187x81770,18,Annaba,2023-06-04,Standard,506.0,0.0,
CUST_04780,Sherri,Hernandez,zlee@example.org,(814)523-5443x240,66,Constantine,2024-05-30,Standard,643.0,7290.56,
CUST_04781,Cory,Payne,susanreyes@example.net,001-227-808-6502x1360,56,Algiers,2024-07-19,Basic,615.0,15941.310000000001,
CUST_04782,Jeffrey,Walters,rnelson@example.org,644.689.9881x6883,47,Constantine,2025-09-20,Premium,731.0,166.29,
CUST_04783,Hunter,Watson,carterdavid@example.com,(665)876-1082x883,54,Tlemcen,2023-01-05,Standard,778.0,0.0,
CUST_04784,Aaron,Walter,mark56@example.net,001-333-252-5261x59826,29,Batna,2024-10-15,Premium,775.0,21007.31,
CUST_04785,Rebecca,Anderson,pattersonamy@example.org,+1-460-526-5163x5373,47,Blida,2023-05-30,Standard,772.0,12909.61,
CUST_04786,Cathy,Dunlap,donaldsonjonathan@example.com,001-269-745-9268x08730,32,Constantine,2023-07-06,Basic,548.0,23929.53,
CUST_04787,Jeffrey,Lopez,scottjoseph@example.com,852-925-5519,29,Batna,2024-05-01,Standard,596.0,3672.61,
CUST_04788,Ruben,Kim,rowefrank@example.net,500-706-2182,33,Biskra,2024-02-21,Standard,769.0,9800.46,
CUST_04789,Randall,Quinn,ntran@example.org,+1-648-790-4495x2666,37,Sidi Bel Abbès,2023-01-14,Standard,741.0,10591.74,
CUST_04790,Sarah,Blackwell,pamelaconner@example.net,+1-514-580-4054x127,42,Blida,2025-10-03,Standard,682.0,14217.98,
CUST_04791,Brandon,Wise,rachel35@example.org,001-884-276-2362x28829,31,Sidi Bel Abbès,2023-03-26,Standard,494.0,7476.93,
CUST_04792,Louis,Ruiz,vortiz@example.net,635-569-5139x4759,40,Blida,2024-09-12,Standard,622.0,4629.43,
CUST_04793,Wendy,Stevens,dday@example.org,+1-352-373-3006x27727,41,Annaba,2023-11-03,Basic,685.0,17526.68,
CUST_04794,Ricardo,Mcguire,egraves@example.org,(273)265-0733x14074,50,Sétif,2024-05-18,Premium,761.0,6560.77,
CUST_04795,Emily,Graham,starkelizabeth@example.net,(230)790-8612,40,Biskra,2023-07-01,Standard,554.0,22792.59,
CUST_04796,Patrick,Roy,plambert@example.org,001-853-768-5302x418,41,Sidi Bel Abbès,2023-04-13,Standard,564.0,5669.620000000001,
CUST_04797,Jeffery,Carter,gonzalezjenny@example.com,250.699.1975x5549,30,Sidi Bel Abbès,2024-01-06,Standard,638.0,7633.24,
CUST_04798,Cynthia,Robinson,ferrellhannah@example.com,(695)526-3590,39,Blida,2023-04-06,Standard,631.0,12643.83,
CUST_04799,Anthony,Bailey,yjohns@example.org,803.906.0195,32,Sidi Bel Abbès,2023-06-12,Standard,640.0,8835.460000000001,
CUST_04800,Laura,Pierce,kimberlyadams@example.net,+1-330-469-2905x543,26,Biskra,2025-01-20,Premium,762.0,3461.4700000000003,
CUST_04801,Heather,Lopez,jason80@example.org,(441)726-0354,39,Biskra,2023-12-10,Standard,741.0,3367.4100000000003,
CUST_04802,Gabrielle,Weber,bryanchad@example.org,(844)773-9847x0974,29,Annaba,2025-07-16,Basic,769.0,366.74,
CUST_04803,Cole,Neal,,+1-336-962-5480x103,49,Blida,2025-10-01,Standard,647.0,0.0,
CUST_04804,Wesley,Burns,clayton87@example.net,986.530.7818x065,51,Annaba,2024-09-30,Standard,671.0,2444.3599999999997,
CUST_04805,Katie,Turner,,+1-773-935-1155x241,46,Sidi Bel Abbès,2024-08-27,Standard,684.0,25243.989999999998,
CUST_04806,Danielle,Weaver,jason09@example.org,(666)658-2381,36,Tlemcen,2023-06-09,Standard,585.0,3701.39,
CUST_04807,Angela,Norman,shannon18@example.net,4534378512,40,Tlemcen,2023-12-17,Premium,752.0,4138.57,
CUST_04808,Christine,Tyler,dnelson@example.org,(861)741-0488x689,41,Sidi Bel Abbès,2023-01-21,Standard,493.0,7791.299999999999,
CUST_04809,Joseph,Mosley,jennifer72@example.net,001-863-908-1219,51,Annaba,2024-10-02,Basic,645.0,11878.9,
CUST_04810,Timothy,Mata,lindsayfuller@example.org,272.773.0140x8507,40,Oran,2024-03-25,Basic,654.0,2255.4900000000002,
CUST_04811,Stephanie,Morgan,douglasrebecca@example.org,5278798853,58,Oran,2024-09-11,Premium,631.0,6013.93,
CUST_04812,Gina,Palmer,castillojessica@example.net,767.996.1207,52,Algiers,2024-09-24,Standard,595.0,5150.92,
CUST_04813,James,Garcia,piercechristopher@example.net,439-479-0174x0397,18,Annaba,2023-09-12,Standard,683.0,28947.83,
CUST_04814,Elizabeth,Davis,kevin80@example.org,629.823.6579x891,47,Biskra,2023-11-17,Standard,9999.0,2709.8,
CUST_04815,Jessica,Burke,erichuff@example.com,(817)325-4014,29,Constantine,2024-03-07,Standard,604.0,9654.51,
CUST_04816,Samantha,Doyle,riverarobert@example.com,277-813-5389,46,Tlemcen,2023-12-02,Standard,792.0,4752.15,
CUST_04817,Kelly,Dickerson,jhernandez@example.com,3583073656,18,Biskra,2024-10-17,Standard,440.0,12318.99,
CUST_04818,Shaun,Avila,,001-711-955-3901,29,Annaba,2024-01-24,Basic,648.0,19949.79,
CUST_04819,Kelly,Perez,,001-219-329-5050x8661,51,Sétif,2023-12-12,Standard,781.0,7777.91,
CUST_04820,Justin,Little,ashleygraves@example.org,(804)442-1851x203,46,Sétif,2025-10-28,Basic,777.0,15033.93,
CUST_04821,Karen,Robinson,scook@example.org,(594)420-7542x55234,42,Blida,2023-02-10,Basic,682.0,21377.89,
CUST_04822,Emily,Gordon,todddonna@example.com,(785)260-0738,30,ORAN,2025-07-09,Standard,684.0,27430.1,
CUST_04823,Pamela,Morse,christian05@example.org,001-419-431-4504x115,54,Biskra,2023-04-22,Standard,621.0,7168.799999999999,
CUST_04824,William,Owens,kanthony@example.net,+1-407-719-5605,38,Sétif,2023-04-22,Standard,711.0,8533.47,
CUST_04825,Mark,Holmes,juliemcintosh@example.com,788-700-9724,18,Batna,2023-04-20,Standard,754.0,3950.21,
CUST_04826,Rhonda,Charles,danmurphy@example.com,+1-831-444-0456x84775,29,Sétif,2024-09-22,Basic,546.0,3668.01,
CUST_04827,Keith,Hardy,stephensmith@example.net,567.655.8311x0812,38,Biskra,2024-09-01,Standard,750.0,5860.67,
CUST_04828,Lori,Lewis,danielle11@example.net,(859)381-7608x07946,56,Annaba,2023-01-17,Standard,485.0,6661.389999999999,
CUST_04829,Andrew,Young,patrick21@example.org,406-347-2095x87601,34,Annaba,2024-12-05,Standard,696.0,5285.43,
CUST_04830,Brent,Morgan,maddenlindsey@example.com,395-593-3725,27,Annaba,2024-06-19,Standard,850.0,6639.67,
CUST_04831,Theresa,Lewis,bbailey@example.net,(938)557-3125,47,Annaba,2025-06-28,Standard,585.0,6655.389999999999,
CUST_04832,Benjamin,Villarreal,johnmarsh@example.net,2265592665,32,Sidi Bel Abbès,2023-06-20,Basic,561.0,3351.32,
CUST_04833,Lindsey,Brown,igonzalez@example.org,372.220.1032x8311,32,ANNABA,2024-09-11,Basic,767.0,18012.9,
CUST_04834,Steven,Wells,ryan46@example.net,001-847-313-0720,49,Algiers,2023-05-29,Standard,663.0,18939.68,
CUST_04835,Laura,Hill,yfowler@example.com,+1-416-748-3123x0681,35,Biskra,2025-07-17,Premium,649.0,4774.48,
CUST_04836,Alison,Rodriguez,nunezlaura@example.com,(870)361-2260,32,Blida,2025-01-22,Premium,709.0,24139.339999999997,
CUST_04837,John,Pierce,christopher58@example.org,513.584.2873,18,Algiers,2024-03-08,Standard,736.0,28375.25,
CUST_04838,Stephanie,Owens,jason74@example.com,364-402-3055x412,37,Blida,2025-11-01,Standard,662.0,4557.04,
CUST_04839,abigail,Lewis,phillip10@example.net,(701)940-3367x69123,30,Tlemcen,2023-03-07,Basic,492.0,5141.5,
CUST_04840,Anthony,Reid,connornolan@example.net,001-759-306-2070x98679,39,Blida,2023-06-20,Standard,478.0,19281.12,
CUST_04841,Tammy,Morales,helen55@example.net,001-377-754-4816x07172,18,Sétif,2024-02-03,Basic,850.0,1239.36,
CUST_04842,Brianna,Patterson,xlarson@example.com,+1-993-204-0648x7102,31,Blida,2024-09-13,Basic,643.0,10978.21,
CUST_04843,Elizabeth,Duncan,,749-340-1361x607,32,Oran,2025-04-04,Standard,315.0,4855.4,
CUST_04844,Anthony,Brown,jonesdouglas@example.net,570.725.6202,18,Sétif,2023-04-02,Premium,623.0,14716.87,
CUST_04845,Cynthia,Evans,brian54@example.org,716.258.7120,49,Oran,2023-04-03,Standard,761.0,7181.5599999999995,
CUST_04846,Elizabeth,Hobbs,omiller@example.org,8905466129,18,Oran,2025-05-31,Standard,776.0,11809.71,
CUST_04847,Sarah,Long,,001-916-626-7821x456,36,Sidi Bel Abbès,2025-06-22,Standard,850.0,13954.59,
CUST_04848,Austin,Calhoun,doughertymichael@example.com,886-313-4717,52,Annaba,2025-06-09,Standard,726.0,22425.96,
CUST_04849,rachel,Kelley,dkane@example.com,395-397-3786x265,33,Sidi Bel Abbès,2024-09-04,Standard,556.0,1159.53,
CUST_04850,Peter,Carroll,tuckergerald@example.org,001-888-583-4025x862,30,Biskra,2022-12-13,Standard,750.0,9037.94,
CUST_04851,Lindsey,Lynch,iyoung@example.org,6875377424,56,Batna,2025-07-02,Premium,712.0,15133.460000000001,
CUST_04852,Ronald,Evans,olsonashley@example.org,(927)593-0579x6438,31,Annaba,2023-09-20,Standard,636.0,9434.25,
CUST_04853,Nicholas,Martin,iramirez@example.net,422.631.3040x051,18,Biskra,2024-02-10,Standard,561.0,8652.529999999999,
CUST_04854,Christina,Murphy,evansmichael@example.com,+1-340-535-2703x2036,-1,Sétif,2025-05-15,Standard,571.0,12800.37,
CUST_04855,Reginald,Johnston,katrinashaw@example.net,(748)612-0089,26,Oran,2023-07-15,Standard,539.0,4513.96,
CUST_04856,Monique,Gutierrez,williamfletcher@example.org,9858000919,25,Batna,2024-04-08,Premium,660.0,8655.39,
CUST_04857,Kenneth,Williams,benjamin19@example.com,001-711-717-0878x2238,26,Blida,2025-05-16,Basic,713.0,7039.03,
CUST_04858,Tyler,Douglas,steven67@example.com,6636447094,49,Constantine,2024-05-07,Premium,561.0,12576.369999999999,
CUST_04859,Brett,Sullivan,kenneth10@example.com,492-208-4122,33,Annaba,2025-01-23,Basic,524.0,9246.02,
CUST_04860,Troy,Hendrix,iclark@example.net,429-618-4612x2391,36,Batna,2024-11-15,Basic,685.0,13613.730000000001,
CUST_04861,Pamela,Harmon,jill65@example.org,702-292-6673x1678,62,Blida,2023-06-06,Premium,647.0,4315.55,
CUST_04862,Nancy,Juarez,john97@example.net,(242)739-7280x187,24,Constantine,2024-05-25,Basic,705.0,4610.870000000001,
CUST_04863,Michael,Hopkins,,391.248.1398x298,38,Biskra,2024-01-18,Standard,546.0,556.32,
CUST_04864,Kevin,Soto,reedstephanie@example.org,750.598.1814x96964,39,Annaba,2025-01-21,Standard,654.0,10420.51,
CUST_04865,Cody,Stewart,ycross@example.org,734.334.1182,24,Blida,2025-08-30,Standard,714.0,16601.86,
CUST_04866,Reginald,Norris,sparksgary@example.net,983-602-2048x728,18,Annaba,2024-10-27,Standard,748.0,45533.34,
CUST_04867,Sandra,Lee,angela62@example.org,918.241.8071,44,Tlemcen,2024-07-12,Standard,609.0,11528.25,
CUST_04868,Phillip,Brooks,stacey17@example.org,(334)925-1386,31,Batna,2024-10-16,Standard,634.0,5753.21,
CUST_04869,Robert,Brown,debbieshelton@example.com,(662)706-1943,37,Constantine,2022-12-11,Standard,540.0,14413.95,
CUST_04870,Michael,Malone,oblair@example.org,+1-654-512-4478,18,Algiers,2022-12-01,Standard,692.0,13664.88,
CUST_04871,Grace,Goodwin,heather73@example.com,753.924.4492,29,Tlemcen,2024-03-29,Standard,589.0,5231.63,
CUST_04872,Paul,Hatfield,andersonkathleen@example.org,6348222562,45,SIDI BEL ABBÈS,2024-04-14,Standard,710.0,6953.47,
CUST_04873,Christian,Long,pperez@example.org,321.916.2442x1696,29,Sétif,2022-12-26,Standard,704.0,7567.96,
CUST_04874,Tammy,Smith,brian83@example.net,766.766.6260,-1,Biskra,2025-09-17,Basic,685.0,2338.1099999999997,
CUST_04875,Megan,Gonzalez,crusso@example.org,658-245-3779x73417,40,Blida,2024-05-09,Premium,725.0,8035.710000000001,
CUST_04876,Sarah,Woodward,ashleytaylor@example.org,258.287.0432,43,Blida,2025-10-12,Basic,790.0,4995.39,
CUST_04877,Kylie,Fisher,williamsbethany@example.net,+1-665-267-3345,48,Sidi Bel Abbès,2023-03-09,Standard,514.0,4830.14,
CUST_04878,Jacqueline,Murphy,kennethle@example.com,+1-738-895-0200x529,31,Blida,2023-05-02,Standard,498.0,14347.939999999999,
CUST_04879,Debra,Martin,amy13@example.com,361.654.0012x880,34,Annaba,2023-10-10,Basic,653.0,820.31,
CUST_04880,Amanda,Thompson,jacob88@example.org,(677)422-4339x0695,32,Constantine,2023-07-15,Standard,756.0,6881.34,
CUST_04881,Andrew,Miller,,507.390.0302x2427,36,Sétif,2024-01-18,Basic,559.0,20973.4,
CUST_04882,Jessica,Gibbs,christopher80@example.net,747-484-1523,26,Biskra,2022-11-17,Standard,696.0,9857.48,
CUST_04883,helen,Massey,charlesstevenson@example.org,670.317.6931x40278,41,Tlemcen,2023-04-21,Basic,676.0,6711.79,
CUST_04884,James,Webb,,255.606.2942,29,Sidi Bel Abbès,2024-02-06,Standard,638.0,6246.92,
CUST_04885,Jesus,Hess,cobbgary@example.org,314-249-8427x78857,18,Oran,2023-03-31,Basic,678.0,6988.12,
CUST_04886,Kathleen,Duncan,hbaker@example.com,588.350.5180x9701,52,Batna,2025-09-09,Basic,733.0,10419.71,
CUST_04887,Elizabeth,Huang,ferrellfernando@example.com,(497)441-2782,42,Annaba,2023-09-22,Basic,766.0,4224.9,
CUST_04888,Howard,Hall,heatherjohnson@example.net,501.926.8213x342,49,Blida,2025-09-11,Standard,647.0,11039.55,
CUST_04889,Jeffrey,Brock,margarettaylor@example.net,627.400.6629x43972,45,Constantine,2024-03-06,Standard,697.0,2875.66,
CUST_04890,Jaime,Phillips,,552.827.7588x8714,37,Batna,2023-08-12,Standard,591.0,15459.91,
CUST_04891,Bethany,Baker,ibrown@example.net,+1-640-544-6565,50,Sétif,2025-02-02,Standard,688.0,4540.56,
CUST_04892,Timothy,Anderson,stephensjennifer@example.com,(812)810-7579x1882,26,Oran,2024-04-15,Basic,639.0,8252.34,
CUST_04893,Christopher,Walker,wyoung@example.org,4042652297,35,Sidi Bel Abbès,2025-09-24,Standard,433.0,7217.6,
CUST_04894,Jerry,Franco,william71@example.net,(682)513-3851x6631,29,Blida,2023-03-25,Basic,723.0,5403.47,
CUST_04895,Kenneth,Wilkins,droberson@example.net,677-953-4337,45,Tlemcen,2025-11-06,Basic,770.0,0.0,
CUST_04896,Diana,Lane,karen55@example.org,2952276138,31,Batna,2024-02-03,Basic,469.0,13999.09,
CUST_04897,Jonathan,Hill,amandarangel@example.net,001-282-659-9785x4555,41,Oran,2025-03-07,Basic,725.0,8558.51,
CUST_04898,amy,Tucker,bowerswilliam@example.org,(306)479-2449x3923,44,Algiers,2023-11-08,Basic,850.0,14653.17,
CUST_04899,Melissa,Williams,ugardner@example.com,9896409434,39,Sidi Bel Abbès,2024-09-24,Standard,763.0,3365.5699999999997,
CUST_04900,Jillian,Knight,robertdelacruz@example.org,458-931-4091x7147,55,Algiers,2025-10-28,Standard,641.0,5697.0,
CUST_04901,Kelsey,Oliver,joseph98@example.net,953.936.2296,25,Batna,2023-01-10,Standard,546.0,4666.64,
CUST_04902,James,Quinn,nrios@example.org,001-425-554-9041x84586,-1,Tlemcen,2023-02-04,Standard,784.0,15451.939999999999,
CUST_04903,Christine,Snyder,john14@example.com,417.201.6452x735,32,Oran,2023-07-16,Standard,548.0,15624.5,
CUST_04904,Kelly,Burgess,ywillis@example.com,(894)945-0040x177,20,Batna,2023-04-13,Standard,748.0,18246.79,
CUST_04905,Antonio,Hall,wendy11@example.com,(699)326-4408,50,Algiers,2025-10-18,Basic,591.0,30523.71,
CUST_04906,amber,Roth,,546-458-7874x76851,27,Tlemcen,2024-07-07,Standard,676.0,1567.17,
CUST_04907,Rebecca,Lee,,+1-829-582-9883x8041,43,Sidi Bel Abbès,2025-09-18,Basic,716.0,0.0,
CUST_04908,Kaitlyn,Ramos,khall@example.com,(475)984-9319x7436,18,Oran,2025-05-19,Basic,675.0,13305.52,
CUST_04909,Robin,Lara,,704.586.7828,30,Sidi Bel Abbès,2024-09-29,Basic,570.0,0.0,
CUST_04910,Nicole,Rice,rowekenneth@example.net,(523)640-2164x6671,32,Constantine,2024-09-04,Standard,624.0,4531.07,
CUST_04911,Amanda,Martinez,cindywhite@example.net,332-627-1152x357,18,Biskra,2023-03-16,Basic,456.0,6495.76,
CUST_04912,Amy,White,richardsonpaula@example.org,282-779-9140x41869,41,Sétif,2025-04-17,Premium,742.0,9475.64,
CUST_04913,Walter,Phillips,torresmichael@example.com,(465)846-0679,-1,Biskra,2024-07-04,Basic,708.0,9507.699999999999,
CUST_04914,Priscilla,Wright,alisha09@example.com,001-596-930-9567x550,41,Sétif,2024-11-04,Standard,574.0,11134.39,
CUST_04915,Rebecca,Turner,,890.307.4628,18,Oran,2023-01-11,Standard,700.0,23910.04,
CUST_04916,Mark,Smith,,566.931.6198x6405,53,Sétif,2024-03-10,Standard,559.0,8830.95,
CUST_04917,Arthur,Scott,danny61@example.org,001-352-606-0579x93412,18,Biskra,2025-08-05,Basic,467.0,3424.7799999999997,
CUST_04918,Amber,Miller,lori95@example.com,3564073771,20,Blida,2025-07-01,Standard,850.0,0.0,
CUST_04919,Yolanda,Charles,whitejasmine@example.org,(906)319-4173,20,Blida,2024-10-26,Standard,605.0,9154.65,
CUST_04920,Hailey,Walter,martha20@example.net,(510)728-3486,21,Batna,2025-07-18,Basic,644.0,231.97,
CUST_04921,Maria,Galloway,qmcgee@example.org,+1-872-995-4125x2111,42,Annaba,2025-06-11,Standard,599.0,0.0,
CUST_04922,Randall,Wood,manningsara@example.net,6043386526,46,Biskra,2025-02-05,Standard,648.0,10501.45,
CUST_04923,Russell,Bowen,stewartchristina@example.org,+1-705-884-8136x956,56,Batna,2025-10-01,Standard,676.0,3281.28,
CUST_04924,randy,Allen,vaughnangela@example.org,643-873-1676x98751,18,Blida,2025-10-04,Standard,616.0,7954.129999999999,
CUST_04925,Andrew,Rosales,robinreeves@example.org,7486280174,18,Sétif,2024-09-01,Standard,755.0,1683.04,
CUST_04926,Richard,Coleman,,423-819-9566,24,Tlemcen,2024-04-15,Premium,743.0,8968.44,
CUST_04927,Matthew,Howard,awang@example.com,001-862-219-7658,18,Biskra,2023-03-15,Standard,623.0,6754.26,
CUST_04928,Melanie,Jackson,bowmanchristopher@example.org,698.397.7270,27,Sétif,2025-10-02,Basic,637.0,11522.199999999999,
CUST_04929,victoria,Parker,xbyrd@example.com,+1-236-235-6190x62836,31,Sétif,2025-04-16,Standard,624.0,19152.28,
CUST_04930,Daniel,Patterson,bookerjeffrey@example.com,837-659-2612,43,Algiers,2023-08-28,Standard,642.0,11659.27,
CUST_04931,Scott,Kelley,,450-267-9264,21,Sidi Bel Abbès,2023-02-09,Premium,714.0,7395.75,
CUST_04932,Charles,Frey,xmcclure@example.org,308.539.7153x487,42,Blida,2025-09-04,Standard,793.0,5787.73,
CUST_04933,Crystal,Barker,ashleykent@example.net,713.249.5522x576,25,Algiers,2025-06-06,Standard,775.0,5450.4800000000005,
CUST_04934,Steven,Ramirez,mitchellmonica@example.org,+1-447-319-0574x1793,30,Batna,2023-09-21,Standard,727.0,3331.59,
CUST_04935,Kevin,Vargas,hgreen@example.net,(461)899-8905,18,Tlemcen,2025-05-19,Standard,673.0,9438.33,
CUST_04936,Anna,Davis,ajones@example.com,001-456-825-1465,26,Tlemcen,2025-03-30,Standard,756.0,22573.910000000003,
CUST_04937,John,Kim,hhorton@example.org,506.612.1268,20,Constantine,2023-07-05,Basic,668.0,2133.9300000000003,
CUST_04938,Tina,Rodriguez,rcoleman@example.org,5583749945,50,Oran,2022-12-13,Premium,709.0,27072.41,
CUST_04939,Eric,Valenzuela,clarkphillip@example.com,9745198387,37,Oran,2025-07-04,Basic,654.0,5498.43,
CUST_04940,Timothy,Stephens,jonesmarie@example.org,885.482.1062x612,19,Blida,2022-12-04,Standard,639.0,7227.200000000001,
CUST_04941,Emily,Massey,bfrey@example.org,+1-762-549-8724x95806,35,Algiers,2023-04-15,Premium,559.0,0.0,
CUST_04942,Danielle,Clark,kevin39@example.org,950.737.9703x54915,18,Oran,2025-11-06,Standard,629.0,11249.64,
CUST_04943,Jennifer,Smith,jonathan53@example.com,(800)467-7330x6655,20,Oran,2023-04-15,Standard,677.0,14752.099999999999,
CUST_04944,Cody,Owens,pturner@example.org,887-335-7000x711,28,Sidi Bel Abbès,2025-07-23,Basic,676.0,0.0,
CUST_04945,Joshua,Castro,fparsons@example.net,001-948-773-1460x104,28,Sidi Bel Abbès,2025-05-02,Standard,547.0,2401.59,
CUST_04946,James,Yates,taraguerrero@example.org,411.406.5838x5277,38,Biskra,2024-07-26,Basic,835.0,11146.49,
CUST_04947,Kristina,Peterson,lindsay12@example.net,001-824-949-4887x0934,33,Blida,2024-10-13,Standard,440.0,6108.7,
CUST_04948,Joseph,Hunter,mlarson@example.org,+1-963-966-2057x0427,38,Oran,2025-01-13,Standard,699.0,8102.92,
CUST_04949,Jacob,Ford,jamesjames@example.org,(788)881-3990x1785,20,Sétif,2023-11-09,Standard,709.0,9321.23,
CUST_04950,Eric,Smith,welchkristina@example.org,001-208-313-3241x25496,48,Annaba,2023-08-02,Premium,673.0,685.86,
CUST_04951,Kyle,Campos,petergarcia@example.org,001-987-376-7496,20,Tlemcen,2025-01-06,Premium,652.0,7283.58,
CUST_04952,Jordan,Mclean,thomasmelissa@example.org,001-593-970-0911x165,32,Sidi Bel Abbès,2025-07-26,Standard,513.0,13207.34,
CUST_04953,Justin,Mcclure,yolanda61@example.com,+1-732-683-9677x57298,18,Algiers,2024-04-04,Basic,735.0,14365.59,
CUST_04954,Daniel,Berry,peterserica@example.com,(315)629-3823,18,Oran,2025-01-21,Basic,700.0,2822.39,
CUST_04955,adam,Brewer,wrodriguez@example.com,722-706-6715,42,Sétif,2023-11-19,Standard,787.0,5328.6,
CUST_04956,Jorge,Beck,xramos@example.com,6569057236,41,Blida,2024-07-12,Basic,681.0,3095.3199999999997,
CUST_04957,Aaron,Martinez,castillorobert@example.org,001-646-623-5118x222,48,Batna,2024-06-19,Standard,578.0,8590.05,
CUST_04958,Brooke,Mckay,nataliestevens@example.org,415.517.6788,40,Batna,2023-12-11,Basic,742.0,15904.170000000002,
CUST_04959,Jeffrey,Gonzalez,ibell@example.org,(919)794-0380x978,38,Oran,2024-11-02,Standard,511.0,12745.08,
CUST_04960,Dorothy,Wright,harold38@example.com,(547)709-8636x7943,43,Tlemcen,2023-11-22,Premium,595.0,3510.3,
CUST_04961,Oscar,Hernandez,charlescarter@example.org,+1-917-422-5803,34,Sidi Bel Abbès,2024-05-14,Basic,515.0,8215.45,
CUST_04962,Chelsea,Vance,jasonortiz@example.com,001-656-291-7578,31,Oran,2023-06-24,Standard,504.0,4360.3099999999995,
CUST_04963,Paul,Patterson,,001-733-660-6602x7594,28,Constantine,2023-12-01,Standard,568.0,10670.779999999999,
CUST_04964,Jessica,Fowler,jcarpenter@example.org,001-253-908-1695x78723,38,Blida,2023-10-19,Standard,567.0,5152.94,
CUST_04965,Diana,Lawson,brandonhorne@example.com,922-306-3870,40,Batna,2025-06-16,Basic,627.0,7159.450000000001,
CUST_04966,Jacob,Fox,eharper@example.com,825-874-6415x74808,45,Annaba,2023-02-11,Standard,504.0,4934.820000000001,
CUST_04967,Jennifer,Moreno,cheryl35@example.org,(810)238-7487x16445,26,Constantine,2025-06-12,Basic,700.0,10829.99,
CUST_04968,Brian,Sparks,johnlynn@example.com,6079965891,26,Sétif,2023-12-16,Standard,665.0,16781.05,
CUST_04969,Christopher,Smith,mendozaautumn@example.net,283.679.7857,31,Sidi Bel Abbès,2023-01-11,Standard,612.0,7795.79,
CUST_04970,Samuel,Griffin,johnsonmichelle@example.com,+1-627-569-5953x41074,61,Algiers,2023-06-13,Standard,778.0,11160.56,
CUST_04971,Danielle,Cooke,acostaanthony@example.org,541.886.4223x59605,21,CONSTANTINE,2023-10-07,Standard,694.0,4855.37,
CUST_04972,William,Henry,justin82@example.net,587-912-6342x6724,34,Oran,2024-11-07,Standard,567.0,4082.4,
CUST_04973,Anthony,Lopez,plandry@example.net,689-229-0154,63,Oran,2025-01-27,Standard,549.0,26637.75,
CUST_04974,Alexander,Rivera,teresa03@example.org,+1-606-746-4173x13580,31,Sétif,2024-04-11,Standard,631.0,4350.5199999999995,
CUST_04975,frank,Donovan,erice@example.net,204-814-5174,35,Blida,2025-03-16,Standard,589.0,12618.55,
CUST_04976,Ryan,Gomez,,590-384-8539,19,Annaba,2024-10-19,Basic,541.0,31767.43,
CUST_04977,Bethany,Watson,dmiller@example.net,+1-543-965-5323x273,32,Tlemcen,2023-03-24,Standard,647.0,0.0,
CUST_04978,Alex,White,sotodavid@example.net,(366)552-8264,35,Oran,2023-04-30,Standard,666.0,9896.63,
CUST_04979,Dylan,Robinson,becky68@example.com,(744)813-2207x10842,24,Batna,2024-07-17,Premium,776.0,3479.7200000000003,
CUST_04980,sharon,Hester,kimberly81@example.com,+1-806-619-2922x142,36,Biskra,2023-09-10,Basic,616.0,8211.55,
CUST_04981,Steven,Gallagher,carl31@example.com,308-687-8346,22,Batna,2023-05-31,Basic,520.0,8596.27,
CUST_04982,John,Vega,laura43@example.com,201.770.8387x97004,18,Annaba,2023-05-28,Standard,667.0,14552.79,
CUST_04983,Jodi,Kelly,chad69@example.com,860-376-8231x457,20,Oran,2023-01-09,Basic,639.0,16481.61,
CUST_04984,Tiffany,Lopez,phillipsrichard@example.net,713-826-9717x9328,38,Blida,2025-10-17,Premium,539.0,2906.02,
CUST_04985,Tony,Jones,maria70@example.org,(639)943-6651x1227,30,Annaba,2023-01-26,Standard,702.0,9527.04,
CUST_04986,Allison,Roberts,wtaylor@example.org,+1-373-981-8556x95457,27,Batna,2023-05-17,Basic,815.0,4234.97,
CUST_04987,Christopher,Nelson,tammywilliams@example.net,427.230.7220x70534,32,CONSTANTINE,2025-10-12,Premium,692.0,7848.570000000001,
CUST_04988,Laura,Campbell,fmontoya@example.org,+1-585-519-4121x03155,24,Oran,2023-12-30,Premium,553.0,13598.56,
CUST_04989,Michael,Tate,stonebrandon@example.org,(337)479-6443,28,Algiers,2025-01-11,Standard,588.0,1334.4,
CUST_04990,Jennifer,Waller,jeremycole@example.org,303.854.8071x9993,42,Blida,2023-01-16,Premium,709.0,23372.95,
CUST_04991,Patrick,Jones,,+1-938-252-8691x4132,35,Blida,2023-08-07,Premium,731.0,8602.529999999999,
CUST_04992,Kellie,Garcia,benjaminlopez@example.org,001-811-709-3878x81295,26,Sétif,2023-06-22,Standard,732.0,2543.16,
CUST_04993,brandi,Hernandez,gabrielleserrano@example.net,868.692.9756,35,Sidi Bel Abbès,2025-02-10,Standard,733.0,3788.62,
CUST_04994,Dana,Lucas,cassie46@example.net,001-523-976-0179x4343,18,Biskra,2025-07-17,Standard,625.0,6731.8,
CUST_04995,Alexis,Nichols,westlaura@example.net,001-431-722-8683x51204,47,Sétif,2023-08-05,Standard,570.0,30578.120000000003,
CUST_04996,Kevin,Deleon,davidcombs@example.net,001-209-807-9396,25,Biskra,2024-11-07,Standard,774.0,6849.75,
CUST_04997,Eric,Stevens,smithheather@example.com,(459)896-2149,36,Oran,2025-06-12,Standard,631.0,0.0,
CUST_04998,Justin,Kelly,,(483)663-3319x3338,26,Sétif,2024-01-08,Standard,664.0,22908.98,
CUST_04999,Nicole,Blanchard,toddsanchez@example.org,+1-720-415-5067,18,Algiers,2025-05-24,Standard,547.0,5531.15,
CUST_02435,Jared,Walker,earlowens@example.com,6448806324,62,Biskra,2023-08-13,Premium,725.0,8633.1,
CUST_04508,Michael,Brown,,001-586-968-0015x6314,31,Sidi Bel Abbès,2022-12-02,Basic,717.0,19196.129999999997,
CUST_01015,Dana,Cox,greenshawn@example.com,735.635.2478x4171,44,Tlemcen,2024-03-29,Standard,559.0,10244.23,
CUST_03767,Alison,Ortiz,sean79@example.net,824.569.6492,21,Biskra,2024-09-19,Premium,676.0,10989.09,
CUST_02799,Daniel,Hernandez,hking@example.com,001-216-963-9303x22168,18,Algiers,2023-02-24,Basic,660.0,21343.920000000002,
CUST_03112,Anita,Flores,christina66@example.com,(671)469-5402x313,26,Sétif,2024-07-17,Standard,629.0,11749.47,
CUST_00354,Paula,Simpson,,677.512.1513x4228,26,Tlemcen,2025-11-09,Standard,724.0,25456.309999999998,
CUST_01645,Wendy,Johnson,harold72@example.org,299.307.6150,43,Oran,2023-02-09,Standard,741.0,59250.85,
CUST_00073,Wesley,Barnes,lisasolis@example.org,907-458-1814x124,31,Sétif,2023-02-20,Basic,552.0,24282.559999999998,
CUST_04844,Anthony,Brown,jonesdouglas@example.net,570.725.6202,18,Sétif,2023-04-02,Premium,623.0,14716.87,
CUST_04371,Tara,Garner,,(963)653-5227,39,Biskra,2025-06-10,Premium,565.0,12549.25,
CUST_04866,Reginald,Norris,sparksgary@example.net,983-602-2048x728,18,Annaba,2024-10-27,Standard,748.0,45533.34,
CUST_00350,Ricky,Thomas,theresa39@example.com,859.571.0725,28,Sétif,2024-12-27,Basic,788.0,17317.120000000003,
CUST_04886,Kathleen,Duncan,hbaker@example.com,588.350.5180x9701,52,Batna,2025-09-09,Basic,733.0,10419.71,
CUST_00414,william,Chan,qhayes@example.org,307.401.7656x36004,66,Batna,2024-11-15,Basic,703.0,19854.43,
CUST_03979,Ashlee,Sullivan,johnsonkenneth@example.com,001-576-814-9434x0501,44,Biskra,2023-03-02,Standard,755.0,10846.75,
CUST_04165,Brandy,Woods,slane@example.net,776.988.3849x16971,48,Sétif,2025-02-05,Standard,550.0,55529.92999999999,
CUST_03241,Paula,Diaz,jennifer94@example.org,767-935-9283x962,40,Sidi Bel Abbès,2023-08-26,Standard,583.0,17120.46,
CUST_00728,Peter,Love,jmedina@example.com,+1-914-616-8601x347,18,Biskra,2024-07-25,Standard,591.0,5641.76,
CUST_02893,Eric,Bell,hgonzales@example.com,255.364.4292x775,40,Tlemcen,2023-06-30,Standard,584.0,19466.7,
CUST_00069,Benjamin,Zimmerman,nwarren@example.org,(854)666-5905x151,38,Blida,2025-01-13,Standard,850.0,38790.28,
CUST_01274,Amber,Adams,fpatterson@example.net,903.402.8532,29,Sidi Bel Abbès,2025-02-15,Basic,539.0,46370.45,
CUST_01297,Jaime,Jacobs,waltersalfred@example.org,8074302426,34,Blida,2024-12-20,Standard,820.0,8398.53,
CUST_04898,amy,Tucker,bowerswilliam@example.org,(306)479-2449x3923,44,Algiers,2023-11-08,Basic,850.0,14653.17,
CUST_00627,Virginia,Hernandez,charles95@example.com,460.669.4096x00356,25,Annaba,2024-08-13,Premium,404.0,42163.62,
CUST_04174,Brandi,Henry,coopersarah@example.net,477-950-8639,46,Sidi Bel Abbès,2025-01-03,Basic,670.0,12130.96,
CUST_04905,Antonio,Hall,wendy11@example.com,(699)326-4408,50,Algiers,2025-10-18,Basic,591.0,30523.71,
CUST_02650,Michael,Simpson,randolpherin@example.net,001-927-559-6088x95869,29,Batna,2025-06-19,Standard,649.0,19209.38,
CUST_03426,Andrew,Herrera,mary55@example.org,657.364.4963x921,51,Tlemcen,2024-01-18,Standard,651.0,31895.160000000003,
CUST_03082,John,Noble,john72@example.com,608.384.8606,25,Blida,2023-10-07,Standard,651.0,9178.880000000001,
CUST_03041,Billy,Price,william65@example.net,+1-480-416-6581x366,19,CONSTANTINE,2025-09-28,Standard,728.0,17848.75,
CUST_02464,mackenzie,Parker,amanda59@example.net,897-476-3858,34,Constantine,2023-11-13,Standard,505.0,16368.35,
CUST_02234,Ashley,Perkins,eward@example.com,569-984-3663,39,Batna,2024-02-11,Standard,655.0,17448.3,
CUST_02271,Laura,Summers,alexander73@example.net,497-218-9011,28,Annaba,2025-02-19,Basic,742.0,20379.91,
CUST_00325,Kyle,Clark,colemankathryn@example.org,207-960-3108,36,Oran,2025-08-03,Standard,623.0,15901.05,
CUST_04924,randy,Allen,vaughnangela@example.org,643-873-1676x98751,18,Blida,2025-10-04,Standard,616.0,7954.129999999999,
CUST_02895,Charles,Roberts,simonjackie@example.net,877-579-3124x04938,18,Sétif,2023-04-21,Standard,673.0,13929.02,
CUST_01993,Tommy,Young,kgray@example.net,001-559-919-8174x73665,42,Biskra,2024-06-11,Basic,818.0,30929.13,
CUST_00674,Steven,Chavez,vford@example.com,+1-862-783-3339x39578,38,Blida,2023-07-04,Standard,522.0,29827.21,
CUST_01829,Amy,Taylor,jacob76@example.org,(620)421-3116x795,18,Biskra,2025-09-23,Standard,701.0,16193.65,
CUST_01287,Joshua,Rogers,colleenwilliams@example.net,804.837.6613,28,Constantine,2024-06-19,Standard,596.0,18482.41,
CUST_03600,Abigail,Waters,colinwarner@example.org,+1-696-622-9234x6718,28,Sétif,2023-02-01,Premium,660.0,9224.66,
CUST_04311,Mary,Sutton,paynenicole@example.net,744-286-3487x18329,47,Sétif,2024-11-04,Standard,629.0,6717.6900000000005,
CUST_03077,Amy,Oneill,brian48@example.net,(856)908-4695x4495,23,Sidi Bel Abbès,2023-12-12,Standard,549.0,16987.079999999998,
CUST_03083,Eric,Francis,,737.257.9015,36,Biskra,2024-07-02,Standard,607.0,14762.46,
CUST_03842,James,Underwood,angela93@example.net,001-241-337-0787x033,42,Blida,2023-01-23,Basic,661.0,23440.44,
CUST_00379,Thomas,Cortez,kathleenwagner@example.com,001-277-925-1996x63658,30,BLIDA,2024-10-19,Basic,599.0,19839.11,
CUST_00193,Marc,Keith,spetty@example.org,765-547-2269x848,25,Annaba,2023-06-29,Standard,618.0,11141.900000000001,
CUST_01921,Brenda,Kidd,dillon76@example.net,7122696250,38,Sidi Bel Abbès,2025-01-27,Standard,724.0,16342.779999999999,
CUST_00854,Julie,Lewis,ashley66@example.com,680.427.4812,31,Oran,2023-02-18,Standard,652.0,36209.53,
CUST_02183,Lisa,Hernandez,dylanyoung@example.net,(813)495-7965,42,Biskra,2022-11-19,Basic,556.0,16347.26,
CUST_02555,Amy,Cruz,tiffanyjordan@example.org,739.553.0025,18,Tlemcen,2023-11-13,Standard,680.0,39187.23,
CUST_01434,Adam,Adams,karenrichards@example.net,(891)558-5511,59,Tlemcen,2024-10-19,Standard,654.0,13252.28,
CUST_04368,Cory,Brewer,rebecca06@example.org,314.876.7300,18,Blida,2025-09-04,Standard,761.0,13942.46,
CUST_00347,James,Torres,rodriguezjohn@example.net,001-329-865-7724x29543,21,BATNA,2023-05-30,Standard,718.0,17354.699999999997,
CUST_02015,Brian,James,jose66@example.org,(973)812-5361x276,53,Constantine,2025-03-05,Premium,566.0,22726.170000000002,
CUST_02269,Adam,Clark,sethcrosby@example.net,475.287.5098x02075,64,Blida,2024-01-24,Standard,654.0,7049.38,
CUST_03273,Michelle,Rodriguez,joshuahoffman@example.org,(847)599-8441x851,40,Constantine,2024-04-22,Basic,686.0,34178.6,
CUST_03925,Christine,Giles,,704.596.2525x58031,30,TLEMCEN,2025-02-07,Standard,609.0,22269.27,
CUST_01851,Gerald,Spencer,bakerjacqueline@example.net,425-207-9669x9784,40,ALGIERS,2024-10-21,Standard,526.0,23201.8,
CUST_00590,Karen,Gonzales,swatkins@example.com,001-367-834-5957x6403,49,Sétif,2025-03-09,Basic,710.0,10465.61,
CUST_02707,William,Boyd,tkim@example.com,001-820-550-5784x6221,38,Blida,2025-03-06,Basic,757.0,12366.45,
CUST_00503,Danny,Robinson,,573-615-8477x686,41,Constantine,2023-06-16,Standard,602.0,3029.81,
CUST_01992,Lawrence,Morris,,+1-304-672-6097x9629,45,Batna,2025-09-17,Standard,602.0,33414.76,
CUST_00240,Angela,Newman,linda73@example.org,001-565-424-0778x487,42,Biskra,2023-11-28,Standard,355.0,16836.53,
CUST_00425,Patrick,Dickerson,brooke28@example.net,(946)374-7468,32,Batna,2023-04-10,Standard,614.0,10130.630000000001,
CUST_00966,Jacob,Marshall,rodriguezcynthia@example.net,(429)763-5305x970,32,Batna,2023-03-12,Standard,549.0,30341.74,
CUST_03602,Andrew,Yu,joshuadonovan@example.org,+1-447-465-2056,40,Blida,2025-02-23,Standard,726.0,20781.39,
CUST_03810,Colin,Horne,andrew76@example.com,5349700826,44,Blida,2024-11-17,Standard,613.0,12571.29,
CUST_00579,Jesse,Robinson,douglasalvarez@example.org,810-828-7675x48138,34,Sétif,2024-12-25,Standard,795.0,28729.510000000002,
CUST_01431,Amanda,Wang,jessica33@example.org,001-258-872-3836,51,Algiers,2025-04-02,Premium,845.0,5877.92,
CUST_00660,Amanda,Daugherty,wigginsrita@example.net,(392)672-8270x908,18,Blida,2023-03-10,Premium,758.0,4521.6,
CUST_04658,Amanda,Hughes,qharrington@example.com,(459)935-2385x71212,39,Algiers,2023-03-20,Basic,678.0,12514.03,
CUST_03470,Alison,Dillon,wguerra@example.org,939-512-5525x00308,34,Sidi Bel Abbès,2025-06-21,Basic,479.0,18057.620000000003,
CUST_00679,Colton,Williams,ekennedy@example.org,001-309-757-9927x07955,34,Oran,2023-05-25,Standard,524.0,24546.230000000003,
CUST_02504,Sara,Tucker,stran@example.com,(211)467-0062,33,Oran,2025-05-02,Premium,608.0,8512.16,
CUST_04504,Jason,Hansen,iolson@example.com,+1-999-400-9749x9375,55,Sidi Bel Abbès,2025-07-06,Standard,741.0,4005.34,
CUST_03765,Michelle,Smith,gomezanthony@example.com,708-316-5359,25,Batna,2024-10-17,Basic,850.0,27306.49,
CUST_00858,Timothy,Grant,bruce99@example.org,316.769.0632x248,18,Batna,2023-08-25,Standard,558.0,6105.42,
CUST_04922,Randall,Wood,manningsara@example.net,6043386526,46,Biskra,2025-02-05,Standard,648.0,10501.45,
CUST_00394,Christopher,Brown,bennettpamela@example.net,320-270-4961,25,Biskra,2023-01-08,Premium,650.0,9393.16,
CUST_00068,Latoya,Huang,kstout@example.net,759.378.2071,36,Biskra,2024-10-20,Standard,634.0,9394.96,
CUST_02995,Jessica,Ellis,johnnywells@example.net,001-861-674-0353x005,29,Oran,2025-06-07,Standard,665.0,23696.77,
CUST_01391,Nicholas,Flores,olsonmichael@example.com,001-494-434-3687x7156,18,Algiers,2025-05-09,Standard,698.0,20352.52,
CUST_04771,Misty,Glass,kwillis@example.org,928.341.8894x69584,38,Annaba,2025-08-14,Premium,534.0,21750.94,
CUST_04679,Melissa,Morrow,wallersandra@example.net,865-603-2077x2615,19,Tlemcen,2023-07-20,Premium,819.0,14604.64,
CUST_00820,Michael,Martinez,sethvance@example.net,244-390-2950x2648,49,Sétif,2023-09-09,Premium,650.0,13714.0,
CUST_00238,Jon,Little,michaelwilliams@example.net,313.865.0249,18,Annaba,2022-11-21,Standard,776.0,7994.95,
CUST_03511,Logan,Berry,alexanderandrea@example.org,+1-527-815-2273x7226,51,Oran,2025-09-01,Standard,624.0,19760.72,
CUST_04023,Jessica,Owen,vincentsnyder@example.com,(643)634-7720,37,Blida,2023-08-01,Premium,738.0,7192.9400000000005,
CUST_03669,Sarah,Smith,jonessarah@example.net,589-681-8432x44574,36,Constantine,2023-10-23,Basic,801.0,34231.59,
CUST_03637,Michael,Williams,fred35@example.net,702-816-9806x813,35,Annaba,2024-12-01,Standard,670.0,25348.73,
CUST_03606,Travis,Arnold,emily47@example.com,(638)802-6709,18,Oran,2024-07-14,Standard,730.0,8155.5199999999995,
CUST_01291,Randy,Parsons,stevemorales@example.net,(526)966-7880,18,Sétif,2023-02-13,Standard,807.0,15101.57,
CUST_01358,William,Allen,jennifer53@example.net,965-235-2326x60004,39,Tlemcen,2025-01-27,Standard,680.0,10359.59,
CUST_04238,Caleb,Thomas,brian38@example.org,304-490-9873x133,18,Batna,2025-11-08,Standard,566.0,14568.84,
CUST_01486,Pamela,Allen,cassidy99@example.com,(625)529-6444,34,Sétif,2025-03-01,Standard,,23001.07,
CUST_00139,Derrick,Ayala,darlenebyrd@example.org,390.492.7532x69731,38,Oran,2024-08-19,Standard,692.0,12990.380000000001,
CUST_00524,James,Richards,carterantonio@example.com,466.861.4494,29,Batna,2025-04-11,Standard,471.0,16891.08,
CUST_02539,Laura,Moon,dana05@example.net,559.750.2424x263,23,Constantine,2023-07-18,Standard,464.0,28546.2,
CUST_04419,William,May,teresalawrence@example.org,316-228-1672x79664,50,Algiers,2023-01-30,Basic,839.0,9170.64,
CUST_04821,Karen,Robinson,scook@example.org,(594)420-7542x55234,42,Blida,2023-02-10,Basic,682.0,21377.89,
CUST_03210,Justin,Gonzales,gsharp@example.net,682-471-5131,38,Biskra,2024-07-18,Standard,658.0,15706.07,
CUST_03593,Cynthia,Warren,wesleylang@example.org,001-731-819-6764x75833,31,Sétif,2023-08-08,Premium,631.0,14194.98,
CUST_02973,Jeffery,Conner,milesdawn@example.net,001-575-594-1447x72045,20,Sidi Bel Abbès,2025-01-21,Basic,664.0,37435.090000000004,
CUST_00442,Jason,Brock,jillsmith@example.net,001-912-466-2015,38,Algiers,2023-03-20,Standard,671.0,28401.18,
CUST_00423,Adam,Kane,mckaybrett@example.org,321.829.8338,21,Sidi Bel Abbès,2023-10-19,Standard,827.0,9950.94,
CUST_01586,Ann,Clay,matthewthompson@example.org,(218)808-2267,50,Sétif,2024-02-06,Basic,850.0,12934.439999999999,
CUST_01988,Robert,Beck,,(250)272-8310x185,33,Biskra,2024-04-21,Standard,850.0,22690.420000000002,
CUST_03523,Robyn,Padilla,susan75@example.com,583.250.6541,50,SIDI BEL ABBÈS,2024-10-13,Standard,590.0,18060.61,
CUST_00281,Leslie,Hudson,samantha65@example.org,001-209-286-2405,18,Biskra,2025-04-29,Standard,729.0,35192.05,
CUST_02054,William,Sanders,,(241)861-1954,45,Constantine,2025-01-30,Standard,706.0,13097.18,
CUST_04081,Joel,Alvarez,lewischad@example.net,828.987.5257,36,Batna,2025-08-28,Standard,597.0,20870.07,
CUST_04711,Rebecca,Krause,fleblanc@example.net,676-214-7027,41,Blida,2024-08-18,Basic,553.0,11815.61,
CUST_02683,Bruce,Garcia,christopher13@example.net,8303766170,45,Sétif,2024-12-02,Standard,745.0,8345.31,
CUST_03174,Christopher,Trujillo,erindelacruz@example.org,6885887641,32,Sidi Bel Abbès,2025-07-21,Standard,748.0,14017.8,
CUST_00787,Heather,Lester,,+1-576-492-0828,18,Annaba,2025-08-03,Standard,683.0,32653.7,
CUST_02459,Jaclyn,Webb,xjacobs@example.org,921-478-9406,20,Tlemcen,2024-02-22,Standard,681.0,13691.24,
CUST_01472,Cody,Morris,sjohnson@example.org,8476486794,48,Biskra,2023-08-15,Basic,594.0,41131.17,
CUST_01329,David,Ramirez,agibbs@example.com,318.898.1061x73563,27,Annaba,2025-05-08,Standard,627.0,30791.89,
CUST_01931,desiree,Holden,henryshaffer@example.com,640.911.4997,19,Batna,2023-09-06,Basic,710.0,18960.02,
CUST_04606,Tom,Gordon,ashleyestrada@example.org,303-560-7377x1506,29,Biskra,2023-01-05,Basic,582.0,2608.78,
CUST_01351,Charles,Jenkins,zacharyroberts@example.org,001-468-906-3585x30101,-1,Biskra,2024-08-06,Premium,574.0,23639.07,
CUST_03707,Sonya,Burns,andrew78@example.net,+1-973-574-8052x17020,53,Tlemcen,2025-05-31,Premium,816.0,11321.33,
CUST_02499,Christopher,Logan,wilsonjerry@example.com,+1-252-933-1432x417,18,Oran,2023-04-19,Basic,547.0,22267.19,
CUST_02563,James,Jacobson,pnavarro@example.net,771.948.4544x30074,54,Sidi Bel Abbès,2024-04-08,Premium,546.0,18947.01,
CUST_02645,Gregory,Warner,gomezmatthew@example.org,287.562.6023x564,45,Algiers,2024-09-24,Standard,680.0,38378.43,
CUST_03404,Robert,Walls,sara27@example.org,(345)428-3240x230,23,Constantine,2025-07-04,Standard,471.0,15701.460000000001,
CUST_04805,Katie,Turner,,+1-773-935-1155x241,46,Sidi Bel Abbès,2024-08-27,Standard,684.0,25243.989999999998,
CUST_02564,Kelly,Wong,rachel51@example.net,816.533.2533,59,Algiers,2023-11-11,Standard,692.0,18772.559999999998,
CUST_00543,Kevin,Richardson,misty38@example.com,588-610-5697x41328,28,Biskra,2023-07-01,Standard,584.0,4600.19,
CUST_01447,Lisa,Leonard,phillip11@example.net,+1-325-351-2538x078,32,Annaba,2025-05-01,Standard,673.0,24094.74,
CUST_03461,Justin,Castaneda,ajones@example.com,884-704-3800x866,50,Biskra,2025-09-23,Standard,714.0,14784.029999999999,
CUST_00612,Thomas,Gonzales,eric22@example.net,864-930-3942x9045,26,Tlemcen,2025-07-25,Standard,644.0,27152.32,
CUST_03835,Allison,Gonzales,acasey@example.com,976-882-9967x28241,36,Biskra,2025-08-18,Standard,658.0,16021.380000000001,
CUST_04527,Kyle,Velazquez,allenramirez@example.com,228-259-5252x9242,20,Blida,2023-04-28,Basic,850.0,10998.69,
CUST_02593,Michael,Stevens,greendevin@example.com,(443)850-9455x7314,37,Sétif,2023-05-25,Standard,598.0,31090.11,
CUST_02632,Paul,King,,+1-204-251-9908x18733,18,Constantine,2024-05-05,Premium,540.0,30387.94,
CUST_02429,Shannon,Hall,nathanielbrown@example.org,(719)256-9320,30,Sétif,2025-01-18,Standard,485.0,18848.600000000002,
CUST_02033,Jeremy,Wilson,sheila29@example.org,(629)572-5401,31,Biskra,2024-11-30,Basic,744.0,10117.630000000001,
CUST_04251,Monica,Jones,dianeyoung@example.net,(731)790-1076x2378,18,Sétif,2024-03-31,Basic,685.0,22069.63,
CUST_02351,Emily,Livingston,kimberlywhitaker@example.net,940-309-9812,38,Tlemcen,2023-04-09,Standard,756.0,13446.2,
CUST_04781,Cory,Payne,susanreyes@example.net,001-227-808-6502x1360,56,Algiers,2024-07-19,Basic,615.0,15941.310000000001,
CUST_02294,Kelly,Parsons,ashleyguerrero@example.org,+1-929-983-5844x8012,57,Oran,2023-04-09,Standard,781.0,19725.44,
CUST_02500,Wesley,Ingram,vallen@example.net,690.681.3220x8220,29,Biskra,2023-09-29,Standard,603.0,12873.15,
CUST_04837,John,Pierce,christopher58@example.org,513.584.2873,18,Algiers,2024-03-08,Standard,736.0,28375.25,
CUST_00605,gregory,Moore,wpierce@example.org,(994)655-1588x86367,31,Sidi Bel Abbès,2023-05-03,Premium,772.0,25416.8,
CUST_03267,Maria,Carson,ingramtaylor@example.net,293.298.5676,40,Blida,2023-05-29,Basic,741.0,25749.9,
CUST_00440,Nicholas,Zavala,eric33@example.net,001-702-876-4208x6567,24,Sétif,2023-01-29,Standard,726.0,18223.51,
CUST_02912,Erica,Gardner,angelawatson@example.org,(800)621-5638x366,37,Annaba,2024-02-01,Basic,593.0,28731.23,
CUST_03654,Cassandra,Hansen,ricesusan@example.com,513-563-5431,37,Oran,2023-02-21,Premium,759.0,22484.15,
CUST_00968,Nancy,Mcmahon,julie44@example.org,991-669-9939x3449,34,Annaba,2024-08-03,Premium,656.0,5583.03,
CUST_04780,Sherri,Hernandez,zlee@example.org,(814)523-5443x240,66,Constantine,2024-05-30,Standard,643.0,7290.56,
CUST_04820,Justin,Little,ashleygraves@example.org,(804)442-1851x203,46,Sétif,2025-10-28,Basic,777.0,15033.93,
CUST_03603,David,Brown,drakemary@example.net,271.804.5826,33,Algiers,2025-06-28,Standard,555.0,9878.900000000001,
CUST_03442,Francis,Jenkins,,(988)470-6410x80910,18,Tlemcen,2024-09-15,Premium,540.0,18581.07,
CUST_04568,Darrell,Benson,danielfranklin@example.com,001-615-953-8846x9753,27,Annaba,2024-01-08,Standard,617.0,14645.15,
CUST_03634,Dustin,Smith,,614-431-4013x9887,33,Tlemcen,2023-12-20,Standard,581.0,35020.27,
CUST_04432,Angela,Malone,dpugh@example.com,485-529-8675x542,18,Tlemcen,2023-05-17,Basic,721.0,7088.2,
CUST_04609,Sarah,Hudson,teresa30@example.org,+1-751-294-6878x713,28,Annaba,2024-11-24,Premium,850.0,7316.96,
CUST_01235,Jennifer,Bryant,wpowell@example.net,(665)304-6070x014,27,Annaba,2022-11-17,Standard,574.0,14316.8,
CUST_00609,Evelyn,Russell,eatkins@example.com,781-898-0770x460,24,Biskra,2024-10-01,Standard,663.0,17277.98,
CUST_01464,Melissa,Campbell,eric22@example.com,001-982-348-8631x373,27,Blida,2023-12-19,Standard,667.0,28591.809999999998,
CUST_02090,Jared,Mendoza,smithbryan@example.org,001-649-302-3743x26924,23,Biskra,2022-11-16,Basic,9999.0,13061.039999999999,
CUST_03573,Debra,Webster,reyesjohn@example.net,(417)888-8816,59,Sétif,2025-09-04,Premium,719.0,26614.06,
CUST_04692,Deanna,Morrow,karen03@example.org,+1-405-895-3250x85804,23,Sidi Bel Abbès,2023-04-15,Basic,783.0,28551.0,
CUST_00901,Patrick,Davis,loweryjoe@example.net,753-619-8074x6823,44,Sétif,2025-06-18,Basic,498.0,2793.7999999999997,
CUST_01862,Patricia,Lopez,,001-791-671-6033x308,40,Blida,2023-02-15,Premium,647.0,7316.62,
CUST_00856,Michael,James,cochranjill@example.org,599.952.9701,58,Oran,2023-04-16,Standard,551.0,13225.28,
CUST_01011,Melissa,Martinez,,+1-747-504-7476x4845,43,Tlemcen,2024-03-05,Standard,646.0,9613.66,
CUST_03196,Courtney,Perez,martinezdiana@example.org,423.367.9082x1352,42,Oran,2023-02-03,Standard,471.0,6531.8,
CUST_01250,Valerie,Weiss,maddoxdavid@example.org,001-428-204-8502,29,Sétif,2023-02-24,Premium,754.0,9060.939999999999,
CUST_01443,Donna,Williams,gregory31@example.com,+1-579-620-6754x939,27,Annaba,2024-11-30,Basic,702.0,29184.149999999998,
CUST_01697,Robert,Kennedy,kempbonnie@example.org,(618)830-2426,36,Biskra,2025-03-20,Standard,513.0,52826.81,
CUST_04915,Rebecca,Turner,,890.307.4628,18,Oran,2023-01-11,Standard,700.0,23910.04,
CUST_02257,Paul,Johnson,reginald69@example.com,+1-200-619-2331x524,41,Oran,2025-08-24,Standard,710.0,3612.96,
CUST_00028,Shawn,Rogers,aramirez@example.com,270-580-5310,18,ANNABA,2025-05-19,Basic,668.0,28573.2,
CUST_04707,Jessica,Ryan,martinezrichard@example.net,(355)595-6923,57,Oran,2025-07-09,Standard,670.0,15420.82,
CUST_03879,Shawn,Potter,amandaburgess@example.org,593.972.5956x16898,53,Batna,2022-12-01,Standard,646.0,12795.74,
CUST_03195,Matthew,Delacruz,greenpatricia@example.com,001-732-855-8613x3330,42,Oran,2025-04-14,Premium,697.0,39773.51,
CUST_02456,Donald,Craig,sandersamber@example.net,+1-894-358-0284x5718,32,Tlemcen,2024-11-08,Premium,675.0,13755.140000000001,
CUST_02289,Ann,Lawrence,michael82@example.com,(377)433-1258,35,Biskra,2025-08-07,Premium,611.0,16784.13,
CUST_04039,Tracy,Black,tracyanderson@example.com,225-692-7976,18,Algiers,2023-05-30,Standard,785.0,6562.99,
CUST_02947,Kaitlin,Salas,darrell33@example.com,+1-202-410-3770,51,Annaba,2025-05-04,Standard,479.0,23575.25,
CUST_04715,Michelle,Davis,,+1-500-298-6780x0013,42,Annaba,2023-09-25,Premium,594.0,15662.77,
CUST_01761,George,Holmes,anthony75@example.org,981.997.3544x2524,40,Sidi Bel Abbès,2024-04-23,Standard,582.0,2036.1799999999998,
CUST_02409,Fred,Clark,martinezshawn@example.com,556-673-2383x68414,33,Blida,2024-01-16,Standard,602.0,22241.05,
CUST_02597,Bethany,Mills,qmcmahon@example.net,(403)434-2995x0867,23,Sétif,2024-11-07,Basic,481.0,18726.65,
CUST_03802,Rebecca,Santiago,courtney39@example.net,001-374-622-5779x83042,25,Batna,2023-06-24,Basic,465.0,14615.38,
CUST_02099,William,Wood,fbridges@example.org,900.517.4931x7560,58,Algiers,2023-06-02,Standard,637.0,12830.669999999998,
CUST_01282,William,Reeves,travis19@example.org,549-867-9146,51,Sétif,2025-06-03,Basic,850.0,15376.02,
CUST_03761,Brittany,Ramsey,carlawhite@example.net,001-956-500-6420x92259,24,TLEMCEN,2025-04-23,Standard,756.0,18217.920000000002,
CUST_00990,Melissa,Bush,calebday@example.org,(412)815-4815,61,Biskra,2024-02-12,Standard,538.0,20938.22,
CUST_02959,Anna,Hunt,,233-373-1402x9030,22,Algiers,2023-07-13,Standard,681.0,16724.96,
CUST_02027,Joshua,Mcclure,,(873)441-5910x660,18,Annaba,2025-01-04,Basic,749.0,21282.58,
CUST_04108,Bryan,Brown,qrowe@example.net,+1-229-704-5057x32663,45,Sétif,2023-04-27,Premium,536.0,27781.02,
CUST_00253,Misty,Wilkins,cooperlinda@example.com,970.453.8338x848,18,Algiers,2023-12-29,Standard,629.0,19967.98,
CUST_04818,Shaun,Avila,,001-711-955-3901,29,Annaba,2024-01-24,Basic,648.0,19949.79,
CUST_00294,Jessica,Waters,mosleyeduardo@example.net,9069425690,42,Sétif,2024-01-28,Basic,496.0,11370.76,
CUST_00803,Bailey,Rodriguez,jeremiah68@example.com,509-926-3223x99821,24,Blida,2023-11-14,Standard,583.0,26149.37,
CUST_01601,Jacob,Thomas,,759-663-7439x63994,41,Algiers,2023-06-20,Standard,735.0,14816.65,
CUST_03921,Monica,Bradley,nguyensteven@example.net,001-699-315-5728x768,29,Biskra,2025-02-18,Basic,725.0,13160.16,
CUST_00849,Krystal,Roy,glenware@example.com,001-787-497-8889x75358,27,Annaba,2024-10-10,Standard,599.0,10124.33,
CUST_04134,Christopher,Jackson,deborah90@example.com,001-901-527-2419x7502,25,ANNABA,2024-07-10,Premium,525.0,24250.47,
CUST_03305,Amanda,Anderson,nguyenjeffrey@example.com,(560)201-1812,37,Sidi Bel Abbès,2023-07-02,Basic,701.0,40744.38,
CUST_02543,Trevor,Riggs,,684-446-5771x37153,36,Sidi Bel Abbès,2024-05-15,Basic,468.0,8486.16,
CUST_03788,Joshua,Garcia,nicholeevans@example.com,001-628-950-6967x206,18,BLIDA,2022-11-17,Basic,774.0,12032.189999999999,
CUST_04464,Ethan,Ramirez,elizabeth90@example.org,001-937-702-4024x187,31,Tlemcen,2025-08-26,Basic,722.0,5513.75,
CUST_01487,Jessica,Graham,wigginsnicole@example.org,933-306-4098x0587,-1,BATNA,2023-10-25,Premium,850.0,16765.51,
CUST_01952,Felicia,Jones,sheenaballard@example.com,001-353-422-2470x81014,53,Tlemcen,2025-01-09,Premium,566.0,7755.05,
CUST_00397,Karen,Collins,dylanparker@example.com,550-589-2038x8065,25,ANNABA,2025-03-21,Standard,678.0,19675.56,
CUST_01409,Brianna,Miller,,+1-706-349-0970x342,35,Tlemcen,2024-03-19,Standard,574.0,29488.71,
CUST_04246,Danny,Michael,dbowman@example.com,424-695-4767x192,18,Sidi Bel Abbès,2024-06-26,Standard,549.0,15830.39,
CUST_03887,diana,Williams,hwilson@example.com,596.882.2983,32,Tlemcen,2023-01-31,Basic,728.0,18634.2,
CUST_00449,Christopher,King,jbentley@example.net,814.435.9892,40,Batna,2025-11-03,Standard,653.0,13629.470000000001,
CUST_02902,Heather,Wade,tylergarcia@example.net,632.257.5921x2303,41,Batna,2024-02-04,Standard,709.0,15595.839999999998,
CUST_04641,Nathaniel,Horton,williamspamela@example.com,(714)312-2580x4849,20,Oran,2022-11-15,Premium,728.0,16657.52,
CUST_01228,Julie,Jones,wrightdrew@example.org,885-248-4203x531,48,Sidi Bel Abbès,2024-07-23,Standard,631.0,4039.33,
CUST_03663,Gabriel,Allen,,(970)459-2501,34,ALGIERS,2024-02-03,Standard,751.0,36003.75,
CUST_01457,Jason,Townsend,polson@example.org,+1-931-467-8719x26154,22,Algiers,2025-06-02,Basic,686.0,16153.71,
CUST_03796,Michael,Cooper,myersnancy@example.org,+1-754-267-2390x441,28,Sidi Bel Abbès,2023-01-27,Standard,595.0,2715.2400000000002,
CUST_01402,Terri,Cooper,uyoung@example.com,001-341-328-8669,35,Constantine,2024-11-17,Standard,539.0,12835.310000000001,
CUST_03855,Ashley,Leach,tmcneil@example.org,226.978.2827x59876,31,Tlemcen,2024-07-11,Basic,576.0,24690.11,
CUST_02200,Paige,Bell,,(526)225-1049x4617,52,Batna,2024-11-10,Standard,518.0,10026.11,
CUST_01099,Donna,Suarez,leslie24@example.org,721.315.3550,29,Blida,2023-06-30,Premium,479.0,14523.67,
CUST_00472,Daniel,Smith,andersonkayla@example.com,(490)901-8513,34,Tlemcen,2025-07-17,Standard,703.0,9191.279999999999,
CUST_02319,Mitchell,Black,keithflores@example.com,616-427-4351,55,Biskra,2025-04-30,Basic,605.0,12752.67,
CUST_03406,Kevin,Martinez,qpetersen@example.net,+1-819-928-3249x5110,-1,ALGIERS,2024-11-29,Standard,9999.0,22969.38,
CUST_04790,Sarah,Blackwell,pamelaconner@example.net,+1-514-580-4054x127,42,Blida,2025-10-03,Standard,682.0,14217.98,
CUST_01790,Noah,Smith,robert93@example.net,816-745-7677,30,Sidi Bel Abbès,2025-01-08,Standard,460.0,23619.74,
CUST_04526,Crystal,Compton,gburton@example.org,273-789-1455,38,Sétif,2024-10-14,Standard,745.0,41414.88,
CUST_03966,Terri,Pena,baldwineric@example.org,571-543-8401x1540,34,BATNA,2024-09-13,Standard,708.0,23220.94,
CUST_00572,Daniel,Collins,,+1-923-579-3126,18,Algiers,2025-03-02,Standard,850.0,12616.7,
CUST_00127,Shaun,Jones,patrickdarin@example.com,+1-812-438-2825x8673,29,Constantine,2024-10-13,Standard,807.0,27381.71,
CUST_02302,Jose,Pena,claychristopher@example.net,8553875302,45,Blida,2025-01-08,Premium,681.0,18029.56,
CUST_01466,Kristin,Marks,rivaslisa@example.net,(556)692-4768,18,Oran,2025-10-08,Standard,,17801.09,
CUST_00862,Eddie,Johnson,mccannjanet@example.com,938-506-7130,29,Batna,2023-02-07,Standard,803.0,19128.29,
CUST_03458,Bill,Cooper,patricia58@example.net,799-718-9034x77449,37,Annaba,2024-12-22,Standard,603.0,26264.15,
CUST_02816,John,Spencer,andrewknight@example.org,+1-822-502-4176x6970,56,Biskra,2023-05-05,Basic,658.0,13251.4,
CUST_01733,Carolyn,Riley,hooverjessica@example.net,001-292-713-5347,48,Algiers,2025-04-23,Premium,771.0,15036.060000000001,
CUST_02946,Sabrina,Rocha,lindsaymalone@example.com,808.578.8752,38,Constantine,2023-05-12,Standard,497.0,17311.73,
CUST_03374,Frank,Santos,david23@example.net,278.870.0098x545,34,TLEMCEN,2023-06-24,Premium,795.0,16747.81,
CUST_02212,James,Fischer,gmontgomery@example.org,001-882-996-5612x06464,45,Sétif,2023-08-23,Basic,666.0,13872.36,
CUST_04683,Tiffany,Davis,clarkshawn@example.com,942.217.6979,44,Tlemcen,2024-09-17,Standard,587.0,22363.170000000002,
CUST_00557,Renee,Mccoy,eroberts@example.net,(729)981-2099,32,Sétif,2023-10-29,Standard,588.0,22911.27,
CUST_03961,James,Johnston,katrinawoodard@example.com,901.355.9720x56522,57,Tlemcen,2023-04-12,Standard,697.0,8521.880000000001,
CUST_03381,Kevin,Potter,lvazquez@example.com,001-417-790-6081,50,Sidi Bel Abbès,2025-06-06,Basic,602.0,20942.67,
CUST_01419,Michael,Peterson,williamtyler@example.org,(569)234-8540,36,Tlemcen,2024-05-21,Standard,617.0,7610.469999999999,
CUST_04550,Amanda,Silva,timothyprice@example.org,855-851-9513x222,24,Batna,2022-12-28,Standard,728.0,17540.43,
CUST_02139,Nicole,Henderson,alopez@example.com,203-656-5748,32,Annaba,2024-05-02,Basic,665.0,24791.100000000002,
